customer_id,credit_score,country,gender,age,tenure,balance,products_number,credit_card,active_member,estimated_salary,churn,has_zero_balance,age_group,tenure_group,inactive_with_one_product,credit_score_band
15634602,619,France,Female,42,2,0.0,1,yes,yes,101348.88,yes,yes,35-44,1-2,no,Fair
15647311,608,Spain,Female,41,1,83807.86,1,no,yes,112542.58,no,no,35-44,1-2,no,Fair
15619304,502,France,Female,42,8,159660.8,3,yes,no,113931.57,yes,no,35-44,6-10,no,Poor
15701354,699,France,Female,39,1,0.0,2,no,no,93826.63,no,yes,35-44,1-2,no,Good
15737888,850,Spain,Female,43,2,125510.82,1,yes,yes,79084.1,no,no,35-44,1-2,no,Excellent
15574012,645,Spain,Male,44,8,113755.78,2,yes,no,149756.71,yes,no,35-44,6-10,no,Fair
15592531,822,France,Male,50,7,0.0,2,yes,yes,10062.8,no,yes,45-54,6-10,no,Excellent
15656148,376,Germany,Female,29,4,115046.74,4,yes,no,119346.88,yes,no,25-34,3-5,no,Poor
15792365,501,France,Male,44,4,142051.07,2,no,yes,74940.5,no,no,35-44,3-5,no,Poor
15592389,684,France,Male,27,2,134603.88,1,yes,yes,71725.73,no,no,25-34,1-2,no,Good
15767821,528,France,Male,31,6,102016.72,2,no,no,80181.12,no,no,25-34,6-10,no,Poor
15737173,497,Spain,Male,24,3,0.0,2,yes,no,76390.01,no,yes,<25,3-5,no,Poor
15632264,476,France,Female,34,10,0.0,2,yes,no,26260.98,no,yes,25-34,6-10,no,Poor
15691483,549,France,Female,25,5,0.0,2,no,no,190857.79,no,yes,<25,3-5,no,Poor
15600882,635,Spain,Female,35,7,0.0,2,yes,yes,65951.65,no,yes,25-34,6-10,no,Fair
15643966,616,Germany,Male,45,3,143129.41,2,no,yes,64327.26,no,no,35-44,3-5,no,Fair
15737452,653,Germany,Male,58,1,132602.88,1,yes,no,5097.67,yes,no,55-64,1-2,yes,Fair
15788218,549,Spain,Female,24,9,0.0,2,yes,yes,14406.41,no,yes,<25,6-10,no,Poor
15661507,587,Spain,Male,45,6,0.0,1,no,no,158684.81,no,yes,35-44,6-10,yes,Fair
15568982,726,France,Female,24,6,0.0,2,yes,yes,54724.03,no,yes,<25,6-10,no,Good
15577657,732,France,Male,41,8,0.0,2,yes,yes,170886.17,no,yes,35-44,6-10,no,Good
15597945,636,Spain,Female,32,8,0.0,2,yes,no,138555.46,no,yes,25-34,6-10,no,Fair
15699309,510,Spain,Female,38,4,0.0,1,yes,no,118913.53,yes,yes,35-44,3-5,yes,Poor
15725737,669,France,Male,46,3,0.0,2,no,yes,8487.75,no,yes,45-54,3-5,no,Fair
15625047,846,France,Female,38,5,0.0,1,yes,yes,187616.16,no,yes,35-44,3-5,no,Excellent
15738191,577,France,Male,25,3,0.0,2,no,yes,124508.29,no,yes,<25,3-5,no,Poor
15736816,756,Germany,Male,36,2,136815.64,1,yes,yes,170041.95,no,no,35-44,1-2,no,Very Good
15700772,571,France,Male,44,9,0.0,2,no,no,38433.35,no,yes,35-44,6-10,no,Poor
15728693,574,Germany,Female,43,3,141349.43,1,yes,yes,100187.43,no,no,35-44,3-5,no,Poor
15656300,411,France,Male,29,0,59697.17,2,yes,yes,53483.21,no,no,25-34,0,no,Poor
15589475,591,Spain,Female,39,3,0.0,3,yes,no,140469.38,yes,yes,35-44,3-5,no,Fair
15706552,533,France,Male,36,7,85311.7,1,no,yes,156731.91,no,no,35-44,6-10,no,Poor
15750181,553,Germany,Male,41,9,110112.54,2,no,no,81898.81,no,no,35-44,6-10,no,Poor
15659428,520,Spain,Female,42,6,0.0,2,yes,yes,34410.55,no,yes,35-44,6-10,no,Poor
15732963,722,Spain,Female,29,9,0.0,2,yes,yes,142033.07,no,yes,25-34,6-10,no,Good
15794171,475,France,Female,45,0,134264.04,1,yes,no,27822.99,yes,no,35-44,0,yes,Poor
15788448,490,Spain,Male,31,3,145260.23,1,no,yes,114066.77,no,no,25-34,3-5,no,Poor
15729599,804,Spain,Male,33,7,76548.6,1,no,yes,98453.45,no,no,25-34,6-10,no,Excellent
15717426,850,France,Male,36,7,0.0,1,yes,yes,40812.9,no,yes,35-44,6-10,no,Excellent
15585768,582,Germany,Male,41,6,70349.48,2,no,yes,178074.04,no,no,35-44,6-10,no,Fair
15619360,472,Spain,Male,40,4,0.0,1,yes,no,70154.22,no,yes,35-44,3-5,yes,Poor
15738148,465,France,Female,51,8,122522.32,1,no,no,181297.65,yes,no,45-54,6-10,yes,Poor
15687946,556,France,Female,61,2,117419.35,1,yes,yes,94153.83,no,no,55-64,1-2,no,Poor
15755196,834,France,Female,49,2,131394.56,1,no,no,194365.76,yes,no,45-54,1-2,yes,Excellent
15684171,660,Spain,Female,61,5,155931.11,1,yes,yes,158338.39,no,no,55-64,3-5,no,Fair
15754849,776,Germany,Female,32,4,109421.13,2,yes,yes,126517.46,no,no,25-34,3-5,no,Very Good
15602280,829,Germany,Female,27,9,112045.67,1,yes,yes,119708.21,yes,no,25-34,6-10,no,Excellent
15771573,637,Germany,Female,39,9,137843.8,1,yes,yes,117622.8,yes,no,35-44,6-10,no,Fair
15766205,550,Germany,Male,38,2,103391.38,1,no,yes,90878.13,no,no,35-44,1-2,no,Poor
15771873,776,Germany,Female,37,2,103769.22,2,yes,no,194099.12,no,no,35-44,1-2,no,Very Good
15616550,698,Germany,Male,44,10,116363.37,2,yes,no,198059.16,no,no,35-44,6-10,no,Good
15768193,585,Germany,Male,36,5,146050.97,2,no,no,86424.57,no,no,35-44,3-5,no,Fair
15683553,788,France,Female,33,5,0.0,2,no,no,116978.19,no,yes,25-34,3-5,no,Very Good
15702298,655,Germany,Male,41,8,125561.97,1,no,no,164040.94,yes,no,35-44,6-10,yes,Fair
15569590,601,Germany,Male,42,1,98495.72,1,yes,no,40014.76,yes,no,35-44,1-2,yes,Fair
15760861,619,France,Male,43,1,125211.92,1,yes,yes,113410.49,no,no,35-44,1-2,no,Fair
15630053,656,France,Male,45,5,127864.4,1,yes,no,87107.57,no,no,35-44,3-5,yes,Fair
15647091,725,Germany,Male,19,0,75888.2,1,no,no,45613.75,no,no,<25,0,yes,Good
15623944,511,Spain,Female,66,4,0.0,1,yes,no,1643.11,yes,yes,65+,3-5,yes,Poor
15804771,614,France,Male,51,4,40685.92,1,yes,yes,46775.28,no,no,45-54,3-5,no,Fair
15651280,742,Germany,Male,35,5,136857.0,1,no,no,84509.57,no,no,25-34,3-5,yes,Very Good
15773469,687,Germany,Female,27,9,152328.88,2,no,no,126494.82,no,no,25-34,6-10,no,Good
15702014,555,Spain,Male,33,1,56084.69,2,no,no,178798.13,no,no,25-34,1-2,no,Poor
15751208,684,Spain,Male,56,8,78707.16,1,yes,yes,99398.36,no,no,55-64,6-10,no,Good
15592461,603,Germany,Male,26,4,109166.37,1,yes,yes,92840.67,no,no,25-34,3-5,no,Fair
15789484,751,Germany,Female,36,6,169831.46,2,yes,yes,27758.36,no,no,35-44,6-10,no,Very Good
15696061,581,Germany,Female,34,1,101633.04,1,yes,no,110431.51,no,no,25-34,1-2,yes,Fair
15641582,735,Germany,Male,43,10,123180.01,2,yes,yes,196673.28,no,no,35-44,6-10,no,Good
15638424,661,Germany,Female,35,5,150725.53,2,no,yes,113656.85,no,no,25-34,3-5,no,Fair
15755648,675,France,Female,21,8,98373.26,1,yes,no,18203.0,no,no,<25,6-10,yes,Good
15703793,738,Germany,Male,58,2,133745.44,4,yes,no,28373.86,yes,no,55-64,1-2,no,Good
15620344,813,France,Male,29,6,0.0,1,yes,no,33953.87,no,yes,25-34,6-10,yes,Excellent
15812518,657,Spain,Female,37,0,163607.18,1,no,yes,44203.55,no,no,35-44,0,no,Fair
15779052,604,Germany,Female,25,5,157780.84,2,yes,yes,58426.81,no,no,<25,3-5,no,Fair
15770811,519,France,Male,36,9,0.0,2,no,yes,145562.4,no,yes,35-44,6-10,no,Poor
15780961,735,France,Female,21,1,178718.19,2,yes,no,22388.0,no,no,<25,1-2,no,Good
15614049,664,France,Male,55,8,0.0,2,yes,yes,139161.64,no,yes,45-54,6-10,no,Fair
15662085,678,France,Female,32,9,0.0,1,yes,yes,148210.64,no,yes,25-34,6-10,no,Good
15575185,757,Spain,Male,33,5,77253.22,1,no,yes,194239.63,no,no,25-34,3-5,no,Very Good
15803136,416,Germany,Female,41,10,122189.66,2,yes,no,98301.61,no,no,35-44,6-10,no,Poor
15706021,665,France,Female,34,1,96645.54,2,no,no,171413.66,no,no,25-34,1-2,no,Fair
15663706,777,France,Female,32,2,0.0,1,yes,no,136458.19,yes,yes,25-34,1-2,yes,Very Good
15641732,543,France,Female,36,3,0.0,2,no,no,26019.59,no,yes,35-44,3-5,no,Poor
15701164,506,France,Female,34,4,90307.62,1,yes,yes,159235.29,no,no,25-34,3-5,no,Poor
15738751,493,France,Female,46,4,0.0,2,yes,no,1907.66,no,yes,45-54,3-5,no,Poor
15805254,652,Spain,Female,75,10,0.0,2,yes,yes,114675.75,no,yes,65+,6-10,no,Fair
15762418,750,Spain,Male,22,3,121681.82,1,yes,no,128643.35,yes,no,<25,3-5,yes,Very Good
15625759,729,France,Male,30,9,0.0,2,yes,no,151869.35,no,yes,25-34,6-10,no,Good
15622897,646,France,Female,46,4,0.0,3,yes,no,93251.42,yes,yes,45-54,3-5,no,Fair
15767954,635,Germany,Female,28,3,81623.67,2,yes,yes,156791.36,no,no,25-34,3-5,no,Fair
15757535,647,Spain,Female,44,5,0.0,3,yes,yes,174205.22,yes,yes,35-44,3-5,no,Fair
15731511,808,France,Male,45,7,118626.55,2,yes,no,147132.46,no,no,35-44,6-10,no,Excellent
15809248,524,France,Female,36,10,0.0,2,yes,no,109614.57,no,yes,35-44,6-10,no,Poor
15640635,769,France,Male,29,8,0.0,2,yes,yes,172290.61,no,yes,25-34,6-10,no,Very Good
15676966,730,Spain,Male,42,4,0.0,2,no,yes,85982.47,no,yes,35-44,3-5,no,Good
15699461,515,Spain,Male,35,10,176273.95,1,no,yes,121277.78,no,no,25-34,6-10,no,Poor
15738721,773,Spain,Male,41,9,102827.44,1,no,yes,64595.25,no,no,35-44,6-10,no,Very Good
15693683,814,Germany,Male,29,8,97086.4,2,yes,yes,197276.13,no,no,25-34,6-10,no,Excellent
15604348,710,Spain,Male,22,8,0.0,2,no,no,99645.04,no,yes,<25,6-10,no,Good
15633059,413,France,Male,34,9,0.0,2,no,no,6534.18,no,yes,25-34,6-10,no,Poor
15808582,665,France,Female,40,6,0.0,1,yes,yes,161848.03,no,yes,35-44,6-10,no,Fair
15743192,623,France,Female,44,6,0.0,2,no,no,167162.43,no,yes,35-44,6-10,no,Fair
15580146,738,France,Male,31,9,82674.15,1,yes,no,41970.72,no,no,25-34,6-10,yes,Good
15776605,528,Spain,Male,36,7,0.0,2,yes,no,60536.56,no,yes,35-44,6-10,no,Poor
15804919,670,Spain,Female,65,1,0.0,1,yes,yes,177655.68,yes,yes,55-64,1-2,no,Fair
15613854,622,Spain,Female,46,4,107073.27,2,yes,yes,30984.59,yes,no,45-54,3-5,no,Fair
15599195,582,Germany,Male,32,1,88938.62,1,yes,yes,10054.53,no,no,25-34,1-2,no,Fair
15812878,785,Germany,Female,36,2,99806.85,1,no,yes,36976.52,no,no,35-44,1-2,no,Very Good
15602312,605,Spain,Male,33,5,150092.8,1,no,no,71862.79,no,no,25-34,3-5,yes,Fair
15744689,479,Germany,Male,35,9,92833.89,1,yes,no,99449.86,yes,no,25-34,6-10,yes,Poor
15803526,685,Germany,Male,30,3,90536.81,1,no,yes,63082.88,no,no,25-34,3-5,no,Good
15665790,538,Germany,Male,39,7,108055.1,2,yes,no,27231.26,no,no,35-44,6-10,no,Poor
15715951,562,France,Male,42,2,100238.35,1,no,no,86797.41,no,no,35-44,1-2,yes,Poor
15591100,675,Spain,Male,36,9,106190.55,1,no,yes,22994.32,no,no,35-44,6-10,no,Good
15609618,721,Germany,Male,28,9,154475.54,2,no,yes,101300.94,yes,no,25-34,6-10,no,Good
15675522,628,Germany,Female,30,9,132351.29,2,yes,yes,74169.13,no,no,25-34,6-10,no,Fair
15705512,668,Germany,Female,37,6,167864.4,1,yes,no,115638.29,no,no,35-44,6-10,yes,Fair
15698028,506,France,Female,41,1,0.0,2,yes,no,31766.3,no,yes,35-44,1-2,no,Poor
15661670,524,Germany,Female,31,8,107818.63,1,yes,no,199725.39,yes,no,25-34,6-10,yes,Poor
15600781,699,Germany,Male,34,4,185173.81,2,yes,no,120834.48,no,no,25-34,3-5,no,Good
15682472,828,France,Male,34,8,129433.34,2,no,no,38131.77,no,no,25-34,6-10,no,Excellent
15580203,674,Spain,Male,39,6,120193.42,1,no,no,100130.95,no,no,35-44,6-10,yes,Good
15690673,656,France,Female,39,6,0.0,2,yes,no,141069.88,no,yes,35-44,6-10,no,Fair
15760085,684,Germany,Female,48,10,126384.42,1,yes,yes,198129.36,no,no,45-54,6-10,no,Good
15779659,625,France,Female,28,3,0.0,1,no,no,183646.41,no,yes,25-34,3-5,yes,Fair
15627360,432,France,Male,42,9,152603.45,1,yes,no,110265.24,yes,no,35-44,6-10,yes,Poor
15671137,549,France,Female,52,1,0.0,1,no,yes,8636.05,yes,yes,45-54,1-2,no,Poor
15782688,625,Germany,Male,56,0,148507.24,1,yes,no,46824.08,yes,no,55-64,0,yes,Fair
15575492,828,France,Female,41,7,0.0,2,yes,no,171378.77,no,yes,35-44,6-10,no,Excellent
15591607,770,France,Male,24,9,101827.07,1,yes,no,167256.35,no,no,<25,6-10,yes,Very Good
15740404,758,France,Female,34,3,0.0,2,yes,yes,124226.16,no,yes,25-34,3-5,no,Very Good
15718369,795,Germany,Female,33,9,130862.43,1,yes,yes,114935.21,no,no,25-34,6-10,no,Very Good
15677871,687,France,Male,38,9,122570.87,1,yes,yes,35608.88,no,no,35-44,6-10,no,Good
15642004,686,France,Male,25,1,0.0,2,no,yes,16459.37,no,yes,<25,1-2,no,Good
15712543,789,Germany,Male,39,7,124828.46,2,yes,yes,124411.08,no,no,35-44,6-10,no,Very Good
15584518,589,Germany,Female,50,5,144895.05,2,yes,yes,34941.23,no,no,45-54,3-5,no,Fair
15802381,461,Germany,Female,34,5,63663.93,1,no,yes,167784.28,no,no,25-34,3-5,no,Poor
15610156,637,France,Male,40,2,133463.1,1,no,yes,93165.34,no,no,35-44,1-2,no,Fair
15594408,584,Spain,Female,48,2,213146.2,1,yes,no,75161.25,yes,no,45-54,1-2,yes,Fair
15640905,579,Spain,Female,35,1,129490.36,2,no,yes,8590.83,yes,no,25-34,1-2,no,Poor
15698932,756,Germany,Male,44,10,137452.09,1,yes,no,189543.9,no,no,35-44,6-10,yes,Very Good
15724944,663,France,Male,34,7,0.0,2,yes,yes,180427.24,no,yes,25-34,6-10,no,Fair
15628145,682,France,Female,43,5,125851.93,1,yes,yes,193318.33,no,no,35-44,3-5,no,Good
15713483,793,Spain,Male,52,2,0.0,1,yes,no,159123.82,yes,yes,45-54,1-2,yes,Very Good
15612350,691,France,Female,31,5,40915.55,1,yes,no,126213.84,yes,no,25-34,3-5,yes,Good
15800703,485,Spain,Female,21,5,113157.22,1,yes,yes,54141.5,no,no,<25,3-5,no,Poor
15705707,635,Spain,Female,29,8,138296.94,2,yes,no,141075.51,no,no,25-34,6-10,no,Fair
15754105,650,France,Male,37,5,106967.18,1,no,no,24495.03,no,no,35-44,3-5,yes,Fair
15703264,735,France,Male,44,9,120681.63,1,yes,no,74836.34,no,no,35-44,6-10,yes,Good
15794413,416,France,Male,32,0,0.0,2,no,yes,878.87,no,yes,25-34,0,no,Poor
15650237,754,Spain,Female,32,7,0.0,2,yes,no,89520.75,no,yes,25-34,6-10,no,Very Good
15759618,535,France,Female,48,9,0.0,1,yes,no,149892.79,yes,yes,45-54,6-10,yes,Poor
15811589,716,Spain,Male,42,8,0.0,2,yes,no,180800.42,no,yes,35-44,6-10,no,Good
15689044,539,France,Male,37,2,127609.59,1,yes,no,98646.22,no,no,35-44,1-2,yes,Poor
15709368,614,France,Female,43,6,0.0,2,yes,yes,109041.53,no,yes,35-44,6-10,no,Fair
15679145,706,Spain,Male,57,7,0.0,1,yes,no,17941.16,yes,yes,55-64,6-10,yes,Good
15655007,758,France,Female,33,7,0.0,2,no,no,82996.47,no,yes,25-34,6-10,no,Very Good
15623595,586,Spain,Female,28,2,0.0,2,yes,yes,92067.35,no,yes,25-34,1-2,no,Fair
15589975,646,France,Female,73,6,97259.25,1,no,yes,104719.66,no,no,65+,6-10,no,Fair
15804017,631,Germany,Female,33,4,123246.7,1,no,no,112687.57,no,no,25-34,3-5,yes,Fair
15692132,717,Spain,Female,22,6,101060.25,1,no,yes,84699.56,no,no,<25,6-10,no,Good
15641122,684,France,Male,30,2,0.0,2,yes,no,83473.82,no,yes,25-34,1-2,no,Good
15630910,800,France,Female,49,7,108007.36,1,no,no,47125.11,no,no,45-54,6-10,yes,Very Good
15680772,721,Spain,Female,36,2,0.0,2,yes,yes,106977.8,no,yes,35-44,1-2,no,Good
15658929,683,Spain,Male,29,0,133702.89,1,yes,no,55582.54,yes,no,25-34,0,yes,Good
15585388,660,Germany,Male,31,9,125189.75,2,yes,yes,139874.43,no,no,25-34,6-10,no,Fair
15724623,704,Germany,Female,24,7,113034.22,1,yes,no,162503.48,yes,no,<25,6-10,yes,Good
15588537,615,Spain,Female,41,9,109013.23,1,yes,no,196499.96,no,no,35-44,6-10,yes,Fair
15574692,667,Spain,Female,39,2,0.0,2,yes,no,40721.24,yes,yes,35-44,1-2,no,Fair
15611325,682,Germany,Male,24,9,57929.81,2,no,no,53134.3,no,no,<25,6-10,no,Good
15587562,484,France,Female,29,4,130114.39,1,yes,no,164017.89,no,no,25-34,3-5,yes,Poor
15613172,628,Germany,Male,27,5,95826.49,2,yes,no,155996.96,no,no,25-34,3-5,no,Fair
15651022,480,Germany,Male,44,10,129608.57,1,yes,no,5472.7,yes,no,35-44,6-10,yes,Poor
15586310,578,France,Male,30,4,169462.09,1,yes,no,112187.11,no,no,25-34,3-5,yes,Poor
15625524,512,France,Male,40,5,0.0,2,yes,yes,146457.83,no,yes,35-44,3-5,no,Poor
15755209,484,Spain,Female,35,7,133868.21,1,yes,yes,27286.1,no,no,25-34,6-10,no,Poor
15645248,510,France,Female,30,0,0.0,2,yes,yes,130553.47,no,yes,25-34,0,no,Poor
15790355,606,Germany,Male,36,5,190479.48,2,no,no,179351.89,no,no,35-44,3-5,no,Fair
15762615,597,Spain,Female,40,8,101993.12,1,no,yes,94774.12,no,no,35-44,6-10,no,Fair
15625426,754,Germany,Female,55,3,161608.81,1,yes,no,8080.85,yes,no,45-54,3-5,yes,Very Good
15716334,850,Spain,Female,45,2,122311.21,1,yes,yes,19482.5,no,no,35-44,1-2,no,Excellent
15789669,510,France,Male,65,2,0.0,2,yes,yes,48071.61,no,yes,55-64,1-2,no,Poor
15621075,778,Germany,Female,45,1,162150.42,2,yes,no,174531.27,no,no,35-44,1-2,no,Very Good
15810845,636,France,Male,42,2,0.0,2,yes,yes,55470.78,no,yes,35-44,1-2,no,Fair
15719377,804,France,Female,50,4,0.0,1,yes,yes,8546.87,yes,yes,45-54,3-5,no,Excellent
15654506,514,France,Male,32,8,0.0,2,yes,no,95857.18,no,yes,25-34,6-10,no,Poor
15771977,730,France,Female,39,1,99010.67,1,yes,no,194945.8,no,no,35-44,1-2,yes,Good
15708710,525,Spain,Female,37,0,0.0,1,no,yes,131521.72,no,yes,35-44,0,no,Poor
15726676,616,Spain,Male,30,5,0.0,2,no,yes,196108.51,no,yes,25-34,3-5,no,Fair
15587421,687,Germany,Female,34,7,111388.18,2,yes,no,148564.76,no,no,25-34,6-10,no,Good
15726931,715,France,Female,41,8,56214.85,2,no,no,92982.61,yes,no,35-44,6-10,no,Good
15771086,512,France,Female,36,3,84327.77,2,yes,no,17675.36,no,no,35-44,3-5,no,Poor
15756850,479,France,Male,40,1,0.0,2,no,no,114996.43,no,yes,35-44,1-2,no,Poor
15702741,601,France,Male,32,8,93012.89,1,yes,no,86957.42,no,no,25-34,6-10,yes,Fair
15679200,580,Spain,Male,29,9,61710.44,2,yes,no,128077.8,no,no,25-34,6-10,no,Poor
15594815,807,France,Male,35,3,174790.15,1,yes,yes,600.36,no,no,25-34,3-5,no,Excellent
15635905,616,Spain,Female,32,6,0.0,2,yes,yes,43001.46,no,yes,25-34,6-10,no,Fair
15777892,721,Germany,Male,37,3,107720.64,1,yes,yes,158591.12,no,no,35-44,3-5,no,Good
15656176,501,France,Male,57,10,0.0,2,yes,yes,47847.19,no,yes,55-64,6-10,no,Poor
15811127,521,France,Male,35,6,96423.84,1,yes,no,10488.44,no,no,25-34,6-10,yes,Poor
15604482,850,Spain,Male,30,2,141040.01,1,yes,yes,5978.2,no,no,25-34,1-2,no,Excellent
15622911,759,France,Male,42,4,105420.18,1,no,yes,121409.06,no,no,35-44,3-5,no,Very Good
15600974,516,Spain,Male,50,5,0.0,1,no,yes,146145.93,yes,yes,45-54,3-5,no,Poor
15727868,711,France,Female,38,2,129022.06,2,yes,yes,14374.86,yes,no,35-44,1-2,no,Good
15627801,512,Spain,Male,33,3,176666.62,1,yes,no,94670.77,no,no,25-34,3-5,yes,Poor
15773039,550,France,Male,37,3,0.0,1,yes,yes,179670.31,no,yes,35-44,3-5,no,Poor
15755262,608,Spain,Female,41,3,89763.84,1,no,no,199304.74,yes,no,35-44,3-5,yes,Fair
15679531,618,France,Male,34,5,134954.53,1,yes,yes,151954.39,no,no,25-34,3-5,no,Fair
15684181,643,France,Male,45,5,0.0,1,yes,no,142513.5,yes,yes,35-44,3-5,yes,Fair
15612087,671,France,Male,45,2,106376.85,1,no,yes,158264.62,no,no,35-44,1-2,no,Good
15752047,689,Germany,Male,33,2,161814.64,2,yes,no,169381.9,no,no,25-34,1-2,no,Good
15624592,603,France,Male,31,8,0.0,2,yes,yes,169915.02,no,yes,25-34,6-10,no,Fair
15573152,620,France,Female,41,9,0.0,2,no,no,88852.47,no,yes,35-44,6-10,no,Fair
15594917,676,France,Female,34,1,63095.01,1,yes,yes,40645.81,no,no,25-34,1-2,no,Good
15785542,572,Germany,Male,26,4,118287.01,2,no,no,60427.3,no,no,25-34,3-5,no,Poor
15723488,668,Germany,Male,47,7,106854.21,1,no,yes,157959.02,yes,no,45-54,6-10,no,Fair
15680920,695,France,Male,46,7,49512.55,1,yes,no,133007.34,no,no,45-54,6-10,yes,Good
15786308,730,Spain,Female,33,9,0.0,2,no,no,176576.62,no,yes,25-34,6-10,no,Good
15659366,807,France,Male,43,1,105799.32,2,yes,no,34888.04,yes,no,35-44,1-2,no,Excellent
15774854,592,France,Male,54,8,0.0,1,yes,yes,28737.71,yes,yes,45-54,6-10,no,Fair
15725311,726,France,Female,31,9,114722.05,2,yes,yes,98178.57,no,no,25-34,6-10,no,Good
15787155,514,Spain,Male,30,7,0.0,1,no,yes,125010.24,no,yes,25-34,6-10,no,Poor
15727829,567,France,Male,42,2,0.0,2,yes,yes,167984.61,no,yes,35-44,1-2,no,Poor
15733247,850,France,Male,33,10,0.0,1,yes,no,4861.72,yes,yes,25-34,6-10,yes,Excellent
15568748,671,Germany,Male,45,6,99564.22,1,yes,yes,108872.45,yes,no,35-44,6-10,no,Good
15699029,670,France,Male,37,4,170557.91,2,yes,no,198252.88,no,no,35-44,3-5,no,Fair
15774393,694,France,Female,30,9,0.0,2,yes,yes,26960.31,no,yes,25-34,6-10,no,Good
15676895,547,Germany,Female,39,6,74596.15,3,yes,yes,85746.52,yes,no,35-44,6-10,no,Poor
15637753,751,Germany,Male,50,2,96888.39,1,yes,no,77206.25,yes,no,45-54,1-2,yes,Very Good
15605461,594,Germany,Female,29,3,130830.22,1,yes,no,61048.53,no,no,25-34,3-5,yes,Fair
15808473,673,France,Male,72,1,0.0,2,no,yes,111981.19,no,yes,65+,1-2,no,Good
15627000,610,France,Male,40,0,0.0,2,yes,no,62232.6,no,yes,35-44,0,no,Fair
15787174,512,France,Female,37,1,0.0,2,no,yes,156105.03,no,yes,35-44,1-2,no,Poor
15723886,767,Germany,Male,20,3,119714.25,2,no,yes,150135.38,no,no,<25,3-5,no,Very Good
15704769,585,France,Female,67,5,113978.97,2,no,yes,93146.11,no,no,65+,3-5,no,Fair
15772896,763,Germany,Male,42,6,100160.75,1,yes,no,33462.94,yes,no,35-44,6-10,yes,Very Good
15711540,712,France,Female,29,2,0.0,1,yes,yes,144375.0,no,yes,25-34,1-2,no,Good
15764866,539,Germany,Female,43,3,116220.5,3,yes,no,55803.96,yes,no,35-44,3-5,no,Poor
15794056,668,France,Female,46,2,0.0,3,yes,no,89048.46,yes,yes,45-54,1-2,no,Fair
15795149,703,France,Male,28,2,81173.83,2,no,yes,162812.16,no,no,25-34,1-2,no,Good
15812009,662,Spain,Male,38,4,0.0,2,yes,no,136259.65,no,yes,35-44,3-5,no,Fair
15651001,725,Germany,Female,39,5,116803.8,1,yes,no,124052.97,no,no,35-44,3-5,yes,Good
15813844,703,France,Male,37,8,105961.68,2,no,yes,74158.8,no,no,35-44,6-10,no,Good
15596175,659,Germany,Male,67,6,117411.6,1,yes,yes,45071.09,yes,no,65+,6-10,no,Fair
15576269,523,Spain,Male,34,7,0.0,2,yes,no,62030.06,no,yes,25-34,6-10,no,Poor
15797219,635,France,Female,40,10,123497.58,1,yes,no,131953.23,yes,no,35-44,6-10,yes,Fair
15685500,772,Germany,Male,26,7,152400.51,2,yes,no,79414.0,no,no,25-34,6-10,no,Very Good
15599792,545,France,Female,26,1,0.0,2,yes,yes,199638.56,no,yes,25-34,1-2,no,Poor
15657566,634,Germany,Male,24,8,103097.85,1,yes,yes,157577.29,no,no,<25,6-10,no,Fair
15772423,739,Germany,Male,54,8,126418.14,1,yes,no,134420.75,yes,no,45-54,6-10,yes,Good
15628112,771,Germany,Female,36,5,77846.9,1,no,no,99805.99,no,no,35-44,3-5,yes,Very Good
15753754,587,Spain,Female,34,1,0.0,2,yes,yes,97932.68,no,yes,25-34,1-2,no,Fair
15793726,681,France,Female,79,0,0.0,2,no,yes,170968.99,no,yes,65+,0,no,Good
15694717,544,Germany,Male,37,2,79731.91,1,yes,yes,57558.95,no,no,35-44,1-2,no,Poor
15665834,696,Spain,Male,28,8,0.0,1,no,no,176713.47,no,yes,25-34,6-10,yes,Good
15765297,766,Spain,Male,41,0,0.0,2,no,yes,34283.23,no,yes,35-44,0,no,Very Good
15636684,727,France,Male,34,10,0.0,2,yes,yes,198637.34,no,yes,25-34,6-10,no,Good
15592979,671,Germany,Female,34,6,37266.67,2,no,no,156917.12,no,no,25-34,6-10,no,Good
15750803,693,France,Female,30,6,127992.25,1,yes,yes,50457.2,no,no,25-34,6-10,no,Good
15607178,850,Germany,Male,38,3,54901.01,1,yes,yes,140075.55,no,no,35-44,3-5,no,Excellent
15713853,732,Germany,Male,42,9,108748.08,2,yes,yes,65323.11,no,no,35-44,6-10,no,Good
15673481,726,Spain,Female,48,6,99906.19,1,yes,no,64323.24,no,no,45-54,6-10,yes,Good
15686776,557,France,Female,32,6,184686.41,2,yes,no,14956.44,no,no,25-34,6-10,no,Poor
15673693,682,France,Female,26,0,110654.02,1,no,yes,111879.21,no,no,25-34,0,no,Good
15700696,738,Spain,Male,31,9,79019.8,1,yes,yes,18606.23,no,no,25-34,6-10,no,Good
15813163,531,Spain,Female,36,9,99240.51,1,yes,no,123137.01,no,no,35-44,6-10,yes,Poor
15653857,498,France,Male,34,2,0.0,2,yes,yes,148528.24,no,yes,25-34,1-2,no,Poor
15777076,651,France,Male,36,7,0.0,2,yes,no,13898.31,no,yes,35-44,6-10,no,Fair
15717398,549,Spain,Female,39,7,0.0,1,no,no,81259.25,yes,yes,35-44,6-10,yes,Poor
15799217,791,Germany,Female,35,7,52436.2,1,yes,no,161051.75,no,no,25-34,6-10,yes,Very Good
15787071,650,Spain,Male,41,9,0.0,2,no,yes,191599.67,no,yes,35-44,6-10,no,Fair
15619955,733,Germany,Male,34,3,100337.96,3,yes,no,48559.19,yes,no,25-34,3-5,no,Good
15796505,811,Germany,Female,34,1,149297.19,2,yes,yes,186339.74,no,no,25-34,1-2,no,Excellent
15725166,707,France,Male,30,8,0.0,2,yes,no,33159.37,no,yes,25-34,6-10,no,Good
15800116,712,Germany,Male,28,4,145605.44,1,no,yes,93883.53,no,no,25-34,3-5,no,Good
15758685,706,Spain,Female,37,7,0.0,2,yes,yes,110899.3,no,yes,35-44,6-10,no,Good
15694456,756,France,Male,62,3,0.0,1,yes,yes,11199.04,yes,yes,55-64,3-5,no,Very Good
15767339,777,France,Female,53,10,0.0,2,yes,no,189992.97,no,yes,45-54,6-10,no,Very Good
15683562,646,France,Male,35,6,84026.86,1,no,yes,164255.69,no,no,25-34,6-10,no,Fair
15782210,714,France,Male,46,1,0.0,1,yes,no,152167.79,yes,yes,45-54,1-2,yes,Good
15668893,782,France,Male,39,8,0.0,2,yes,yes,33949.67,no,yes,35-44,6-10,no,Very Good
15669169,775,Spain,Male,29,10,0.0,2,yes,yes,68143.93,no,yes,25-34,6-10,no,Very Good
15643024,479,Germany,Male,35,4,138718.92,1,yes,yes,47251.79,yes,no,25-34,3-5,no,Poor
15699389,807,France,Male,42,7,118274.71,1,yes,yes,25885.72,no,no,35-44,6-10,no,Excellent
15708608,799,France,Female,22,8,174185.98,2,no,yes,192633.85,no,no,<25,6-10,no,Very Good
15626144,675,France,Male,40,7,113208.86,2,yes,no,34577.36,no,no,35-44,6-10,no,Good
15573112,602,Spain,Male,29,5,103907.28,1,yes,no,161229.84,no,no,25-34,3-5,yes,Fair
15790678,475,France,Female,32,8,119023.28,1,yes,no,100816.29,no,no,25-34,6-10,yes,Poor
15727556,744,Spain,Female,26,5,166297.89,1,yes,yes,181694.44,no,no,25-34,3-5,no,Very Good
15697307,588,Spain,Male,34,10,0.0,2,yes,no,79078.91,no,yes,25-34,6-10,no,Fair
15652266,703,Germany,Male,42,9,63227.0,1,no,yes,137316.32,no,no,35-44,6-10,no,Good
15607098,747,Spain,Female,41,5,94521.17,2,yes,no,194926.86,no,no,35-44,3-5,no,Very Good
15655774,583,France,Male,27,7,0.0,2,yes,no,51285.49,no,yes,25-34,6-10,no,Fair
15590241,750,Spain,Female,34,9,112822.26,1,no,no,150401.53,yes,no,25-34,6-10,yes,Very Good
15785819,681,France,Male,38,3,0.0,2,yes,yes,112491.96,no,yes,35-44,3-5,no,Good
15723654,773,France,Male,25,2,135903.33,1,yes,no,73656.38,no,no,<25,1-2,yes,Very Good
15774510,714,France,Female,31,4,125169.26,1,yes,yes,106636.89,no,no,25-34,3-5,no,Good
15684173,687,Spain,Female,44,7,0.0,3,yes,no,155853.52,yes,yes,35-44,6-10,no,Good
15650068,511,France,Male,58,0,149117.31,1,yes,yes,162599.51,no,no,55-64,0,no,Poor
15811490,627,France,Male,33,5,0.0,2,yes,yes,103737.82,no,yes,25-34,3-5,no,Fair
15803976,694,France,Female,31,10,0.0,2,yes,no,160990.27,no,yes,25-34,6-10,no,Good
15682541,616,Spain,Female,36,6,132311.71,1,no,no,15462.84,no,no,35-44,6-10,yes,Fair
15695699,687,France,Male,35,8,0.0,2,yes,no,10334.05,no,yes,25-34,6-10,no,Good
15624188,712,France,Female,33,6,0.0,2,yes,yes,190686.16,no,yes,25-34,6-10,no,Good
15812191,553,France,Male,33,4,118082.89,1,no,no,94440.45,no,no,25-34,3-5,yes,Poor
15636673,667,France,Male,31,1,119266.69,1,yes,yes,28257.63,no,no,25-34,1-2,no,Fair
15594898,731,France,Male,43,2,0.0,1,yes,yes,170034.95,yes,yes,35-44,1-2,no,Good
15660211,629,Germany,Male,35,7,156847.29,2,yes,no,31824.29,no,no,25-34,6-10,no,Fair
15773972,614,France,Male,50,4,137104.47,1,yes,no,127166.49,yes,no,45-54,3-5,yes,Fair
15746726,438,Germany,Male,31,8,78398.69,1,yes,no,44937.01,no,no,25-34,6-10,yes,Poor
15712287,652,France,Female,80,4,0.0,2,yes,yes,188603.07,no,yes,65+,3-5,no,Fair
15702919,729,Germany,Male,30,6,63669.42,1,yes,no,145111.37,no,no,25-34,6-10,yes,Good
15674398,642,France,Male,38,3,0.0,2,no,no,171463.83,no,yes,35-44,3-5,no,Fair
15797960,806,Germany,Female,59,0,135296.33,1,yes,no,182822.5,no,no,55-64,0,yes,Excellent
15631868,744,Spain,Male,36,2,153804.44,1,yes,yes,87213.33,no,no,35-44,1-2,no,Very Good
15581539,474,Spain,Male,37,3,0.0,2,no,no,57175.32,no,yes,35-44,3-5,no,Poor
15662736,559,France,Male,49,2,147069.78,1,yes,no,120540.83,yes,no,45-54,1-2,yes,Poor
15666252,706,Spain,Male,42,9,0.0,2,yes,yes,28714.34,no,yes,35-44,6-10,no,Good
15677512,628,Spain,Female,22,3,0.0,1,yes,no,85426.28,no,yes,<25,3-5,yes,Fair
15626114,429,France,Male,24,4,95741.75,1,yes,no,46170.75,no,no,<25,3-5,yes,Poor
15810834,525,Spain,Female,57,2,145965.33,1,yes,yes,64448.36,no,no,55-64,1-2,no,Poor
15678910,680,France,Female,30,8,141441.75,1,yes,yes,16278.97,no,no,25-34,6-10,no,Good
15694408,749,France,Male,40,1,139290.41,1,yes,no,182855.42,yes,no,35-44,1-2,yes,Very Good
15585215,763,France,Female,31,4,0.0,2,no,no,50404.72,no,yes,25-34,3-5,no,Very Good
15682757,734,France,Male,30,3,0.0,2,yes,no,107640.25,no,yes,25-34,3-5,no,Good
15736601,716,France,Male,35,4,144428.87,1,yes,no,134132.65,no,no,25-34,3-5,yes,Good
15601848,594,France,Male,35,2,0.0,2,yes,no,103480.69,no,yes,25-34,1-2,no,Fair
15736008,644,France,Female,46,9,95441.27,1,yes,no,108761.05,yes,no,45-54,6-10,yes,Fair
15669064,671,Germany,Male,35,1,144848.74,1,yes,yes,179012.3,no,no,25-34,1-2,no,Good
15624528,664,Germany,Male,26,7,116244.14,2,yes,yes,95145.14,no,no,25-34,6-10,no,Fair
15598493,656,France,Male,50,7,0.0,2,no,yes,72143.44,no,yes,45-54,6-10,no,Fair
15601274,667,Spain,Female,40,1,146502.07,1,yes,no,19162.89,no,no,35-44,1-2,yes,Fair
15702669,663,Germany,Male,44,2,117028.6,2,no,yes,144680.18,no,no,35-44,1-2,no,Fair
15728669,584,Germany,Female,30,8,112013.81,1,yes,no,177772.03,yes,no,25-34,6-10,yes,Fair
15742668,626,Spain,Female,37,6,108269.37,1,yes,no,5597.94,no,no,35-44,6-10,yes,Fair
15697441,485,France,Male,29,7,182123.79,1,yes,no,116828.51,yes,no,25-34,6-10,yes,Poor
15740476,659,Germany,Female,32,3,150923.74,2,no,yes,174652.51,no,no,25-34,3-5,no,Fair
15648064,649,France,Male,33,2,0.0,2,yes,no,2010.98,no,yes,25-34,1-2,no,Fair
15636624,805,Spain,Female,39,5,165272.13,1,yes,no,14109.85,yes,no,35-44,3-5,yes,Excellent
15807923,716,Germany,Female,39,10,115301.31,1,yes,no,43527.4,yes,no,35-44,6-10,yes,Good
15745844,642,Germany,Female,40,6,129502.49,2,no,yes,86099.23,yes,no,35-44,6-10,no,Fair
15786170,659,France,Male,31,4,118342.26,1,no,no,161574.19,no,no,25-34,3-5,yes,Fair
15681081,545,Spain,Female,47,5,0.0,2,yes,yes,38970.14,no,yes,45-54,3-5,no,Poor
15684484,543,France,Male,22,8,0.0,2,no,no,127587.22,no,yes,<25,6-10,no,Poor
15785869,718,France,Female,25,7,0.0,2,yes,no,30380.12,no,yes,<25,6-10,no,Good
15763859,840,France,Female,43,7,0.0,2,yes,no,90908.95,no,yes,35-44,6-10,no,Excellent
15658935,630,Germany,Female,34,9,106937.05,2,yes,no,138275.01,no,no,25-34,6-10,no,Fair
15747358,643,Germany,Male,59,3,170331.37,1,yes,yes,32171.79,no,no,55-64,3-5,no,Fair
15735203,654,Germany,Female,32,1,114510.85,1,yes,yes,126143.23,no,no,25-34,1-2,no,Fair
15576256,582,France,Male,39,5,0.0,2,yes,yes,129892.93,no,yes,35-44,3-5,no,Fair
15659420,659,Spain,Male,32,3,107594.11,2,yes,yes,102416.84,no,no,25-34,3-5,no,Fair
15593365,762,Spain,Male,39,2,81273.13,1,yes,yes,18719.67,no,no,35-44,1-2,no,Very Good
15777352,568,Spain,Female,32,7,169399.6,1,yes,no,61936.22,no,no,25-34,6-10,yes,Poor
15812007,670,Spain,Male,25,6,0.0,2,yes,yes,78358.94,no,yes,<25,6-10,no,Fair
15625461,613,France,Female,45,1,187841.99,2,yes,yes,147224.27,no,no,35-44,1-2,no,Fair
15739438,539,France,Male,30,0,0.0,2,yes,no,160979.66,no,yes,25-34,0,no,Poor
15611759,850,Spain,Female,57,8,126776.3,2,yes,yes,132298.49,no,no,55-64,6-10,no,Excellent
15661629,522,Spain,Male,34,9,126436.29,1,yes,no,174248.52,yes,no,25-34,6-10,yes,Poor
15633950,737,France,Male,41,1,101960.74,1,yes,yes,123547.28,no,no,35-44,1-2,no,Good
15592386,520,France,Male,58,3,0.0,2,no,yes,32790.02,no,yes,55-64,3-5,no,Poor
15803716,706,Spain,Male,28,3,0.0,2,no,yes,181543.67,no,yes,25-34,3-5,no,Good
15696674,643,Germany,Female,45,2,150842.93,1,no,yes,2319.96,yes,no,35-44,1-2,no,Fair
15706365,648,France,Female,50,9,102535.57,1,yes,yes,189543.19,no,no,45-54,6-10,no,Fair
15745088,443,Germany,Female,29,9,99027.61,2,yes,no,10940.4,no,no,25-34,6-10,no,Poor
15676715,640,France,Male,68,9,0.0,2,yes,yes,199493.38,no,yes,65+,6-10,no,Fair
15613085,628,Spain,Female,33,3,0.0,1,yes,yes,188193.25,no,yes,25-34,3-5,no,Fair
15633537,540,Germany,Female,42,9,87271.41,2,yes,no,172572.64,no,no,35-44,6-10,no,Poor
15594720,460,Germany,Female,35,8,102742.91,2,yes,yes,189339.6,no,no,25-34,6-10,no,Poor
15684042,636,Germany,Male,34,2,40105.51,2,no,yes,53512.16,no,no,25-34,1-2,no,Fair
15583303,593,France,Female,29,2,152265.43,1,yes,no,34004.44,no,no,25-34,1-2,yes,Fair
15611579,801,Spain,Male,42,4,141947.67,1,yes,yes,10598.29,no,no,35-44,3-5,no,Excellent
15774696,640,Germany,Female,75,1,106307.91,2,no,yes,113428.77,no,no,65+,1-2,no,Fair
15694506,611,Germany,Male,31,0,107884.81,2,yes,yes,183487.98,no,no,25-34,0,no,Fair
15688074,802,Germany,Male,31,1,125013.72,1,yes,yes,187658.09,no,no,25-34,1-2,no,Excellent
15759537,717,Germany,Male,35,7,58469.37,2,yes,yes,172459.39,no,no,25-34,6-10,no,Good
15758449,769,France,Female,39,8,0.0,1,no,yes,21016.0,no,yes,35-44,6-10,no,Very Good
15583456,745,Germany,Male,45,10,117231.63,3,yes,yes,122381.02,yes,no,35-44,6-10,no,Very Good
15667871,572,Spain,Male,35,4,152390.26,1,yes,no,128123.66,no,no,25-34,3-5,yes,Poor
15677371,629,Spain,Female,30,2,34013.63,1,yes,no,19570.63,no,no,25-34,1-2,yes,Fair
15629677,687,Spain,Female,39,2,0.0,3,no,no,188150.6,yes,yes,35-44,1-2,no,Good
15713578,483,France,Female,50,9,0.0,2,yes,yes,111020.24,no,yes,45-54,6-10,no,Poor
15591509,690,France,Male,36,7,101583.11,2,yes,no,123775.15,no,no,35-44,6-10,no,Good
15568240,492,Germany,Female,30,10,77168.87,2,no,yes,146700.22,no,no,25-34,6-10,no,Poor
15622993,709,Germany,Male,28,8,124695.72,2,yes,no,145251.35,no,no,25-34,6-10,no,Good
15689294,705,Germany,Male,44,3,105934.96,1,yes,no,82463.69,no,no,35-44,3-5,yes,Good
15720910,560,France,Female,66,9,0.0,1,yes,yes,15928.49,no,yes,65+,6-10,no,Poor
15721181,611,Spain,Male,46,6,0.0,2,yes,no,45886.33,no,yes,45-54,6-10,no,Fair
15776433,730,Spain,Male,62,2,0.0,2,yes,yes,186489.95,no,yes,55-64,1-2,no,Good
15748936,709,Spain,Female,45,2,0.0,2,no,yes,162922.65,no,yes,35-44,1-2,no,Good
15717225,544,France,Female,21,10,161525.96,2,yes,no,9262.77,no,no,<25,6-10,no,Poor
15685226,712,Germany,Female,29,7,147199.07,1,yes,yes,84932.4,no,no,25-34,6-10,no,Good
15785611,752,Germany,Male,38,3,183102.29,1,yes,yes,71557.12,no,no,35-44,3-5,no,Very Good
15573456,648,Spain,Male,46,9,127209.0,2,yes,no,77405.95,yes,no,45-54,6-10,no,Fair
15684548,556,Spain,Male,38,8,0.0,2,no,no,417.41,yes,yes,35-44,6-10,no,Poor
15620505,594,Spain,Female,24,0,97378.54,1,yes,yes,71405.17,no,no,<25,0,no,Fair
15807432,645,Germany,Female,37,2,136925.09,2,no,yes,153400.24,no,no,35-44,1-2,no,Fair
15584766,557,France,Male,33,3,54503.55,1,yes,yes,371.05,no,no,25-34,3-5,no,Poor
15612187,547,Germany,Male,32,8,155726.85,1,yes,no,67789.99,no,no,25-34,6-10,yes,Poor
15762218,701,France,Female,39,9,0.0,2,no,yes,145894.9,no,yes,35-44,6-10,no,Good
15646372,616,France,Female,66,1,135842.41,1,yes,no,183840.51,yes,no,65+,1-2,yes,Fair
15690452,605,France,Male,52,1,63349.75,1,yes,no,108887.44,no,no,45-54,1-2,yes,Fair
15747795,593,Germany,Female,38,4,129499.42,1,yes,yes,154071.27,no,no,35-44,3-5,no,Fair
15781589,751,Spain,Male,52,8,0.0,2,no,yes,179291.85,no,yes,45-54,6-10,no,Very Good
15732674,443,Spain,Male,36,6,70438.01,2,no,yes,56937.43,no,no,35-44,6-10,no,Poor
15642291,685,France,Male,23,8,0.0,2,yes,yes,112239.03,no,yes,<25,6-10,no,Good
15692761,718,France,Male,36,9,0.0,1,yes,no,45909.87,no,yes,35-44,6-10,yes,Good
15578045,538,Spain,Female,49,9,141434.04,1,no,no,173779.25,yes,no,45-54,6-10,yes,Poor
15745354,611,Spain,Female,37,4,0.0,2,yes,no,125696.26,no,yes,35-44,3-5,no,Fair
15701376,668,Germany,Male,37,10,152958.29,2,yes,yes,159585.61,no,no,35-44,6-10,no,Fair
15691625,537,Germany,Female,41,3,138306.34,1,yes,no,106761.47,no,no,35-44,3-5,yes,Poor
15566594,709,Spain,Male,23,10,0.0,2,no,no,129590.18,no,yes,<25,6-10,no,Good
15760431,850,France,Male,38,1,0.0,2,yes,yes,80006.65,no,yes,35-44,1-2,no,Excellent
15686302,745,Spain,Female,31,3,124328.84,1,yes,yes,140451.52,no,no,25-34,3-5,no,Very Good
15801559,693,Germany,Female,41,9,181461.48,3,yes,yes,187929.43,yes,no,35-44,6-10,no,Good
15810432,795,Spain,Male,35,8,0.0,2,yes,no,167155.36,no,yes,25-34,6-10,no,Very Good
15809616,626,Spain,Male,26,8,0.0,2,no,no,191420.71,no,yes,25-34,6-10,no,Fair
15720559,487,Germany,Female,61,5,110368.03,1,no,no,11384.45,yes,no,55-64,3-5,yes,Poor
15695632,556,France,Female,39,9,89588.35,1,yes,yes,94898.1,no,no,35-44,6-10,no,Poor
15659843,643,France,Female,46,6,0.0,2,no,no,106781.59,no,yes,45-54,6-10,no,Fair
15615624,605,France,Female,28,6,0.0,2,no,no,159508.52,no,yes,25-34,6-10,no,Fair
15810418,756,Germany,Female,60,3,115924.89,1,yes,no,93524.19,yes,no,55-64,3-5,yes,Very Good
15716186,586,France,Female,38,2,0.0,2,yes,no,87168.46,no,yes,35-44,1-2,no,Fair
15674551,535,Germany,Male,40,7,111756.5,1,yes,no,8128.32,yes,no,35-44,6-10,yes,Poor
15622834,678,France,Female,35,4,0.0,1,yes,no,125518.32,no,yes,25-34,3-5,yes,Good
15566111,596,France,Male,39,9,0.0,1,yes,no,48963.59,no,yes,35-44,6-10,yes,Fair
15784597,648,France,Male,26,9,162923.85,1,yes,no,98368.24,no,no,25-34,6-10,yes,Fair
15652883,492,Germany,Male,39,10,124576.65,2,yes,no,148584.61,no,no,35-44,6-10,no,Poor
15806964,702,France,Male,45,0,80793.58,1,yes,yes,27474.81,no,no,35-44,0,no,Good
15576313,486,Germany,Female,40,9,71340.09,1,yes,no,76192.21,no,no,35-44,6-10,yes,Poor
15806467,568,Germany,Male,40,1,99282.63,1,no,no,134600.94,yes,no,35-44,1-2,yes,Poor
15597602,619,Germany,Male,57,3,137946.39,1,yes,yes,72467.99,yes,no,55-64,3-5,no,Fair
15743040,724,Germany,Male,41,2,127892.57,2,no,yes,199645.45,no,no,35-44,1-2,no,Good
15705521,548,Germany,Female,33,0,101084.36,1,yes,no,42749.85,no,no,25-34,0,yes,Poor
15595039,545,Germany,Female,37,8,114754.08,1,yes,no,136050.44,yes,no,35-44,6-10,yes,Poor
15799384,683,France,Male,33,8,0.0,1,no,no,73564.44,no,yes,25-34,6-10,yes,Good
15581197,762,France,Female,51,3,99286.98,1,no,yes,85578.63,no,no,45-54,3-5,no,Very Good
15693737,627,Germany,Female,30,4,79871.02,2,yes,no,129826.89,no,no,25-34,3-5,no,Fair
15624623,516,France,Male,35,10,104088.59,2,no,no,119666.0,no,no,25-34,6-10,no,Poor
15783501,800,France,Female,38,2,168190.33,2,yes,no,68052.08,no,no,35-44,1-2,no,Very Good
15690134,464,Germany,Female,42,3,85679.25,1,yes,yes,164104.74,no,no,35-44,3-5,no,Poor
15782735,626,France,Female,35,3,0.0,1,no,no,80190.36,no,yes,25-34,3-5,yes,Fair
15611088,790,France,Female,31,9,0.0,2,yes,no,84126.75,no,yes,25-34,6-10,no,Very Good
15672145,534,France,Female,34,7,121551.58,2,yes,yes,70179.0,no,no,25-34,6-10,no,Poor
15732628,745,France,Male,46,2,122220.19,1,yes,yes,118024.1,no,no,45-54,1-2,no,Very Good
15787470,553,Spain,Male,47,3,116528.15,1,no,no,145704.19,yes,no,45-54,3-5,yes,Poor
15803406,748,France,Female,26,1,77780.29,1,no,yes,183049.41,no,no,25-34,1-2,no,Very Good
15730460,722,France,Male,37,2,0.0,1,no,no,120906.83,no,yes,35-44,1-2,yes,Good
15644572,501,France,Male,40,4,125832.2,1,yes,yes,100433.83,no,no,35-44,3-5,no,Poor
15694860,675,France,Female,38,6,68065.8,1,no,no,138777.0,yes,no,35-44,6-10,yes,Good
15658169,778,Spain,Female,47,6,127299.34,2,yes,no,124694.99,no,no,45-54,6-10,no,Very Good
15794396,494,Germany,Female,38,7,174937.64,1,yes,no,40084.32,no,no,35-44,6-10,yes,Poor
15785798,850,France,Male,40,9,0.0,2,no,yes,119232.33,no,yes,35-44,6-10,no,Excellent
15710825,592,Spain,Male,31,7,110071.1,1,no,no,43921.36,no,no,25-34,6-10,yes,Fair
15668444,590,Spain,Female,44,3,139432.37,1,yes,no,62222.81,no,no,35-44,3-5,yes,Fair
15726631,758,France,Female,39,6,127357.76,1,no,yes,56577.0,no,no,35-44,6-10,no,Very Good
15733797,506,France,Male,36,5,0.0,2,yes,no,164253.35,no,yes,35-44,3-5,no,Poor
15747960,733,France,Male,33,3,0.0,1,yes,yes,7666.73,no,yes,25-34,3-5,no,Good
15634632,711,France,Male,38,3,0.0,2,yes,no,68487.51,no,yes,35-44,3-5,no,Good
15707362,514,Germany,Male,43,1,95556.31,1,no,yes,199273.98,yes,no,35-44,1-2,no,Poor
15662976,637,Spain,Male,37,8,0.0,1,yes,yes,186062.36,no,yes,35-44,6-10,no,Fair
15732778,468,Germany,Male,29,1,111681.98,2,yes,yes,195711.16,no,no,25-34,1-2,no,Poor
15718443,539,France,Male,39,3,0.0,2,yes,no,36692.17,no,yes,35-44,3-5,no,Poor
15670039,509,Spain,Female,25,3,108738.71,2,yes,no,106920.57,no,no,<25,3-5,no,Poor
15773792,662,France,Female,32,4,133950.37,1,yes,yes,48725.68,yes,no,25-34,3-5,no,Fair
15613786,818,Spain,Male,26,4,0.0,2,yes,yes,167036.94,no,yes,25-34,3-5,no,Excellent
15726032,608,France,Male,33,9,89968.69,1,yes,no,68777.26,no,no,25-34,6-10,yes,Fair
15663252,850,Spain,Female,32,9,0.0,2,yes,yes,18924.92,no,yes,25-34,6-10,no,Excellent
15593782,816,Germany,Female,38,5,130878.75,3,yes,no,71905.77,yes,no,35-44,3-5,no,Excellent
15633283,536,France,Male,35,8,0.0,2,yes,no,64833.28,no,yes,25-34,6-10,no,Poor
15749167,753,France,Male,35,3,0.0,2,yes,yes,184843.77,no,yes,25-34,3-5,no,Very Good
15759298,631,Spain,Male,27,10,134169.62,1,yes,yes,176730.02,no,no,25-34,6-10,no,Fair
15683625,703,France,Male,37,1,149762.08,1,yes,no,20629.4,yes,no,35-44,1-2,yes,Good
15635367,774,France,Male,26,2,93844.69,1,yes,no,28415.36,no,no,25-34,1-2,yes,Very Good
15681705,785,France,Male,28,8,0.0,2,yes,no,77231.27,no,yes,25-34,6-10,no,Very Good
15603156,571,France,Female,33,1,0.0,2,yes,no,102750.7,no,yes,25-34,1-2,no,Poor
15591986,621,Germany,Male,46,6,141078.37,1,no,no,34580.8,yes,no,45-54,6-10,yes,Fair
15798888,605,Germany,Female,31,1,117992.59,1,yes,yes,183598.77,no,no,25-34,1-2,no,Fair
15809722,611,France,Female,40,8,100812.33,2,yes,no,147358.27,no,no,35-44,6-10,no,Fair
15677538,569,France,Male,38,7,0.0,1,yes,yes,108469.2,no,yes,35-44,6-10,no,Poor
15797736,658,France,Male,29,4,80262.6,1,yes,yes,20612.82,no,no,25-34,3-5,no,Fair
15695585,788,Spain,Male,34,6,156478.62,1,no,yes,181196.76,no,no,25-34,6-10,no,Very Good
15744398,525,France,Female,23,5,0.0,2,yes,no,160249.1,no,yes,<25,3-5,no,Poor
15750658,798,France,Male,37,8,0.0,3,no,no,110783.28,no,yes,35-44,6-10,no,Very Good
15578186,486,Germany,Male,37,9,115217.99,2,yes,no,144995.33,no,no,35-44,6-10,no,Poor
15676519,615,Spain,Male,61,9,0.0,2,yes,no,150227.85,yes,yes,55-64,6-10,no,Fair
15637954,730,France,Female,35,0,155470.55,1,yes,yes,53718.28,no,no,25-34,0,no,Good
15758639,641,France,Male,37,7,0.0,2,yes,no,75248.3,no,yes,35-44,6-10,no,Fair
15613772,542,France,Male,39,3,135096.77,1,yes,yes,14353.43,yes,no,35-44,3-5,no,Poor
15731744,692,France,Male,30,2,0.0,2,no,yes,130486.57,no,yes,25-34,1-2,no,Good
15807709,714,Germany,Female,55,9,180075.22,1,yes,yes,100127.71,no,no,45-54,6-10,no,Good
15714689,591,Spain,Male,29,1,97541.24,1,yes,yes,196356.17,no,no,25-34,1-2,no,Fair
15699005,710,France,Female,41,2,156067.05,1,yes,yes,9983.88,no,no,35-44,1-2,no,Good
15624170,639,France,Female,38,4,81550.94,2,no,yes,118974.77,no,no,35-44,3-5,no,Fair
15725679,531,France,Female,47,6,0.0,1,no,no,194998.34,yes,yes,45-54,6-10,yes,Poor
15585865,673,France,Female,38,2,170061.92,2,no,no,134901.34,yes,no,35-44,1-2,no,Good
15804256,765,Germany,Male,36,8,92310.54,2,yes,yes,72924.56,no,no,35-44,6-10,no,Very Good
15662403,622,France,Female,32,6,169089.38,2,yes,no,101057.95,no,no,25-34,6-10,no,Fair
15733616,806,France,Male,40,5,80613.93,1,yes,yes,142838.64,no,no,35-44,3-5,no,Excellent
15591995,757,Germany,Male,26,8,121581.56,2,yes,yes,127059.04,no,no,25-34,6-10,no,Very Good
15677020,570,France,Female,58,8,0.0,1,no,yes,116503.92,yes,yes,55-64,6-10,no,Poor
15727688,555,Spain,Male,32,4,0.0,2,yes,yes,54405.79,no,yes,25-34,3-5,no,Poor
15715941,692,France,Male,54,5,0.0,2,yes,yes,88721.84,no,yes,45-54,3-5,no,Good
15714485,774,France,Male,60,5,85891.55,1,yes,no,74135.48,yes,no,55-64,3-5,yes,Very Good
15730059,638,Spain,Male,44,9,77637.35,2,yes,yes,111346.22,no,no,35-44,6-10,no,Fair
15715527,543,Spain,Female,41,4,0.0,1,no,no,194902.16,no,yes,35-44,3-5,yes,Poor
15576623,584,France,Male,31,5,0.0,2,yes,no,31474.27,no,yes,25-34,3-5,no,Fair
15805565,691,Germany,Male,30,7,116927.89,1,yes,no,21198.39,no,no,25-34,6-10,yes,Good
15677307,684,Germany,Female,40,6,137326.65,1,yes,no,186976.6,no,no,35-44,6-10,yes,Good
15773890,733,France,Male,22,5,0.0,2,yes,yes,117202.19,no,yes,<25,3-5,no,Good
15598883,599,Spain,Female,37,2,0.0,2,yes,yes,143739.29,no,yes,35-44,1-2,no,Fair
15568506,524,Germany,Female,31,10,67238.98,2,yes,yes,161811.23,no,no,25-34,6-10,no,Poor
15761043,632,Germany,Female,38,6,86569.76,2,yes,no,98090.91,no,no,35-44,6-10,no,Fair
15782236,735,Spain,Male,34,5,0.0,2,no,no,71095.41,no,yes,25-34,3-5,no,Good
15593601,734,France,Male,34,6,133598.4,1,yes,yes,13107.24,no,no,25-34,6-10,no,Good
15682048,605,France,Female,51,3,136188.78,1,yes,yes,67110.59,yes,no,45-54,3-5,no,Fair
15746902,793,Spain,Male,38,9,0.0,2,yes,no,88225.02,no,yes,35-44,6-10,no,Very Good
15752081,468,France,Female,56,10,0.0,3,no,yes,62256.87,yes,yes,55-64,6-10,no,Poor
15781307,779,Germany,Male,37,7,120092.52,2,yes,no,135925.72,no,no,35-44,6-10,no,Very Good
15775912,698,France,Male,48,4,101238.24,2,no,yes,177815.87,yes,no,45-54,3-5,no,Good
15745417,707,France,Male,58,6,89685.92,1,no,yes,126471.13,no,no,55-64,6-10,no,Good
15671256,850,France,Female,35,1,211774.31,1,yes,no,188574.12,yes,no,25-34,1-2,yes,Excellent
15653547,850,France,Male,56,7,131317.48,1,yes,yes,119175.45,no,no,55-64,6-10,no,Excellent
15595766,527,Spain,Male,37,5,93722.73,2,yes,yes,139093.73,no,no,35-44,3-5,no,Poor
15742358,696,Germany,Male,32,8,101160.99,1,yes,yes,115916.55,no,no,25-34,6-10,no,Good
15763274,661,France,Male,48,3,120320.54,1,no,no,96463.25,no,no,45-54,3-5,yes,Fair
15786063,776,France,Female,31,2,0.0,2,yes,yes,112349.51,no,yes,25-34,1-2,no,Very Good
15600258,701,France,Male,43,2,0.0,2,yes,yes,165303.79,no,yes,35-44,1-2,no,Good
15573318,610,France,Male,26,8,0.0,2,yes,no,166031.08,no,yes,25-34,6-10,no,Fair
15653849,572,Germany,Female,48,3,152827.99,1,yes,no,38411.79,yes,no,45-54,3-5,yes,Poor
15694272,673,France,Male,30,1,64097.75,1,yes,yes,77783.35,no,no,25-34,1-2,no,Good
15736112,519,Spain,Female,57,2,119035.35,2,yes,yes,29871.79,no,no,55-64,1-2,no,Poor
15749851,702,Spain,Female,26,4,135219.57,1,no,yes,59747.63,no,no,25-34,3-5,no,Good
15663478,729,France,Male,32,6,93694.42,1,yes,yes,79919.13,no,no,25-34,6-10,no,Good
15592300,543,Spain,Male,35,10,59408.63,1,yes,no,76773.53,no,no,25-34,6-10,yes,Poor
15567832,550,France,Female,40,7,114354.95,1,yes,no,54018.93,no,no,35-44,6-10,yes,Poor
15776780,608,France,Male,59,1,0.0,1,yes,no,70649.64,yes,yes,55-64,1-2,yes,Fair
15592846,639,Germany,Male,35,10,128173.9,2,yes,no,59093.39,no,no,25-34,6-10,no,Fair
15739803,686,Spain,Male,34,9,0.0,2,yes,no,127569.8,no,yes,25-34,6-10,no,Good
15794142,564,Germany,Female,62,5,114931.35,3,no,yes,18260.98,yes,no,55-64,3-5,no,Poor
15762729,745,Germany,Female,28,1,111071.36,1,yes,no,73275.96,yes,no,25-34,1-2,yes,Very Good
15667896,833,France,Male,37,8,151226.18,2,yes,yes,136129.49,no,no,35-44,6-10,no,Excellent
15626578,622,France,Male,26,9,0.0,2,yes,yes,153237.59,no,yes,25-34,6-10,no,Fair
15776223,597,France,Female,42,4,64740.12,1,yes,yes,106841.12,no,no,35-44,3-5,no,Fair
15705953,721,Spain,Male,51,0,169312.13,1,yes,no,109078.35,yes,no,45-54,0,yes,Good
15802593,504,France,Female,49,7,0.0,3,no,yes,87822.14,yes,yes,45-54,6-10,no,Poor
15615457,842,Spain,Female,44,2,112652.08,2,yes,no,126644.98,no,no,35-44,1-2,no,Excellent
15708916,587,France,Male,38,0,0.0,2,yes,no,47414.15,no,yes,35-44,0,no,Fair
15720187,479,Germany,Female,30,7,143964.36,2,yes,no,41879.99,no,no,25-34,6-10,no,Poor
15595440,508,France,Male,49,7,122451.46,2,yes,yes,75808.1,no,no,45-54,6-10,no,Poor
15600651,749,France,Male,24,1,0.0,3,yes,yes,47911.03,no,yes,<25,1-2,no,Very Good
15750141,721,Germany,Female,36,3,65253.07,2,yes,no,28737.78,no,no,35-44,3-5,no,Good
15657284,674,Germany,Male,47,6,106901.94,1,yes,yes,2079.2,yes,no,45-54,6-10,no,Good
15763063,685,Spain,Female,25,10,128509.63,1,yes,no,121562.33,no,no,<25,6-10,yes,Good
15709324,417,France,Male,34,7,0.0,2,yes,no,55003.79,no,yes,25-34,6-10,no,Poor
15711309,574,Germany,Male,33,3,129834.67,1,yes,no,193131.42,no,no,25-34,3-5,yes,Poor
15775318,590,Spain,Female,51,3,154962.99,3,no,yes,191932.27,yes,no,45-54,3-5,no,Fair
15705515,587,Germany,Male,40,5,138241.9,2,yes,no,159418.1,no,no,35-44,3-5,no,Fair
15634844,598,Germany,Male,41,3,91536.93,1,yes,no,191468.78,yes,no,35-44,3-5,yes,Fair
15717046,741,Spain,Male,53,3,0.0,2,yes,yes,38913.68,no,yes,45-54,3-5,no,Very Good
15571816,850,Spain,Female,70,5,0.0,1,yes,yes,705.18,no,yes,65+,3-5,no,Excellent
15670080,584,Germany,Female,29,7,105204.01,1,no,yes,138490.03,no,no,25-34,6-10,no,Fair
15800440,650,Spain,Male,61,1,152968.73,1,no,yes,82970.69,no,no,55-64,1-2,no,Fair
15665678,607,Spain,Male,36,8,158261.68,1,yes,yes,76744.72,no,no,35-44,6-10,no,Fair
15665956,509,France,Female,46,1,0.0,1,yes,no,71244.59,yes,yes,45-54,1-2,yes,Poor
15788126,689,Spain,Female,38,6,121021.05,1,yes,yes,12182.15,no,no,35-44,6-10,no,Good
15811773,543,France,Male,36,4,0.0,2,yes,yes,141210.5,no,yes,35-44,3-5,no,Poor
15651674,438,Spain,Female,54,2,0.0,1,no,no,191763.07,yes,yes,45-54,1-2,yes,Poor
15689614,687,Spain,Female,63,1,137715.66,1,yes,yes,37938.74,no,no,55-64,1-2,no,Good
15795564,737,Germany,Male,31,5,121192.22,2,yes,yes,74890.58,no,no,25-34,3-5,no,Good
15706647,761,France,Male,31,7,0.0,3,yes,yes,166698.18,no,yes,25-34,6-10,no,Very Good
15728505,601,France,Male,44,1,100486.18,2,yes,yes,62678.53,no,no,35-44,1-2,no,Fair
15730076,651,France,Male,45,1,0.0,1,yes,no,67740.08,yes,yes,35-44,1-2,yes,Fair
15622003,745,France,Male,35,9,92566.53,2,yes,no,161519.77,no,no,25-34,6-10,no,Very Good
15607312,648,Spain,Female,49,10,0.0,2,yes,yes,159835.78,yes,yes,45-54,6-10,no,Fair
15644753,848,Spain,Male,40,3,110929.96,1,yes,yes,30876.84,no,no,35-44,3-5,no,Excellent
15653620,546,France,Female,27,8,0.0,2,yes,yes,14858.1,no,yes,25-34,6-10,no,Poor
15761986,439,Spain,Female,32,3,138901.61,1,yes,no,75685.97,no,no,25-34,3-5,yes,Poor
15633922,755,France,Male,30,4,123217.66,2,no,yes,144183.1,no,no,25-34,3-5,no,Very Good
15734674,593,France,Female,41,6,0.0,1,yes,no,65170.66,no,yes,35-44,6-10,yes,Fair
15658032,701,France,Male,39,2,0.0,2,yes,yes,82526.92,no,yes,35-44,1-2,no,Good
15692671,701,Spain,Male,36,8,0.0,2,yes,no,169161.46,no,yes,35-44,6-10,no,Good
15737741,607,Spain,Female,33,2,108431.87,2,no,yes,109291.39,yes,no,25-34,1-2,no,Fair
15576352,586,Spain,Female,57,3,0.0,2,no,yes,6057.81,no,yes,55-64,3-5,no,Fair
15753719,547,Germany,Female,30,9,72392.41,1,yes,no,77077.14,no,no,25-34,6-10,yes,Poor
15803689,647,Germany,Female,51,1,119741.77,2,no,no,54954.51,yes,no,45-54,1-2,no,Fair
15718057,760,France,Female,51,2,100946.71,1,no,no,179614.8,yes,no,45-54,1-2,yes,Very Good
15722010,621,Spain,Male,53,9,170491.84,1,yes,no,35588.07,yes,no,45-54,6-10,yes,Fair
15680998,725,France,Male,44,5,0.0,1,yes,yes,117356.14,no,yes,35-44,3-5,no,Good
15614782,526,France,Male,36,1,0.0,1,yes,no,160696.72,no,yes,35-44,1-2,yes,Poor
15591047,519,Spain,Female,47,6,157296.02,2,no,no,147278.43,yes,no,45-54,6-10,no,Poor
15788291,713,Germany,Female,38,7,144606.22,1,yes,yes,56594.36,yes,no,35-44,6-10,no,Good
15604044,700,France,Male,38,8,134811.3,1,yes,no,1299.75,no,no,35-44,6-10,yes,Good
15679587,666,France,Female,34,9,115897.12,1,yes,yes,25095.03,no,no,25-34,6-10,no,Fair
15775153,630,Spain,Male,32,4,82034.0,1,no,no,146326.45,no,no,25-34,3-5,yes,Fair
15603925,779,Spain,Female,26,4,174318.13,2,no,yes,38296.21,no,no,25-34,3-5,no,Very Good
15680970,611,Germany,Female,41,2,114206.84,1,yes,no,164061.6,no,no,35-44,1-2,yes,Fair
15697183,685,Spain,Male,43,9,0.0,2,yes,no,107811.28,no,yes,35-44,6-10,no,Good
15567446,646,Germany,Male,39,9,111574.41,1,yes,yes,30838.51,no,no,35-44,6-10,no,Fair
15637476,683,Germany,Female,57,5,162448.69,1,no,no,9221.78,yes,no,55-64,3-5,yes,Good
15714939,484,Germany,Female,34,4,148249.54,1,no,yes,33738.27,no,no,25-34,3-5,no,Poor
15683503,601,France,Female,43,8,0.0,3,no,yes,110916.15,yes,yes,35-44,6-10,no,Fair
15645569,762,Spain,Female,26,7,123709.46,2,yes,yes,169654.57,no,no,25-34,6-10,no,Very Good
15782569,687,France,Female,72,9,0.0,1,no,yes,69829.4,no,yes,65+,6-10,no,Good
15592387,566,France,Male,30,5,0.0,1,yes,no,54926.51,yes,yes,25-34,3-5,yes,Poor
15609286,702,France,Male,37,10,150525.8,1,yes,yes,94728.49,no,no,35-44,6-10,no,Good
15814035,601,France,Male,29,9,0.0,1,yes,yes,80393.27,no,yes,25-34,6-10,no,Fair
15661249,699,France,Male,53,4,0.0,2,no,yes,111307.98,no,yes,45-54,3-5,no,Good
15629117,584,France,Male,28,10,0.0,2,yes,no,19834.32,no,yes,25-34,6-10,no,Fair
15607170,699,France,Male,35,5,0.0,2,yes,yes,78397.24,no,yes,25-34,3-5,no,Good
15586585,698,Germany,Female,51,2,111018.98,1,yes,no,86410.28,no,no,45-54,1-2,yes,Good
15686611,495,France,Male,30,10,129755.99,1,no,no,172749.65,no,no,25-34,6-10,yes,Poor
15603203,650,France,Female,27,6,0.0,2,yes,no,1002.39,no,yes,25-34,6-10,no,Fair
15619857,605,France,Female,64,2,129555.7,1,yes,yes,13601.79,no,no,55-64,1-2,no,Fair
15805062,667,Spain,Male,38,1,87202.38,1,yes,yes,77866.91,no,no,35-44,1-2,no,Fair
15660271,688,Germany,Male,26,8,146133.39,1,yes,yes,175296.76,no,no,25-34,6-10,no,Good
15745295,727,Spain,Female,31,0,0.0,1,yes,no,121751.04,yes,yes,25-34,0,yes,Good
15719352,754,Spain,Male,39,6,170184.99,2,yes,no,89593.26,no,no,35-44,6-10,no,Very Good
15766575,612,Germany,Female,62,8,140745.33,1,yes,no,193437.89,yes,no,55-64,6-10,yes,Fair
15594594,546,Spain,Male,42,7,139070.51,1,yes,yes,86945.0,no,no,35-44,6-10,no,Poor
15646161,673,Spain,Female,37,8,0.0,2,yes,yes,183318.79,no,yes,35-44,6-10,no,Good
15682585,593,France,Male,35,9,114193.24,1,yes,no,71154.1,no,no,25-34,6-10,yes,Fair
15603134,656,Spain,Female,40,10,167878.5,1,no,yes,151887.16,no,no,35-44,6-10,no,Fair
15636444,535,Germany,Female,53,5,141616.55,2,yes,yes,75888.65,no,no,45-54,3-5,no,Poor
15773456,678,Germany,Male,36,3,145747.67,2,no,yes,89566.74,no,no,35-44,3-5,no,Good
15745307,477,Spain,Female,48,2,129120.64,1,no,yes,26475.79,no,no,45-54,1-2,no,Poor
15604119,850,Spain,Male,35,7,110349.82,1,no,no,126355.8,no,no,25-34,6-10,yes,Excellent
15626900,427,France,Male,29,1,141325.56,1,yes,yes,93839.3,no,no,25-34,1-2,no,Poor
15605447,752,France,Male,49,2,78653.84,1,yes,no,7698.6,no,no,45-54,1-2,yes,Very Good
15589030,649,France,Male,47,1,0.0,2,yes,yes,145593.85,no,yes,45-54,1-2,no,Fair
15692463,799,Spain,Female,28,3,142253.65,1,yes,no,45042.56,no,no,25-34,3-5,yes,Very Good
15712403,589,France,Female,61,1,0.0,1,yes,no,61108.56,yes,yes,55-64,1-2,yes,Fair
15811762,583,Germany,Female,54,6,115988.86,1,yes,no,57553.98,yes,no,45-54,6-10,yes,Fair
15718673,839,Spain,Female,33,10,75592.43,1,yes,no,62674.42,no,no,25-34,6-10,yes,Excellent
15724282,540,Germany,Male,44,3,164113.04,2,yes,yes,12120.79,no,no,35-44,3-5,no,Poor
15738181,850,France,Male,31,6,67996.23,2,no,no,50129.87,yes,no,25-34,6-10,no,Excellent
15633648,696,Spain,Female,51,5,0.0,2,yes,no,55022.43,no,yes,45-54,3-5,no,Good
15603323,660,Spain,Female,33,1,0.0,2,no,no,117834.91,no,yes,25-34,1-2,no,Fair
15583725,682,France,Male,48,1,138778.15,1,no,yes,168840.23,no,no,45-54,1-2,no,Good
15588350,744,France,Female,43,10,147832.15,1,no,yes,24234.11,no,no,35-44,6-10,no,Very Good
15798398,785,France,Female,36,4,135438.4,1,no,no,190627.01,no,no,35-44,3-5,yes,Very Good
15784844,752,Spain,Male,48,5,116060.08,1,yes,no,156618.38,yes,no,45-54,3-5,yes,Very Good
15580684,706,France,Female,29,5,112564.62,1,yes,no,42334.38,no,no,25-34,3-5,yes,Good
15809663,583,France,Female,27,1,125406.58,1,yes,yes,110784.42,no,no,25-34,1-2,no,Fair
15640078,660,Germany,Female,39,5,135134.99,1,yes,no,173683.0,yes,no,35-44,3-5,yes,Fair
15698786,819,France,Female,39,9,133102.92,1,yes,no,27046.46,yes,no,35-44,6-10,yes,Excellent
15569807,673,France,Female,34,8,42157.08,1,yes,no,20598.59,yes,no,25-34,6-10,yes,Good
15730830,752,France,Female,30,3,0.0,2,yes,yes,104991.28,no,yes,25-34,3-5,no,Very Good
15805112,578,France,Male,38,7,82259.29,1,yes,no,8996.97,no,no,35-44,6-10,yes,Poor
15633064,438,France,Female,36,4,0.0,2,yes,no,64420.5,no,yes,35-44,3-5,no,Poor
15703119,652,France,Male,38,6,0.0,2,yes,yes,145700.22,no,yes,35-44,6-10,no,Fair
15730447,629,France,Female,49,4,0.0,2,yes,yes,196335.48,no,yes,45-54,3-5,no,Fair
15813850,720,France,Male,52,7,0.0,1,yes,yes,14781.12,no,yes,45-54,6-10,no,Good
15711889,668,France,Male,42,3,150461.07,1,yes,no,108139.23,no,no,35-44,3-5,yes,Fair
15664610,459,Germany,Male,48,4,133994.52,1,yes,yes,19287.06,yes,no,45-54,3-5,no,Poor
15751710,729,Spain,Male,31,8,164870.81,2,yes,yes,9567.39,no,no,25-34,6-10,no,Good
15692926,498,Germany,Male,25,8,121702.73,1,yes,yes,132210.49,no,no,<25,6-10,no,Poor
15813741,549,Spain,Male,25,6,193858.2,1,no,yes,21600.11,no,no,<25,6-10,no,Poor
15698474,601,Germany,Female,54,1,131039.97,2,yes,yes,199661.5,no,no,45-54,1-2,no,Fair
15568595,544,France,Male,64,9,113829.45,1,yes,yes,124341.49,no,no,55-64,6-10,no,Poor
15603065,751,France,Female,30,6,0.0,2,yes,no,15766.1,no,yes,25-34,6-10,no,Very Good
15592937,632,Germany,Female,41,3,81877.38,1,yes,yes,33642.21,no,no,35-44,3-5,no,Fair
15699637,694,Spain,Male,57,8,116326.07,1,yes,yes,117704.65,no,no,55-64,6-10,no,Good
15667215,678,France,Male,31,2,0.0,2,yes,yes,58803.28,no,yes,25-34,1-2,no,Good
15788659,695,France,Male,46,4,0.0,2,yes,yes,137537.22,no,yes,45-54,3-5,no,Good
15763218,661,France,Female,41,1,0.0,2,no,yes,131300.68,no,yes,35-44,1-2,no,Fair
15645772,661,France,Male,33,9,0.0,2,yes,yes,84174.81,no,yes,25-34,6-10,no,Fair
15725511,559,France,Female,31,3,127070.73,1,no,yes,160941.78,no,no,25-34,3-5,no,Poor
15575024,503,France,Male,29,3,0.0,2,yes,yes,143954.99,no,yes,25-34,3-5,no,Poor
15640825,695,Spain,Male,46,3,122549.64,1,yes,yes,56297.85,no,no,45-54,3-5,no,Good
15662397,640,France,Female,42,5,176099.13,1,yes,yes,8404.73,no,no,35-44,3-5,no,Fair
15576368,624,Germany,Female,48,3,122388.38,2,no,no,30020.09,no,no,45-54,3-5,no,Fair
15674991,667,France,Male,42,9,0.0,2,no,yes,58137.42,no,yes,35-44,6-10,no,Fair
15721024,642,France,Male,26,0,0.0,1,no,no,47472.68,no,yes,25-34,0,yes,Fair
15745621,640,Spain,Female,32,6,118879.35,2,yes,yes,19131.71,no,no,25-34,6-10,no,Fair
15642394,529,Spain,Male,35,5,0.0,2,yes,yes,187288.5,no,yes,25-34,3-5,no,Poor
15754605,563,France,Female,39,5,0.0,2,yes,yes,17603.81,no,yes,35-44,3-5,no,Poor
15607040,593,Spain,Female,38,4,88736.44,2,yes,no,67020.03,no,no,35-44,3-5,no,Fair
15715142,739,Germany,Male,45,7,102703.62,1,no,yes,147802.94,yes,no,35-44,6-10,no,Good
15810978,788,Spain,Female,70,1,0.0,2,yes,yes,41610.62,no,yes,65+,1-2,no,Very Good
15668886,684,Spain,Female,38,3,0.0,2,yes,no,44255.65,no,yes,35-44,3-5,no,Good
15780804,482,France,Male,55,5,97318.25,1,no,yes,78416.14,no,no,45-54,3-5,no,Poor
15613880,591,Spain,Male,58,5,128468.69,1,no,yes,137254.55,no,no,55-64,3-5,no,Fair
15775238,651,Germany,Female,41,4,133432.59,1,no,yes,151303.48,no,no,35-44,3-5,no,Fair
15786905,749,Germany,Female,40,8,141782.57,2,no,no,86333.63,no,no,35-44,6-10,no,Very Good
15747867,583,France,Male,24,9,135125.28,1,no,no,89801.9,no,no,<25,6-10,yes,Fair
15600337,661,Spain,Male,42,2,178820.91,1,no,no,29358.57,yes,no,35-44,1-2,yes,Fair
15801277,715,France,Female,31,2,112212.14,2,yes,yes,181600.72,no,no,25-34,1-2,no,Good
15579334,769,Germany,Female,45,5,126674.81,1,yes,no,124118.71,yes,no,35-44,3-5,yes,Very Good
15802741,625,France,Female,51,7,136294.97,1,yes,no,38867.46,yes,no,45-54,6-10,yes,Fair
15720649,641,France,Female,36,5,66392.64,1,yes,no,31106.67,no,no,35-44,3-5,yes,Fair
15589493,716,Germany,Male,27,1,122552.34,2,yes,no,67611.36,no,no,25-34,1-2,no,Good
15688251,767,France,Male,43,1,76408.85,2,yes,no,77837.63,no,no,35-44,1-2,no,Very Good
15665238,745,Germany,Male,36,8,145071.24,1,no,no,6078.46,no,no,35-44,6-10,yes,Very Good
15740900,589,France,Male,34,6,0.0,2,yes,yes,177896.92,no,yes,25-34,6-10,no,Fair
15681068,796,France,Female,45,2,109730.22,1,yes,yes,123882.73,no,no,35-44,1-2,no,Very Good
15748625,664,France,Male,57,6,0.0,2,yes,yes,15304.08,no,yes,55-64,6-10,no,Fair
15727299,445,Spain,Male,62,1,64119.38,1,yes,yes,76569.64,yes,no,55-64,1-2,no,Poor
15620204,543,Germany,Female,57,1,106138.33,2,yes,yes,120657.32,yes,no,55-64,1-2,no,Poor
15669516,746,Spain,Male,36,2,0.0,2,yes,yes,16436.56,no,yes,35-44,1-2,no,Very Good
15736534,742,Germany,Male,33,0,181656.51,1,yes,yes,107667.91,no,no,25-34,0,no,Very Good
15803457,750,France,Female,32,5,0.0,2,yes,no,95611.47,no,yes,25-34,3-5,no,Very Good
15659098,669,France,Male,30,7,95128.86,1,no,no,19799.26,no,no,25-34,6-10,yes,Fair
15603436,594,Spain,Female,49,2,126615.94,2,no,yes,123214.74,no,no,45-54,1-2,no,Fair
15566292,574,Spain,Male,36,1,0.0,2,no,yes,71709.12,no,yes,35-44,1-2,no,Poor
15808621,659,Germany,Male,36,2,76190.48,2,yes,yes,149066.14,no,no,35-44,1-2,no,Fair
15580148,750,Germany,Male,40,5,168286.81,3,yes,no,20451.99,yes,no,35-44,3-5,no,Very Good
15776231,626,Germany,Male,35,4,88109.81,1,yes,yes,32825.5,no,no,25-34,3-5,no,Fair
15773809,620,France,Male,42,4,0.0,2,yes,no,6232.31,no,yes,35-44,3-5,no,Fair
15649423,580,France,Female,35,8,0.0,2,no,yes,10357.03,no,yes,25-34,6-10,no,Poor
15734886,686,France,Female,34,3,123971.51,2,yes,no,147794.63,no,no,25-34,3-5,no,Good
15722548,540,France,Male,48,0,148116.48,1,no,no,116973.48,no,no,45-54,0,yes,Poor
15650288,634,Germany,Male,35,6,116269.01,1,yes,no,129964.94,no,no,25-34,6-10,yes,Fair
15629448,632,Spain,Male,38,1,120599.21,1,yes,no,92816.86,no,no,35-44,1-2,yes,Fair
15716164,501,France,Female,41,3,144260.5,1,yes,no,172114.67,no,no,35-44,3-5,yes,Poor
15807609,650,Spain,Female,25,3,86605.5,3,yes,no,16649.31,yes,no,<25,3-5,no,Fair
15578977,786,France,Male,34,9,0.0,2,yes,no,144517.19,no,yes,25-34,6-10,no,Very Good
15677369,554,Germany,Female,37,4,58629.97,1,no,no,182038.6,no,no,35-44,3-5,yes,Poor
15804072,701,Spain,Female,42,5,0.0,2,no,no,24210.56,no,yes,35-44,3-5,no,Good
15696859,474,France,Male,45,10,0.0,2,no,no,172175.9,no,yes,35-44,6-10,no,Poor
15653780,621,France,Female,43,5,0.0,1,yes,yes,47578.45,no,yes,35-44,3-5,no,Fair
15721658,672,Spain,Female,56,2,209767.31,2,yes,yes,150694.42,yes,no,55-64,1-2,no,Good
15578761,459,Spain,Female,42,6,129634.25,2,yes,yes,177683.02,yes,no,35-44,6-10,no,Poor
15736879,669,France,Male,23,1,0.0,2,no,no,66088.83,no,yes,<25,1-2,no,Fair
15571973,776,France,Female,38,2,169824.46,1,yes,no,169291.7,no,no,35-44,1-2,yes,Very Good
15626742,694,France,Male,36,3,97530.25,1,yes,yes,117140.41,no,no,35-44,3-5,no,Good
15672692,787,France,Female,42,10,145988.65,2,yes,yes,79510.37,no,no,35-44,6-10,no,Very Good
15673570,580,France,Male,37,9,0.0,2,no,yes,77108.66,no,yes,35-44,6-10,no,Poor
15767432,711,France,Female,25,7,0.0,3,yes,yes,9679.28,no,yes,<25,6-10,no,Good
15654238,673,France,Female,40,5,137494.28,1,yes,no,81753.92,no,no,35-44,3-5,yes,Good
15612525,499,France,Female,57,1,0.0,1,no,no,131372.38,yes,yes,55-64,1-2,yes,Poor
15812750,591,France,Male,24,6,147360.0,1,yes,yes,25310.82,no,no,<25,6-10,no,Fair
15790757,769,France,Female,25,10,0.0,2,no,no,187925.75,no,yes,<25,6-10,no,Very Good
15723873,657,Spain,Male,31,3,125167.02,1,no,no,98820.39,no,no,25-34,3-5,yes,Fair
15744607,738,Germany,Male,43,9,121152.05,2,yes,no,64166.7,yes,no,35-44,6-10,no,Good
15612966,545,Germany,Female,60,7,128981.07,1,no,yes,176924.21,yes,no,55-64,6-10,no,Poor
15784209,497,France,Male,47,6,0.0,1,yes,yes,90055.08,no,yes,45-54,6-10,no,Poor
15794278,816,Spain,Male,67,6,151858.98,1,yes,yes,72814.31,no,no,65+,6-10,no,Excellent
15766741,525,France,Male,36,2,114628.4,1,no,yes,168290.06,no,no,35-44,1-2,no,Poor
15661036,725,France,Male,46,6,0.0,2,yes,no,161767.38,no,yes,45-54,6-10,no,Good
15705639,692,France,Female,28,8,95059.02,2,yes,no,44420.18,no,no,25-34,6-10,no,Good
15637414,618,France,Female,24,7,128736.39,1,no,yes,37147.61,no,no,<25,6-10,no,Fair
15716835,546,France,Male,24,8,156325.38,1,yes,yes,125381.02,no,no,<25,6-10,no,Poor
15696231,635,France,Male,29,7,105405.97,1,yes,yes,149853.89,no,no,25-34,6-10,no,Fair
15641675,611,France,Female,49,2,88915.37,3,no,no,161435.02,yes,no,45-54,1-2,no,Fair
15670755,650,France,Male,60,8,0.0,2,yes,yes,102925.76,no,yes,55-64,6-10,no,Fair
15640059,606,France,Male,40,5,0.0,2,yes,yes,70899.27,no,yes,35-44,3-5,no,Fair
15787619,844,France,Male,18,2,160980.03,1,no,no,145936.28,no,no,<25,1-2,yes,Excellent
15587535,450,Spain,Female,46,5,177619.71,1,yes,no,54227.06,no,no,45-54,3-5,yes,Poor
15813034,727,Spain,Male,38,2,62276.99,1,yes,yes,59280.79,no,no,35-44,1-2,no,Good
15698839,460,Germany,Male,46,4,127559.97,2,yes,yes,126952.5,no,no,45-54,3-5,no,Poor
15790314,649,France,Male,41,0,0.0,2,no,yes,130567.02,no,yes,35-44,0,no,Fair
15634245,758,Germany,Female,47,9,95523.16,1,yes,no,73294.48,no,no,45-54,6-10,yes,Very Good
15677305,490,France,Female,35,7,107749.03,1,yes,yes,3937.37,no,no,25-34,6-10,no,Poor
15661526,815,Germany,Male,37,2,110777.26,2,yes,no,2383.59,no,no,35-44,1-2,no,Excellent
15685997,838,Spain,Female,39,5,166733.92,2,yes,no,14279.44,no,no,35-44,3-5,no,Excellent
15660101,803,France,Male,31,9,157120.86,2,yes,no,141300.53,no,no,25-34,6-10,no,Excellent
15637979,664,Germany,Female,36,2,127160.78,2,yes,no,78140.75,no,no,35-44,1-2,no,Fair
15815364,736,Spain,Female,28,2,0.0,2,yes,yes,117431.1,no,yes,25-34,1-2,no,Good
15647099,633,France,Female,37,9,156091.97,1,yes,no,72008.61,no,no,35-44,6-10,yes,Fair
15625944,664,France,Male,58,5,98668.18,1,yes,yes,60887.58,no,no,55-64,3-5,no,Fair
15583212,600,France,Female,43,5,134022.06,1,yes,no,194764.83,no,no,35-44,3-5,yes,Fair
15582741,693,France,Female,35,5,124151.09,1,yes,no,88705.14,yes,no,25-34,3-5,yes,Good
15637876,663,Germany,Female,36,6,77253.5,1,no,no,35817.97,yes,no,35-44,6-10,yes,Fair
15622750,742,Germany,Female,21,1,114292.48,1,yes,no,31520.4,no,no,<25,1-2,yes,Very Good
15672056,710,Germany,Male,43,2,140080.32,3,yes,yes,157908.19,yes,no,35-44,1-2,no,Good
15812351,710,Spain,Female,27,2,135277.96,1,yes,no,142200.15,no,no,25-34,1-2,yes,Good
15810864,700,France,Female,82,2,0.0,2,no,yes,182055.36,no,yes,65+,1-2,no,Good
15677921,720,Germany,Male,60,9,115920.62,2,no,no,157552.08,yes,no,55-64,6-10,no,Good
15724296,684,Spain,Male,41,2,119782.72,2,no,no,120284.67,no,no,35-44,1-2,no,Good
15685329,531,France,Female,63,1,114715.71,1,no,yes,24506.95,yes,no,55-64,1-2,no,Poor
15584091,742,Germany,Female,36,2,129748.54,2,no,no,47271.61,yes,no,35-44,1-2,no,Very Good
15640442,717,France,Male,31,4,129722.57,1,no,no,41176.6,no,no,25-34,3-5,yes,Good
15639314,589,France,Male,32,2,0.0,2,no,yes,9468.64,no,yes,25-34,1-2,no,Fair
15685320,767,France,Male,36,3,139180.2,1,no,no,123880.19,no,no,35-44,3-5,yes,Very Good
15789158,636,Germany,Male,49,6,113599.74,2,yes,no,158887.09,yes,no,45-54,6-10,no,Fair
15752137,648,France,Male,33,7,134944.0,1,yes,yes,117036.38,no,no,25-34,6-10,no,Fair
15712551,622,Germany,Female,58,7,116922.25,1,yes,no,120415.61,yes,no,55-64,6-10,yes,Fair
15628936,692,Spain,Male,28,9,118945.09,1,no,no,16064.25,yes,no,25-34,6-10,yes,Good
15797227,754,France,Male,28,8,0.0,2,yes,yes,52615.62,no,yes,25-34,6-10,no,Very Good
15769974,679,Spain,Female,35,8,119182.73,1,no,no,121210.09,no,no,25-34,6-10,yes,Good
15737051,639,France,Male,27,8,0.0,2,yes,no,192247.35,no,yes,25-34,6-10,no,Fair
15585595,774,France,Female,28,1,71264.02,2,no,yes,68759.57,no,no,25-34,1-2,no,Very Good
15654060,517,France,Male,41,2,0.0,2,no,yes,75937.47,no,yes,35-44,1-2,no,Poor
15745196,571,France,Female,35,8,0.0,2,no,no,84569.13,no,yes,25-34,6-10,no,Poor
15571221,747,Germany,Male,58,7,116313.57,1,yes,yes,190696.35,yes,no,55-64,6-10,no,Very Good
15660155,792,Spain,Male,36,5,92140.15,1,no,yes,67468.67,no,no,35-44,3-5,no,Very Good
15605284,688,France,Male,26,1,0.0,2,yes,yes,104435.94,no,yes,25-34,1-2,no,Good
15694366,714,Germany,Male,42,2,177640.09,1,no,yes,47166.55,no,no,35-44,1-2,no,Good
15600739,562,Spain,Female,35,0,0.0,2,yes,no,119899.52,no,yes,25-34,0,no,Poor
15653253,704,Spain,Male,48,8,167997.6,1,yes,yes,173498.45,no,no,45-54,6-10,no,Good
15763431,698,France,Male,36,2,82275.35,2,yes,yes,93249.26,no,no,35-44,1-2,no,Good
15643696,611,France,Male,49,3,0.0,2,yes,yes,142917.54,no,yes,45-54,3-5,no,Fair
15707473,850,Germany,Female,48,6,111962.99,1,yes,no,111755.8,no,no,45-54,6-10,yes,Excellent
15769504,743,Germany,Female,34,1,131736.88,1,yes,yes,108543.21,no,no,25-34,1-2,no,Very Good
15776807,654,France,Male,29,1,0.0,1,yes,no,180345.44,no,yes,25-34,1-2,yes,Fair
15686870,761,Germany,Male,36,8,108239.11,2,no,no,99444.02,no,no,35-44,6-10,no,Very Good
15668747,702,France,Female,46,9,98444.19,1,no,yes,109563.28,no,no,45-54,6-10,no,Good
15766908,488,Germany,Male,32,3,114540.38,1,yes,no,92568.07,no,no,25-34,3-5,yes,Poor
15570134,683,France,Female,35,6,187530.66,2,yes,yes,37976.36,no,no,25-34,6-10,no,Good
15567367,601,Germany,Female,42,9,133636.16,1,no,yes,103315.74,no,no,35-44,6-10,no,Fair
15747542,605,France,Male,52,7,0.0,2,yes,yes,173952.5,no,yes,45-54,6-10,no,Fair
15762238,671,Germany,Female,44,0,84745.03,2,no,yes,34673.98,no,no,35-44,0,no,Good
15681554,614,Germany,Female,31,7,120599.38,2,yes,yes,46163.44,no,no,25-34,6-10,no,Fair
15712825,511,Spain,Female,29,9,0.0,2,no,yes,140676.98,no,yes,25-34,6-10,no,Poor
15640280,850,France,Male,39,4,127771.35,2,no,yes,151738.54,no,no,35-44,3-5,no,Excellent
15756026,790,Spain,Female,46,9,0.0,1,no,no,14679.81,yes,yes,45-54,6-10,yes,Very Good
15613319,793,France,Female,33,0,0.0,1,no,no,175544.02,no,yes,25-34,0,yes,Very Good
15798906,628,France,Male,69,5,0.0,2,yes,yes,181964.6,no,yes,65+,3-5,no,Fair
15708917,598,Germany,Male,53,10,167772.96,1,yes,yes,136886.86,no,no,45-54,6-10,no,Fair
15778463,657,France,Female,37,6,95845.6,1,yes,no,122218.23,no,no,35-44,6-10,yes,Fair
15699430,618,France,Female,35,10,0.0,2,yes,no,180439.75,no,yes,25-34,6-10,no,Fair
15649992,681,Spain,Male,65,7,134714.7,2,no,yes,190419.81,no,no,55-64,6-10,no,Good
15578980,516,Spain,Female,33,3,0.0,2,yes,yes,58685.59,no,yes,25-34,3-5,no,Poor
15775306,421,Germany,Male,28,8,122384.22,3,yes,yes,89017.38,yes,no,25-34,6-10,no,Poor
15641655,700,France,Female,26,2,0.0,2,no,no,50051.42,no,yes,25-34,1-2,no,Good
15619708,745,France,Male,25,5,157993.15,2,yes,no,146041.45,no,no,<25,3-5,no,Very Good
15734565,696,France,Male,29,8,0.0,2,yes,no,191166.09,no,yes,25-34,6-10,no,Good
15806438,580,Germany,Female,42,2,123331.36,1,no,no,103516.08,yes,no,35-44,1-2,yes,Poor
15591969,497,Spain,Male,27,9,75263.16,1,yes,yes,164825.04,no,no,25-34,6-10,no,Poor
15747807,720,France,Female,43,6,137824.03,2,yes,no,172557.77,no,no,35-44,6-10,no,Good
15596939,659,Germany,Male,36,4,132578.92,2,yes,no,84320.94,no,no,35-44,3-5,no,Fair
15716155,841,France,Female,36,5,156021.31,1,no,no,122662.98,no,no,35-44,3-5,yes,Excellent
15765311,642,Spain,Male,34,8,0.0,1,yes,no,72085.1,no,yes,25-34,6-10,yes,Fair
15757811,732,Spain,Female,69,9,137453.43,1,no,yes,110932.24,yes,no,65+,6-10,no,Good
15603830,600,Spain,Male,36,4,0.0,2,yes,no,143635.36,no,yes,35-44,3-5,no,Fair
15660602,464,Germany,Male,33,8,164284.72,2,yes,yes,3710.34,no,no,25-34,6-10,no,Poor
15660535,680,France,Female,47,5,0.0,2,yes,yes,179843.33,no,yes,45-54,3-5,no,Good
15666633,758,Spain,Male,56,1,0.0,2,yes,yes,10643.38,no,yes,55-64,1-2,no,Very Good
15596914,630,Germany,Female,31,2,112373.49,2,yes,yes,131167.98,no,no,25-34,1-2,no,Fair
15639788,577,France,Female,39,10,0.0,2,yes,no,10553.31,no,yes,35-44,6-10,no,Poor
15695846,684,France,Female,34,6,0.0,2,yes,yes,130928.22,no,yes,25-34,6-10,no,Good
15726234,708,Spain,Female,41,5,0.0,1,no,yes,157003.99,no,yes,35-44,3-5,no,Good
15797964,732,Germany,Female,29,1,154333.82,1,yes,yes,138527.56,no,no,25-34,1-2,no,Good
15625881,634,Germany,Male,37,3,111432.77,2,yes,yes,167032.49,no,no,35-44,3-5,no,Fair
15780628,633,France,Female,30,6,0.0,2,no,no,41642.29,no,yes,25-34,6-10,no,Fair
15575883,559,France,Male,34,2,137390.11,2,yes,no,9677.0,no,no,25-34,1-2,no,Poor
15585036,694,Spain,Female,37,3,0.0,2,yes,yes,147012.22,no,yes,35-44,3-5,no,Good
15589488,686,Germany,Female,56,5,111642.08,1,yes,yes,80553.87,no,no,55-64,3-5,no,Good
15585888,553,Spain,Female,48,3,0.0,1,no,yes,30730.95,yes,yes,45-54,3-5,no,Poor
15727915,507,France,Male,36,4,83543.37,1,no,no,140134.43,no,no,35-44,3-5,yes,Poor
15707567,732,Germany,Male,50,6,145338.76,1,no,no,91936.1,yes,no,45-54,6-10,yes,Good
15737792,818,France,Female,31,1,186796.37,1,no,no,178252.63,no,no,25-34,1-2,yes,Excellent
15599433,660,Germany,Male,35,8,58641.43,1,no,yes,198674.08,no,no,25-34,6-10,no,Fair
15672012,773,Spain,Female,41,5,0.0,1,yes,no,28266.9,yes,yes,35-44,3-5,yes,Very Good
15806983,640,France,Male,44,3,137148.68,1,yes,no,92381.01,no,no,35-44,3-5,yes,Fair
15592222,505,France,Male,49,7,80001.23,1,no,no,135180.11,no,no,45-54,6-10,yes,Poor
15608968,714,Germany,Male,21,6,86402.52,2,no,no,27330.59,no,no,<25,6-10,no,Good
15586959,468,France,Female,42,5,0.0,2,yes,no,125305.34,no,yes,35-44,3-5,no,Poor
15646558,611,Spain,Male,51,1,122874.74,1,yes,yes,149648.45,no,no,45-54,1-2,no,Fair
15725811,705,France,Male,25,0,97544.29,1,no,yes,59887.15,no,no,<25,0,no,Good
15572265,646,Germany,Male,46,1,170826.55,2,yes,no,45041.32,no,no,45-54,1-2,no,Fair
15794048,667,Germany,Female,48,1,97133.92,2,no,no,113316.77,yes,no,45-54,1-2,no,Fair
15677610,511,Germany,Female,41,8,153895.65,1,yes,yes,39087.42,no,no,35-44,6-10,no,Poor
15745012,653,France,Female,43,6,0.0,2,yes,yes,7330.59,no,yes,35-44,6-10,no,Fair
15601589,675,France,Female,57,8,0.0,2,no,yes,95463.29,no,yes,55-64,6-10,no,Good
15686436,523,Spain,Male,32,4,0.0,2,yes,no,167848.02,no,yes,25-34,3-5,no,Poor
15693864,567,Germany,Female,49,5,134956.02,1,yes,no,93953.84,yes,no,45-54,3-5,yes,Poor
15760550,741,Spain,Male,39,7,143637.58,2,no,yes,174227.66,no,no,35-44,6-10,no,Very Good
15686137,456,Spain,Male,32,9,147506.25,1,yes,yes,135399.21,no,no,25-34,6-10,no,Poor
15809087,598,France,Male,64,1,0.0,2,yes,no,195635.3,yes,yes,55-64,1-2,no,Fair
15807663,667,France,Male,43,8,190227.46,1,yes,no,97508.04,yes,no,35-44,6-10,yes,Fair
15809100,548,France,Female,32,2,172448.77,1,yes,no,188083.77,yes,no,25-34,1-2,yes,Poor
15794916,725,France,Male,41,7,113980.21,1,yes,yes,116704.25,no,no,35-44,6-10,no,Good
15614215,717,France,Male,53,6,0.0,2,no,yes,97614.87,no,yes,45-54,6-10,no,Good
15805449,594,France,Male,38,4,0.0,2,no,no,186884.04,no,yes,35-44,3-5,no,Fair
15686983,678,Germany,Female,25,10,76968.12,2,no,yes,131501.72,no,no,<25,6-10,no,Good
15808017,545,France,Male,38,1,88293.13,2,yes,yes,24302.95,no,no,35-44,1-2,no,Poor
15756804,636,France,Female,48,1,170833.46,1,yes,no,110510.28,yes,no,45-54,1-2,yes,Fair
15646810,603,Germany,Male,44,6,108122.39,2,yes,no,108488.33,yes,no,35-44,6-10,no,Fair
15710424,435,France,Male,36,4,0.0,1,yes,yes,197015.2,no,yes,35-44,3-5,no,Poor
15799422,535,France,Female,40,8,0.0,1,yes,yes,27689.77,no,yes,35-44,6-10,no,Poor
15692750,629,Germany,Female,45,7,129818.39,3,yes,no,9217.55,yes,no,35-44,6-10,no,Fair
15794549,722,France,Female,35,2,163943.89,2,yes,yes,15068.18,no,no,25-34,1-2,no,Good
15803764,561,France,Male,28,7,0.0,2,yes,no,7797.01,no,yes,25-34,6-10,no,Poor
15674840,645,France,Female,38,5,101430.3,2,no,yes,4400.32,no,no,35-44,3-5,no,Fair
15653762,501,France,Female,39,9,117301.66,1,no,no,182025.95,no,no,35-44,6-10,yes,Poor
15581229,502,Germany,Female,32,1,173340.83,1,no,yes,122763.95,no,no,25-34,1-2,no,Poor
15800228,652,Spain,Female,42,4,0.0,2,yes,yes,38152.01,no,yes,35-44,3-5,no,Fair
15656333,574,France,Female,33,3,134348.57,1,yes,no,63163.99,no,no,25-34,3-5,yes,Poor
15697497,518,France,Female,45,9,105525.65,2,yes,yes,73418.29,no,no,35-44,6-10,no,Poor
15585362,749,France,Female,60,6,0.0,1,yes,no,17978.68,yes,yes,55-64,6-10,yes,Very Good
15571928,679,France,Female,43,4,0.0,3,yes,no,115136.51,yes,yes,35-44,3-5,no,Good
15785519,565,France,Male,36,6,106192.1,1,yes,no,149575.59,no,no,35-44,6-10,yes,Poor
15743007,643,France,Female,45,4,45144.43,1,yes,no,60917.24,yes,no,35-44,3-5,yes,Fair
15777211,515,France,Male,65,7,92113.61,1,yes,yes,142548.33,no,no,55-64,6-10,no,Poor
15721935,521,France,Male,25,7,0.0,2,yes,yes,157878.67,no,yes,<25,6-10,no,Poor
15591711,739,Spain,Male,38,0,128366.44,1,yes,no,12796.43,no,no,35-44,0,yes,Good
15625021,585,France,Male,42,2,0.0,2,yes,yes,18657.77,no,yes,35-44,1-2,no,Fair
15702968,733,Germany,Male,74,3,106545.53,1,yes,yes,134589.58,no,no,65+,3-5,no,Good
15600462,542,France,Female,43,8,145618.37,1,no,yes,10350.74,no,no,35-44,6-10,no,Poor
15768104,788,Spain,Male,37,8,141541.25,1,no,no,66013.27,no,no,35-44,6-10,yes,Very Good
15780140,435,Germany,Male,32,2,57017.06,2,yes,yes,5907.11,no,no,25-34,1-2,no,Poor
15585255,577,France,Male,42,9,0.0,1,yes,no,74077.91,no,yes,35-44,6-10,yes,Poor
15772781,703,France,Female,51,3,0.0,3,yes,yes,77294.56,yes,yes,45-54,3-5,no,Good
15669987,728,Germany,Female,35,8,125884.95,2,yes,no,54359.02,yes,no,25-34,6-10,no,Good
15697000,728,Germany,Male,32,5,61825.5,1,yes,yes,156124.93,no,no,25-34,3-5,no,Good
15733119,718,France,Male,35,8,0.0,2,yes,no,94820.85,no,yes,25-34,6-10,no,Good
15782390,621,France,Female,40,6,0.0,1,yes,no,155155.25,no,yes,35-44,6-10,yes,Fair
15654700,523,France,Female,40,2,102967.41,1,yes,no,128702.1,yes,no,35-44,1-2,yes,Poor
15632210,657,Germany,Male,25,2,171770.55,1,yes,no,22745.5,no,no,<25,1-2,yes,Fair
15642041,727,Germany,Male,40,1,93051.64,2,yes,no,71865.31,yes,no,35-44,1-2,no,Good
15709737,643,France,Male,36,7,161064.64,2,no,yes,84294.82,no,no,35-44,6-10,no,Fair
15792388,645,France,Female,48,7,90612.34,1,yes,yes,149139.13,no,no,45-54,6-10,no,Fair
15786014,568,France,Male,28,5,145105.64,2,yes,no,185489.11,no,no,25-34,3-5,no,Poor
15794580,599,France,Male,58,4,0.0,1,no,no,176407.15,yes,yes,55-64,3-5,yes,Fair
15675964,672,France,Female,45,9,0.0,1,yes,yes,92027.69,yes,yes,35-44,6-10,no,Good
15814275,685,France,Male,33,6,174912.72,1,yes,yes,43932.54,no,no,25-34,6-10,no,Good
15724848,516,France,Female,46,1,104947.72,1,yes,no,115789.25,yes,no,45-54,1-2,yes,Poor
15754713,685,Spain,Male,31,10,135213.71,1,yes,yes,125777.28,no,no,25-34,6-10,no,Good
15693814,806,Spain,Male,25,7,0.0,2,yes,no,18461.9,no,yes,<25,6-10,no,Excellent
15599660,604,France,Male,36,6,116229.85,2,yes,yes,79633.38,no,no,35-44,6-10,no,Fair
15746490,648,Spain,Female,53,6,111201.41,1,yes,yes,121542.29,no,no,45-54,6-10,no,Fair
15566091,545,Spain,Female,32,4,0.0,1,yes,no,94739.2,no,yes,25-34,3-5,yes,Poor
15655961,756,Germany,Male,27,1,131899.0,1,yes,no,93302.29,no,no,25-34,1-2,yes,Very Good
15710404,569,France,Male,35,10,124525.52,1,yes,yes,193793.78,no,no,25-34,6-10,no,Poor
15775625,596,France,Male,47,6,0.0,1,yes,no,74835.65,no,yes,45-54,6-10,yes,Fair
15792328,475,France,Male,39,6,0.0,1,yes,yes,56999.9,yes,yes,35-44,6-10,no,Poor
15719856,646,France,Female,45,3,47134.75,1,yes,yes,57236.44,no,no,35-44,3-5,no,Fair
15593773,784,Spain,Male,35,3,0.0,2,no,no,81483.64,no,yes,25-34,3-5,no,Very Good
15733114,552,Spain,Male,45,9,0.0,2,yes,no,26752.56,no,yes,35-44,6-10,no,Poor
15797748,729,France,Male,44,5,0.0,2,no,yes,9200.54,no,yes,35-44,3-5,no,Good
15743411,609,Spain,Male,61,1,0.0,1,yes,no,22447.85,yes,yes,55-64,1-2,yes,Fair
15753337,555,France,Male,51,5,0.0,3,yes,no,189122.89,yes,yes,45-54,3-5,no,Poor
15601026,572,Germany,Female,19,1,138657.08,1,yes,yes,16161.82,no,no,<25,1-2,no,Poor
15658485,785,France,Female,34,9,70302.48,1,yes,yes,68600.36,no,no,25-34,6-10,no,Very Good
15636731,714,Germany,Female,36,1,101609.01,2,yes,yes,447.73,no,no,35-44,1-2,no,Good
15628303,738,Spain,Male,35,3,0.0,1,yes,yes,15650.73,no,yes,25-34,3-5,no,Good
15633461,639,Germany,Male,38,5,130170.82,1,yes,yes,149599.62,no,no,35-44,3-5,no,Fair
15677135,520,Germany,Male,61,8,133802.29,2,yes,yes,90304.01,no,no,55-64,6-10,no,Poor
15590876,764,France,Female,24,7,106234.02,1,no,no,115676.38,no,no,<25,6-10,yes,Very Good
15790782,661,Spain,Male,39,6,132628.98,1,no,no,38812.67,no,no,35-44,6-10,yes,Fair
15700476,564,Germany,Male,41,9,103522.75,2,yes,yes,34338.21,no,no,35-44,6-10,no,Poor
15634141,708,Germany,Female,42,8,192390.52,2,yes,no,823.36,no,no,35-44,6-10,no,Good
15737795,512,Spain,Male,36,1,0.0,1,no,yes,135482.26,yes,yes,35-44,1-2,no,Poor
15790299,592,Spain,Male,37,9,0.0,3,yes,yes,10656.89,no,yes,35-44,6-10,no,Fair
15675316,619,France,Female,38,3,0.0,2,no,yes,116467.35,no,yes,35-44,3-5,no,Fair
15613630,775,France,Male,52,8,109922.61,1,yes,yes,96823.32,yes,no,45-54,6-10,no,Very Good
15662100,850,Germany,Female,44,5,128605.32,1,no,yes,171096.2,no,no,35-44,3-5,no,Excellent
15668032,577,France,Female,37,4,0.0,1,yes,yes,79881.39,no,yes,35-44,3-5,no,Poor
15599289,724,France,Female,37,10,68598.56,1,yes,no,157862.82,no,no,35-44,6-10,yes,Good
15754084,710,Spain,Male,35,1,106518.52,1,yes,yes,127951.81,no,no,25-34,1-2,no,Good
15676521,696,France,Female,31,8,0.0,2,no,no,191074.11,no,yes,25-34,6-10,no,Good
15804586,376,France,Female,46,6,0.0,1,yes,no,157333.69,yes,yes,45-54,6-10,yes,Poor
15781465,675,Germany,Female,29,8,121326.42,1,yes,no,133457.52,no,no,25-34,6-10,yes,Good
15729362,745,France,Male,36,8,67226.37,1,yes,no,130789.6,no,no,35-44,6-10,yes,Very Good
15709295,697,Spain,Female,25,5,82931.85,2,yes,yes,128373.88,no,no,<25,3-5,no,Good
15745324,599,Spain,Female,39,4,0.0,1,yes,no,194273.2,yes,yes,35-44,3-5,yes,Fair
15741336,715,France,Female,38,5,118590.41,1,yes,yes,5684.17,yes,no,35-44,3-5,no,Good
15783659,659,France,Male,67,4,145981.87,1,yes,yes,131043.2,no,no,65+,3-5,no,Fair
15620981,684,France,Female,48,3,73309.38,1,no,no,21228.34,yes,no,45-54,3-5,yes,Good
15630328,635,France,Female,48,8,130796.33,2,yes,yes,43250.3,no,no,45-54,6-10,no,Fair
15785899,789,Germany,Male,33,8,151607.56,1,yes,no,4389.4,no,no,25-34,6-10,yes,Very Good
15606149,571,Germany,Female,66,9,111577.01,1,no,yes,189271.9,no,no,65+,6-10,no,Poor
15671139,694,Spain,Male,39,0,107042.74,1,yes,yes,102284.2,no,no,35-44,0,no,Good
15660429,665,Spain,Female,42,2,156371.61,2,no,yes,156774.94,yes,no,35-44,1-2,no,Fair
15571002,706,France,Female,44,4,129605.99,1,no,no,69865.49,no,no,35-44,3-5,yes,Good
15631681,807,Spain,Female,43,0,0.0,2,no,yes,85523.24,no,yes,35-44,0,no,Excellent
15731522,771,Spain,Female,67,8,0.0,2,yes,yes,51219.8,no,yes,65+,6-10,no,Very Good
15619529,531,Spain,Male,27,8,132576.25,1,no,no,7222.92,no,no,25-34,6-10,yes,Poor
15628034,629,France,Female,37,6,129101.3,1,yes,yes,23971.33,no,no,35-44,6-10,no,Fair
15686164,850,Germany,Female,31,1,108822.4,1,yes,yes,132173.31,no,no,25-34,1-2,no,Excellent
15582797,685,Spain,Male,35,4,137948.51,1,yes,no,113639.64,no,no,25-34,3-5,yes,Good
15753831,642,Spain,Male,32,7,100433.8,1,yes,yes,39768.59,no,no,25-34,6-10,no,Fair
15731815,529,Spain,Male,63,4,96134.11,3,yes,no,108732.96,yes,no,55-64,3-5,no,Poor
15580956,683,Germany,Female,43,4,115888.04,1,yes,yes,117349.19,yes,no,35-44,3-5,no,Good
15602084,663,France,Female,42,5,124626.07,1,yes,yes,78004.5,no,no,35-44,3-5,no,Fair
15589805,563,France,Female,34,6,139810.34,1,yes,yes,152417.79,no,no,25-34,6-10,no,Poor
15720893,637,Spain,Female,34,9,0.0,2,no,no,26057.08,no,yes,25-34,6-10,no,Fair
15641009,544,France,Male,37,3,84496.71,1,no,no,79972.09,no,no,35-44,3-5,yes,Poor
15605926,649,Germany,Male,70,9,116854.71,2,no,yes,107125.79,no,no,65+,6-10,no,Fair
15805955,638,France,Female,48,10,138333.03,1,yes,yes,47679.14,no,no,45-54,6-10,no,Fair
15801488,723,France,Male,25,3,0.0,2,yes,yes,134509.47,no,yes,<25,3-5,no,Good
15605918,635,Germany,Male,43,5,78992.75,2,no,no,153265.31,no,no,35-44,3-5,no,Fair
15779711,750,Spain,Female,38,7,97257.41,2,no,yes,179883.04,no,no,35-44,6-10,no,Very Good
15705620,730,France,Male,34,5,122453.37,2,yes,no,138882.98,no,no,25-34,3-5,no,Good
15685357,750,Spain,Female,36,8,112940.07,1,no,yes,9855.81,no,no,35-44,6-10,no,Very Good
15570060,586,France,Female,43,8,132558.26,1,yes,no,67046.83,yes,no,35-44,6-10,yes,Fair
15582616,520,France,Female,38,4,0.0,2,yes,no,56388.63,no,yes,35-44,3-5,no,Poor
15799515,652,France,Female,48,8,133297.24,1,yes,no,77764.37,no,no,45-54,6-10,yes,Fair
15642937,550,France,Female,46,7,0.0,2,yes,no,130590.35,no,yes,45-54,6-10,no,Poor
15624729,594,France,Male,27,0,197041.8,1,no,no,151912.49,no,no,25-34,0,yes,Fair
15566156,749,Germany,Female,44,0,71497.79,2,no,no,151083.8,no,no,35-44,0,no,Very Good
15792360,668,France,Male,32,7,0.0,2,yes,yes,777.37,no,yes,25-34,6-10,no,Fair
15807008,614,Germany,Female,35,6,128100.28,1,no,no,69454.24,yes,no,25-34,6-10,yes,Fair
15704770,773,France,Male,25,1,124532.78,2,no,yes,11723.57,no,no,<25,1-2,no,Very Good
15756475,551,Germany,Male,31,9,82293.82,2,yes,yes,91565.25,no,no,25-34,6-10,no,Poor
15655339,566,France,Male,36,1,142120.91,1,yes,no,79616.37,no,no,35-44,1-2,yes,Poor
15613749,569,Spain,Male,34,0,151839.26,1,yes,no,102299.81,yes,no,25-34,0,yes,Poor
15664521,659,Spain,Male,31,7,149620.88,2,yes,yes,104533.51,no,no,25-34,6-10,no,Fair
15681206,722,France,Female,49,3,168197.66,1,yes,no,140765.57,yes,no,45-54,3-5,yes,Good
15745527,655,France,Male,37,5,93147.0,2,yes,no,66214.13,no,no,35-44,3-5,no,Fair
15806926,615,France,Female,35,2,97440.02,2,yes,yes,139816.1,no,no,25-34,1-2,no,Fair
15724563,752,Germany,Female,42,3,65046.08,2,no,yes,140139.28,no,no,35-44,3-5,no,Very Good
15782899,661,Spain,Female,28,7,95357.49,1,no,no,102297.15,no,no,25-34,6-10,yes,Fair
15623521,838,Spain,Male,43,9,123105.88,2,yes,no,145765.83,no,no,35-44,6-10,no,Excellent
15810218,610,Spain,Male,29,9,0.0,3,no,yes,83912.24,no,yes,25-34,6-10,no,Fair
15645621,811,Spain,Male,44,3,0.0,2,no,yes,78439.73,no,yes,35-44,3-5,no,Excellent
15608114,587,Spain,Male,62,7,121286.27,1,no,yes,6776.92,no,no,55-64,6-10,no,Fair
15659557,811,Germany,Female,28,4,167738.82,2,yes,yes,9903.42,no,no,25-34,3-5,no,Excellent
15787772,759,France,Female,38,1,104091.29,1,no,no,91561.91,no,no,35-44,1-2,yes,Very Good
15691111,648,Germany,Female,42,8,121980.56,2,yes,no,4027.02,no,no,35-44,6-10,no,Fair
15592089,788,France,Female,43,10,0.0,2,yes,yes,116111.51,no,yes,35-44,6-10,no,Very Good
15633897,725,Germany,Male,39,1,50880.98,2,yes,yes,184023.54,no,no,35-44,1-2,no,Good
15701301,646,France,Female,42,3,175159.9,2,no,no,67124.48,yes,no,35-44,3-5,no,Fair
15723685,601,Germany,Female,26,7,105514.69,2,yes,no,50070.59,no,no,25-34,6-10,no,Fair
15701602,521,Germany,Male,52,5,116497.31,3,no,no,53793.1,yes,no,45-54,3-5,no,Poor
15739189,561,Spain,Female,33,6,0.0,2,yes,no,45261.47,no,yes,25-34,6-10,no,Poor
15573086,564,France,Male,42,7,99824.45,1,yes,yes,36721.4,no,no,35-44,6-10,no,Poor
15569050,444,France,Male,45,6,0.0,1,yes,no,130009.85,yes,yes,35-44,6-10,yes,Poor
15750765,650,Spain,Male,71,0,0.0,1,yes,yes,175380.77,no,yes,65+,0,no,Fair
15799811,724,France,Male,40,10,0.0,1,yes,no,127847.25,yes,yes,35-44,6-10,yes,Good
15698442,719,Spain,Male,35,3,122964.88,1,yes,yes,138231.7,no,no,25-34,3-5,no,Good
15655274,548,France,Female,29,4,0.0,2,no,yes,48673.18,no,yes,25-34,3-5,no,Poor
15603594,635,Spain,Male,24,4,0.0,2,yes,yes,70668.77,no,yes,<25,3-5,no,Fair
15585961,496,Spain,Female,43,3,0.0,2,no,yes,199505.53,no,yes,35-44,3-5,no,Poor
15686936,676,France,Female,37,5,89634.69,1,yes,yes,169583.18,yes,no,35-44,3-5,no,Good
15770424,541,Germany,Male,40,7,95710.11,2,yes,no,49063.42,no,no,35-44,6-10,no,Poor
15587451,778,Germany,Male,41,7,139706.31,1,yes,no,63337.19,no,no,35-44,6-10,yes,Very Good
15602010,850,Germany,Female,45,5,103909.86,1,yes,no,60083.11,yes,no,35-44,3-5,yes,Excellent
15600583,633,France,Male,31,1,0.0,1,yes,no,48606.71,no,yes,25-34,1-2,yes,Fair
15654673,625,France,Male,49,6,173434.9,1,yes,no,165580.93,yes,no,45-54,6-10,yes,Fair
15717164,485,Spain,Male,32,6,102238.01,2,yes,yes,194010.12,no,no,25-34,6-10,no,Poor
15765014,547,France,Female,48,1,179380.74,2,no,yes,69263.1,no,no,45-54,1-2,no,Poor
15682639,642,France,Male,32,3,0.0,2,yes,yes,88698.83,no,yes,25-34,3-5,no,Fair
15729279,718,France,Female,25,4,108691.95,1,yes,no,63030.97,no,no,<25,3-5,yes,Good
15759805,582,France,Female,32,4,0.0,2,yes,no,59668.81,no,yes,25-34,3-5,no,Fair
15767864,628,France,Male,33,6,0.0,2,no,no,184230.23,no,yes,25-34,6-10,no,Fair
15769948,737,Germany,Male,35,0,133377.8,1,no,yes,64050.19,no,no,25-34,0,no,Good
15686345,828,Spain,Male,34,9,0.0,2,yes,yes,81853.98,no,yes,25-34,6-10,no,Excellent
15688071,609,Spain,Male,53,10,0.0,1,yes,yes,154642.91,no,yes,45-54,6-10,no,Fair
15681174,730,France,Male,39,1,116537.6,1,no,no,145679.6,no,no,35-44,1-2,yes,Good
15667521,631,France,Female,22,3,0.0,2,no,no,30781.77,no,yes,<25,3-5,no,Fair
15750243,830,Spain,Male,40,4,0.0,2,no,yes,81622.52,no,yes,35-44,3-5,no,Excellent
15695475,645,France,Male,29,1,130131.08,2,no,yes,196474.35,no,no,25-34,1-2,no,Fair
15689176,663,France,Male,46,3,0.0,2,no,yes,176276.1,no,yes,45-54,3-5,no,Fair
15652955,678,Spain,Male,30,0,0.0,1,yes,no,35113.08,no,yes,25-34,0,yes,Good
15668958,521,France,Male,30,2,107316.09,1,yes,no,64299.82,no,no,25-34,1-2,yes,Poor
15631054,625,France,Female,24,1,0.0,2,yes,yes,180969.55,no,yes,<25,1-2,no,Fair
15581479,523,France,Male,30,1,83181.29,1,yes,yes,138176.78,no,no,25-34,1-2,no,Poor
15577478,714,France,Female,72,3,0.0,1,yes,yes,86733.61,no,yes,65+,3-5,no,Good
15780870,580,Spain,Male,67,3,153946.14,1,yes,yes,7418.92,no,no,65+,3-5,no,Poor
15692317,722,France,Male,30,5,0.0,2,yes,no,166376.54,no,yes,25-34,3-5,no,Good
15593969,630,Spain,Female,39,7,135483.17,1,yes,no,140881.2,yes,no,35-44,6-10,yes,Fair
15570417,579,France,Male,35,1,0.0,2,yes,no,4460.2,no,yes,25-34,1-2,no,Poor
15779059,670,France,Female,38,4,119624.54,2,yes,yes,110472.12,no,no,35-44,3-5,no,Fair
15785980,588,Spain,Male,34,6,121132.26,2,yes,no,86460.28,no,no,25-34,6-10,no,Fair
15644200,807,Spain,Female,42,1,0.0,1,yes,no,16500.66,yes,yes,35-44,1-2,yes,Excellent
15793949,726,France,Female,48,4,0.0,1,yes,no,114020.06,yes,yes,45-54,3-5,yes,Good
15645103,812,Germany,Male,25,5,54817.55,1,yes,no,131660.31,no,no,<25,3-5,yes,Excellent
15705860,631,Germany,Male,40,3,107949.45,1,yes,no,52449.62,yes,no,35-44,3-5,yes,Fair
15623828,682,France,Male,30,4,0.0,1,no,yes,161465.31,no,yes,25-34,3-5,no,Good
15715003,625,Spain,Female,49,2,80816.45,1,yes,yes,20018.79,no,no,45-54,1-2,no,Fair
15623471,607,Germany,Male,38,3,98205.77,1,yes,no,176318.27,no,no,35-44,3-5,yes,Fair
15798348,600,Spain,Female,50,6,94684.27,1,yes,yes,50488.91,no,no,45-54,6-10,no,Fair
15743016,602,Spain,Female,22,7,141604.76,1,yes,no,30379.6,no,no,<25,6-10,yes,Fair
15769499,545,Spain,Female,74,3,0.0,2,yes,yes,161326.73,no,yes,65+,3-5,no,Poor
15798521,675,Spain,Male,33,3,0.0,2,yes,no,45348.08,no,yes,25-34,3-5,no,Good
15706534,581,France,Female,47,1,122949.14,1,no,no,180251.68,yes,no,45-54,1-2,yes,Fair
15706186,640,Germany,Male,33,8,81677.22,2,no,no,34925.56,no,no,25-34,6-10,no,Fair
15812197,850,France,Male,38,7,80293.98,1,no,no,126555.74,no,no,35-44,6-10,yes,Excellent
15650933,490,Spain,Female,48,8,155413.06,1,yes,no,187921.3,no,no,45-54,6-10,yes,Poor
15692991,710,Spain,Female,38,4,0.0,2,yes,yes,136390.88,no,yes,35-44,3-5,no,Good
15631189,613,Germany,Male,38,9,67111.65,1,yes,no,78566.64,yes,no,35-44,6-10,yes,Fair
15762198,812,France,Male,34,5,103818.43,1,yes,yes,166038.27,no,no,25-34,3-5,no,Excellent
15699598,723,France,Female,20,4,0.0,2,yes,yes,140385.33,no,yes,<25,3-5,no,Good
15692744,512,France,Male,36,4,152169.12,2,no,no,38629.3,yes,no,35-44,3-5,no,Poor
15688963,731,France,Female,52,10,0.0,1,yes,yes,24998.75,yes,yes,45-54,6-10,no,Good
15599131,650,Germany,Male,26,4,214346.96,2,yes,no,128815.33,no,no,25-34,3-5,no,Fair
15680303,594,France,Male,57,6,0.0,1,yes,no,19376.56,yes,yes,55-64,6-10,yes,Fair
15628674,844,France,Male,40,7,113348.14,1,yes,no,31904.31,yes,no,35-44,6-10,yes,Excellent
15648075,686,Germany,Female,47,5,170935.94,1,yes,no,173179.79,yes,no,45-54,3-5,yes,Good
15586970,695,Germany,Male,52,8,103023.26,1,yes,yes,22485.64,no,no,45-54,6-10,no,Good
15625698,624,Spain,Female,23,6,0.0,2,no,yes,196668.51,no,yes,<25,6-10,no,Fair
15790497,503,Spain,Male,37,6,0.0,2,no,no,136506.86,no,yes,35-44,6-10,no,Poor
15682618,535,France,Female,31,7,111855.04,2,yes,yes,36278.89,no,no,25-34,6-10,no,Poor
15762937,743,Germany,Female,32,6,140348.56,2,yes,yes,163254.39,no,no,25-34,6-10,no,Very Good
15750929,702,Spain,Male,39,8,0.0,2,yes,no,99654.13,no,yes,35-44,6-10,no,Good
15729832,658,France,Male,29,3,145512.84,1,yes,no,20207.02,no,no,25-34,3-5,yes,Fair
15633650,677,Germany,Female,41,8,146720.98,2,yes,yes,4195.84,no,no,35-44,6-10,no,Good
15748856,664,France,Male,32,10,107209.73,1,yes,yes,112340.2,no,no,25-34,6-10,no,Fair
15589195,766,Germany,Female,38,7,130933.74,1,no,yes,2035.94,no,no,35-44,6-10,no,Very Good
15699911,461,Spain,Female,35,8,0.0,1,yes,no,132295.95,no,yes,25-34,6-10,yes,Poor
15663438,688,Spain,Male,36,0,89772.3,1,yes,no,177383.68,yes,no,35-44,0,yes,Good
15692583,678,France,Female,32,5,0.0,2,yes,no,90284.47,no,yes,25-34,3-5,no,Good
15591257,796,France,Male,24,8,0.0,2,yes,no,61349.37,no,yes,<25,6-10,no,Very Good
15646513,803,France,Male,42,5,0.0,1,yes,no,196466.83,yes,yes,35-44,3-5,yes,Excellent
15708063,712,France,Male,36,2,100749.5,3,no,no,70758.37,yes,no,35-44,1-2,no,Good
15696098,498,France,Female,31,10,0.0,2,yes,no,13892.57,no,yes,25-34,6-10,no,Poor
15645517,850,Spain,Male,22,2,0.0,2,yes,yes,9684.52,no,yes,<25,1-2,no,Excellent
15649744,628,France,Female,51,3,123981.31,2,yes,yes,40546.15,no,no,45-54,3-5,no,Fair
15604304,539,Germany,Female,34,4,91622.42,1,yes,yes,136603.42,no,no,25-34,3-5,no,Poor
15784092,732,France,Male,36,7,126195.81,1,yes,yes,133172.48,no,no,35-44,6-10,no,Good
15585198,715,France,Male,41,4,94267.9,1,no,yes,152821.12,yes,no,35-44,3-5,no,Good
15624347,651,France,Male,40,4,0.0,2,yes,yes,147715.83,no,yes,35-44,3-5,no,Fair
15621687,813,France,Male,34,0,0.0,2,yes,no,43169.15,no,yes,25-34,0,no,Excellent
15689081,692,France,Male,29,4,0.0,1,yes,no,76755.99,yes,yes,25-34,3-5,yes,Good
15813168,756,Germany,Female,39,3,100717.85,3,yes,yes,73406.04,yes,no,35-44,3-5,no,Very Good
15604295,543,France,Male,36,6,0.0,2,yes,no,176728.28,no,yes,35-44,6-10,no,Poor
15724127,790,France,Female,26,4,141581.71,2,no,no,98309.27,no,no,25-34,3-5,no,Very Good
15673055,494,Spain,Male,38,7,0.0,2,yes,yes,6203.66,no,yes,35-44,6-10,no,Poor
15768201,850,France,Female,39,2,148586.64,1,yes,yes,176791.27,no,no,35-44,1-2,no,Excellent
15782219,703,Spain,Male,29,9,0.0,2,yes,no,50679.48,no,yes,25-34,6-10,no,Good
15746410,432,Spain,Male,38,7,0.0,2,yes,no,150580.88,no,yes,35-44,6-10,no,Poor
15780144,512,Germany,Female,32,2,123403.85,2,yes,no,80120.19,no,no,25-34,1-2,no,Poor
15590476,589,France,Male,28,7,0.0,2,yes,no,151645.96,no,yes,25-34,6-10,no,Fair
15624293,514,France,Female,46,3,106511.85,1,yes,no,55072.32,no,no,45-54,3-5,yes,Poor
15618182,678,France,Female,38,2,0.0,2,no,no,115068.99,no,yes,35-44,1-2,no,Good
15660316,420,Germany,Female,34,1,135549.9,1,no,no,149471.13,yes,no,25-34,1-2,yes,Poor
15678886,679,Germany,Male,38,7,110555.37,2,yes,no,46522.68,no,no,35-44,6-10,no,Good
15616330,595,France,Male,31,4,0.0,2,yes,no,189995.86,no,yes,25-34,3-5,no,Fair
15592229,713,France,Female,52,0,185891.54,1,yes,yes,46369.57,yes,no,45-54,0,no,Good
15798424,833,Germany,Male,59,1,130854.59,1,yes,yes,30722.52,yes,no,55-64,1-2,no,Excellent
15714750,690,France,Female,42,3,92578.14,2,no,no,70810.6,no,no,35-44,3-5,no,Good
15648800,731,Germany,Female,21,8,132312.06,1,yes,no,106663.46,yes,no,<25,6-10,yes,Good
15626147,608,France,Female,62,8,144976.5,1,no,no,175836.03,yes,no,55-64,6-10,yes,Fair
15626608,479,Spain,Male,48,5,87070.23,1,no,yes,85646.41,no,no,45-54,3-5,no,Poor
15723250,519,France,Male,42,8,0.0,2,yes,yes,101485.72,no,yes,35-44,6-10,no,Poor
15592583,731,France,Female,47,1,115414.19,3,no,no,191734.67,yes,no,45-54,1-2,no,Good
15759381,617,Spain,Male,61,7,91070.43,1,yes,yes,101839.77,no,no,55-64,6-10,no,Fair
15585241,756,Spain,Male,29,2,117412.19,2,yes,no,4888.91,no,no,25-34,1-2,no,Very Good
15589358,848,Germany,Male,31,4,90018.45,2,yes,no,193132.98,no,no,25-34,3-5,no,Excellent
15672704,809,France,Female,24,4,0.0,2,yes,no,193518.76,no,yes,<25,3-5,no,Excellent
15789955,698,Germany,Male,56,1,112414.81,2,no,no,93982.02,yes,no,55-64,1-2,no,Good
15596800,779,Germany,Male,33,1,158456.76,1,yes,yes,197000.92,yes,no,25-34,1-2,no,Very Good
15627305,606,Spain,Male,35,7,0.0,1,yes,no,106837.06,yes,yes,25-34,6-10,yes,Fair
15645316,612,Germany,Female,58,1,149641.53,1,yes,yes,115161.28,no,no,55-64,1-2,no,Fair
15593973,663,Spain,Female,33,8,122528.18,1,yes,no,196260.3,no,no,25-34,6-10,yes,Fair
15647301,549,Germany,Female,45,3,143734.01,2,yes,yes,96404.38,no,no,35-44,3-5,no,Poor
15750258,675,France,Female,32,2,155663.31,1,yes,no,97658.66,no,no,25-34,1-2,yes,Good
15685309,669,France,Female,35,7,0.0,1,yes,yes,49108.23,yes,yes,25-34,6-10,no,Fair
15628205,571,Germany,Female,34,1,101736.66,1,no,yes,195651.66,no,no,25-34,1-2,no,Poor
15733974,500,Spain,Male,37,9,125822.21,1,yes,no,111698.0,no,no,35-44,6-10,yes,Poor
15762110,628,France,Male,37,0,0.0,2,yes,yes,171707.93,no,yes,35-44,0,no,Fair
15706899,559,France,Male,34,4,0.0,2,yes,yes,66721.98,no,yes,25-34,3-5,no,Poor
15732660,769,France,Female,27,2,0.0,1,yes,yes,57876.05,no,yes,25-34,1-2,no,Very Good
15656121,733,Germany,Male,31,6,157791.07,2,no,no,177994.81,no,no,25-34,6-10,no,Good
15614220,750,France,Male,22,5,0.0,2,no,yes,105125.65,no,yes,<25,3-5,no,Very Good
15645269,583,France,Female,42,4,0.0,2,yes,no,17439.66,no,yes,35-44,3-5,no,Fair
15698510,468,Germany,Male,42,9,181627.14,2,yes,no,172668.39,no,no,35-44,6-10,no,Poor
15569247,727,Spain,Female,57,1,109679.72,1,no,yes,753.37,no,no,55-64,1-2,no,Good
15566251,618,France,Female,37,5,96652.86,1,yes,no,98686.4,yes,no,35-44,3-5,yes,Fair
15716134,617,France,Male,40,5,190008.32,2,yes,yes,107047.92,no,no,35-44,3-5,no,Fair
15763625,793,Spain,Male,41,9,0.0,2,yes,no,152153.74,no,yes,35-44,6-10,no,Very Good
15605965,630,France,Male,43,9,0.0,2,yes,yes,34338.04,no,yes,35-44,6-10,no,Fair
15694821,765,Germany,Male,43,4,148962.76,1,no,yes,173878.87,yes,no,35-44,3-5,no,Very Good
15601688,546,France,Male,28,8,0.0,1,yes,no,159254.29,no,yes,25-34,6-10,yes,Poor
15575581,614,Germany,Female,30,3,131344.52,2,yes,no,54776.64,no,no,25-34,3-5,no,Fair
15671209,593,Germany,Female,29,5,101713.84,3,yes,no,134594.99,no,no,25-34,3-5,no,Fair
15616529,613,Spain,Male,34,3,0.0,1,yes,yes,41724.72,no,yes,25-34,3-5,no,Fair
15773906,655,France,Male,38,4,0.0,2,no,no,110527.71,no,yes,35-44,3-5,no,Fair
15722993,700,France,Female,27,6,137963.07,1,no,no,8996.79,no,no,25-34,6-10,yes,Good
15752463,826,Spain,Female,29,4,129938.07,1,no,yes,190200.53,no,no,25-34,3-5,no,Excellent
15589754,652,Germany,Male,45,2,151421.44,1,no,yes,115333.43,no,no,35-44,1-2,no,Fair
15669899,755,Germany,Female,45,7,135643.0,1,no,no,143619.52,yes,no,35-44,6-10,yes,Very Good
15766887,538,Spain,Male,39,2,122773.5,2,yes,yes,58467.08,no,no,35-44,1-2,no,Poor
15768006,729,France,Male,34,3,152303.8,1,yes,no,12128.69,no,no,25-34,3-5,yes,Good
15741295,615,France,Male,49,3,0.0,2,yes,yes,49872.33,no,yes,45-54,3-5,no,Fair
15811327,700,Spain,Male,54,1,79415.67,1,no,yes,139735.54,no,no,45-54,1-2,no,Good
15690007,434,Germany,Female,58,9,125801.03,2,yes,no,60891.8,yes,no,55-64,6-10,no,Poor
15690664,729,Spain,Male,37,10,0.0,2,yes,no,100862.54,no,yes,35-44,6-10,no,Good
15719348,513,France,Male,35,8,0.0,1,yes,no,76640.29,yes,yes,25-34,6-10,yes,Poor
15781802,755,France,Male,41,6,104817.41,1,yes,no,126013.58,yes,no,35-44,6-10,yes,Very Good
15752731,615,France,Female,30,9,0.0,1,yes,no,87347.82,no,yes,25-34,6-10,yes,Fair
15600997,747,Germany,Female,32,5,67495.04,2,no,yes,77370.37,no,no,25-34,3-5,no,Very Good
15750776,850,France,Female,36,0,164850.54,1,yes,yes,62722.44,no,no,35-44,0,no,Excellent
15723907,712,Germany,Female,49,5,154776.42,2,no,no,196257.68,no,no,45-54,3-5,no,Good
15633419,622,Germany,Female,28,1,143124.63,2,yes,no,81723.8,no,no,25-34,1-2,no,Fair
15702430,548,France,Female,35,10,0.0,1,yes,yes,31299.71,no,yes,25-34,6-10,no,Poor
15710456,607,France,Female,27,2,0.0,2,yes,no,63495.86,no,yes,25-34,1-2,no,Fair
15650351,653,France,Female,38,8,102133.38,1,yes,yes,166520.96,no,no,35-44,6-10,no,Fair
15590820,699,Spain,Male,26,6,79932.41,1,no,no,150242.44,no,no,25-34,6-10,yes,Good
15640454,693,Germany,Male,40,0,120711.73,1,no,no,27345.18,yes,no,35-44,0,yes,Good
15697789,647,Germany,Female,43,3,122717.53,2,yes,yes,87000.39,no,no,35-44,3-5,no,Fair
15808182,478,Spain,Female,36,3,92363.3,2,yes,no,44912.7,no,no,35-44,3-5,no,Poor
15588670,705,Spain,Female,40,5,203715.15,1,yes,no,179978.68,yes,no,35-44,3-5,yes,Good
15721292,719,Spain,Male,39,5,0.0,2,yes,no,145759.7,no,yes,35-44,3-5,no,Good
15604217,726,France,Male,34,9,0.0,2,no,no,14121.61,no,yes,25-34,6-10,no,Good
15651369,626,France,Male,21,1,0.0,2,yes,no,66232.23,no,yes,<25,1-2,no,Fair
15782454,552,France,Male,49,4,0.0,1,yes,yes,190296.76,yes,yes,45-54,3-5,no,Poor
15814032,807,Germany,Female,31,1,93460.47,2,no,no,172782.69,no,no,25-34,1-2,no,Excellent
15570326,621,France,Male,34,6,0.0,2,yes,yes,99128.13,no,yes,25-34,6-10,no,Fair
15624428,651,Germany,Female,24,7,40224.7,1,yes,yes,178341.33,no,no,<25,6-10,no,Fair
15755638,673,France,Female,43,5,168069.73,1,yes,yes,146992.24,yes,no,35-44,3-5,no,Good
15600992,652,France,Male,36,1,0.0,2,yes,yes,151314.98,no,yes,35-44,1-2,no,Fair
15755649,584,Germany,Male,47,7,130538.77,1,yes,no,92915.84,no,no,45-54,6-10,yes,Fair
15795228,756,France,Male,37,3,132623.6,1,yes,yes,58974.0,no,no,35-44,3-5,no,Very Good
15589257,670,France,Female,35,3,103465.02,2,yes,yes,174627.06,no,no,25-34,3-5,no,Fair
15719302,765,France,Female,50,9,126547.8,1,yes,yes,79579.94,yes,no,45-54,6-10,no,Very Good
15639882,528,France,Male,30,2,128262.72,2,yes,no,50771.16,no,no,25-34,1-2,no,Poor
15791279,701,France,Male,40,5,169742.64,1,yes,yes,153537.55,yes,no,35-44,3-5,no,Good
15636935,797,France,Female,29,1,0.0,2,yes,yes,132975.39,no,yes,25-34,1-2,no,Very Good
15686909,639,Germany,Male,27,3,150795.81,1,no,yes,85208.93,no,no,25-34,3-5,no,Fair
15589572,785,Spain,Female,61,4,129855.72,2,yes,no,170214.82,yes,no,55-64,3-5,no,Very Good
15779947,363,Spain,Female,28,6,146098.43,3,yes,no,100615.14,yes,no,25-34,6-10,no,Poor
15573769,764,France,Female,24,7,0.0,2,yes,no,186105.99,no,yes,<25,6-10,no,Very Good
15578866,676,France,Female,43,2,0.0,1,yes,yes,55119.53,no,yes,35-44,1-2,no,Good
15739131,718,Germany,Male,28,4,65643.3,1,yes,no,28760.99,no,no,25-34,3-5,yes,Good
15813444,590,Spain,Female,34,6,0.0,2,yes,no,171021.44,no,yes,25-34,6-10,no,Fair
15678058,584,France,Male,38,9,104584.16,1,yes,no,176678.72,no,no,35-44,6-10,yes,Fair
15769169,645,France,Male,41,7,0.0,1,no,yes,28667.56,no,yes,35-44,6-10,no,Fair
15804602,772,Germany,Male,30,6,99785.28,2,no,no,197238.03,no,no,25-34,6-10,no,Very Good
15651052,399,Germany,Male,46,2,127655.22,1,yes,no,139994.68,yes,no,45-54,1-2,yes,Poor
15724334,529,France,Male,22,5,0.0,1,yes,no,151169.83,no,yes,<25,3-5,yes,Poor
15569451,463,France,Male,35,2,101257.16,1,yes,yes,118113.64,no,no,25-34,1-2,no,Poor
15650098,630,France,Female,40,7,0.0,2,yes,yes,34453.17,no,yes,35-44,6-10,no,Fair
15724307,780,France,Male,76,10,121313.88,1,no,yes,64872.33,no,no,65+,6-10,no,Very Good
15599268,584,Spain,Male,32,5,0.0,2,yes,no,10956.82,no,yes,25-34,3-5,no,Fair
15594864,752,Germany,Male,30,4,81523.38,1,yes,yes,36885.85,no,no,25-34,3-5,no,Very Good
15616451,697,France,Female,47,6,128252.66,1,yes,yes,168053.4,no,no,45-54,6-10,no,Good
15715667,850,France,Female,32,7,0.0,2,no,no,155227.0,no,yes,25-34,6-10,no,Excellent
15658969,711,France,Male,51,7,0.0,3,yes,no,38409.79,yes,yes,45-54,6-10,no,Good
15738174,452,France,Female,32,5,0.0,2,no,yes,75279.39,no,yes,25-34,3-5,no,Poor
15813590,610,Spain,Male,42,6,0.0,2,yes,no,158302.59,yes,yes,35-44,6-10,no,Fair
15624229,694,France,Female,22,4,0.0,2,yes,yes,11525.72,no,yes,<25,3-5,no,Good
15674148,579,Spain,Male,33,6,0.0,1,yes,no,94993.04,yes,yes,25-34,6-10,yes,Poor
15625080,745,Spain,Female,54,8,0.0,1,yes,no,173912.29,yes,yes,45-54,6-10,yes,Very Good
15682528,572,France,Male,33,5,0.0,1,no,yes,41139.05,no,yes,25-34,3-5,no,Poor
15696900,505,Germany,Male,29,3,145541.56,2,yes,yes,58019.95,no,no,25-34,3-5,no,Poor
15730038,706,France,Female,23,5,0.0,1,no,no,164128.41,yes,yes,<25,3-5,yes,Good
15812272,693,Germany,Male,44,5,124601.58,2,yes,yes,46998.13,yes,no,35-44,3-5,no,Good
15654654,725,Germany,Female,33,7,115182.84,2,yes,yes,177279.41,no,no,25-34,6-10,no,Good
15697625,791,France,Male,37,2,163789.49,2,yes,no,75832.53,no,no,35-44,1-2,no,Very Good
15616280,536,France,Male,46,1,65733.41,1,yes,no,61094.53,no,no,45-54,1-2,yes,Poor
15654229,699,Spain,Male,47,1,0.0,2,no,yes,30117.44,no,yes,45-54,1-2,no,Good
15628298,500,Spain,Female,47,8,128486.11,1,yes,no,179227.12,no,no,45-54,6-10,yes,Poor
15733387,707,Spain,Female,53,6,109663.47,1,yes,yes,52110.45,no,no,45-54,6-10,no,Good
15775572,531,Germany,Female,42,6,88324.31,2,yes,no,75248.75,no,no,35-44,6-10,no,Poor
15613844,557,France,Female,28,7,146445.24,2,yes,no,184317.74,no,no,25-34,6-10,no,Poor
15578515,659,France,Female,38,3,0.0,2,yes,no,158553.1,no,yes,35-44,3-5,no,Fair
15607598,575,Spain,Female,31,6,0.0,2,yes,yes,95686.42,no,yes,25-34,6-10,no,Poor
15742480,775,Germany,Male,36,2,109949.05,2,no,yes,71682.54,no,no,35-44,1-2,no,Very Good
15749482,772,Spain,Male,30,4,78653.05,1,yes,no,1790.48,no,no,25-34,3-5,yes,Very Good
15607537,587,Germany,Male,46,9,107850.82,1,yes,no,139431.0,yes,no,45-54,6-10,yes,Fair
15575410,667,Germany,Female,39,4,83765.35,2,yes,no,118358.54,no,no,35-44,3-5,no,Fair
15684865,771,France,Female,66,7,143773.07,1,yes,yes,130827.88,no,no,65+,6-10,no,Very Good
15600700,523,Germany,Male,63,6,116227.27,1,yes,yes,119404.63,no,no,55-64,6-10,no,Poor
15774155,662,Germany,Male,33,0,103471.52,1,yes,yes,162703.0,no,no,25-34,0,no,Fair
15634267,717,France,Male,42,5,0.0,2,yes,no,172665.21,no,yes,35-44,3-5,no,Good
15619626,746,France,Male,24,3,137492.35,2,no,yes,170142.09,no,no,<25,3-5,no,Very Good
15660422,569,France,Male,28,7,0.0,2,yes,no,73977.23,no,yes,25-34,6-10,no,Poor
15617934,579,France,Male,36,9,129829.59,1,yes,yes,60906.12,no,no,35-44,6-10,no,Poor
15760774,519,France,Female,21,1,146329.57,2,yes,yes,194867.27,no,no,<25,1-2,no,Poor
15813132,696,Germany,Male,30,4,114027.7,1,yes,yes,193716.56,no,no,25-34,3-5,no,Good
15593331,693,Germany,Male,25,6,146580.69,1,no,yes,14633.35,no,no,<25,6-10,no,Good
15616709,587,Germany,Female,38,0,132122.42,2,no,no,31730.32,no,no,35-44,0,no,Fair
15658052,626,France,Female,44,10,81553.93,1,yes,no,20063.63,yes,no,35-44,6-10,yes,Fair
15721189,666,France,Female,66,7,0.0,2,yes,yes,99792.82,no,yes,65+,6-10,no,Fair
15711288,512,France,Male,24,6,0.0,2,yes,no,37654.31,no,yes,<25,6-10,no,Poor
15770030,689,Spain,Female,28,3,0.0,2,yes,yes,192449.02,no,yes,25-34,3-5,no,Good
15803681,803,France,Female,26,4,0.0,2,yes,yes,181208.47,no,yes,25-34,3-5,no,Excellent
15702789,548,Germany,Male,32,5,175214.71,1,yes,yes,155165.61,no,no,25-34,3-5,no,Poor
15814930,588,Germany,Female,40,10,125534.51,1,yes,no,121504.18,yes,no,35-44,6-10,yes,Fair
15658306,693,France,Male,68,4,97705.99,1,yes,yes,61569.07,no,no,65+,3-5,no,Good
15699523,499,Germany,Female,55,4,126817.65,2,yes,no,123269.71,no,no,45-54,3-5,no,Poor
15610383,628,France,Female,46,1,46870.43,4,yes,no,31272.14,yes,no,45-54,1-2,no,Fair
15615032,624,Spain,Male,46,3,0.0,2,yes,yes,62825.03,no,yes,45-54,3-5,no,Fair
15781989,733,France,Male,42,9,120094.93,1,yes,no,184056.45,no,no,35-44,6-10,yes,Good
15647402,628,France,Female,38,3,0.0,2,yes,yes,48924.73,no,yes,35-44,3-5,no,Fair
15740494,633,France,Female,33,3,0.0,2,yes,no,191111.02,no,yes,25-34,3-5,no,Fair
15701265,559,Germany,Female,36,1,104356.94,2,no,yes,54184.06,no,no,35-44,1-2,no,Poor
15743532,704,Germany,Male,27,5,147004.34,1,yes,no,64381.33,yes,no,25-34,3-5,yes,Good
15794870,744,Germany,Male,38,6,73023.17,2,yes,no,78770.86,no,no,35-44,6-10,no,Very Good
15747591,665,Spain,Female,40,1,173432.55,1,no,yes,116766.79,no,no,35-44,1-2,no,Fair
15726557,638,France,Female,42,7,165679.92,1,no,no,32916.29,no,no,35-44,6-10,yes,Fair
15732199,837,Spain,Male,31,9,104678.62,1,no,yes,50972.6,no,no,25-34,6-10,no,Excellent
15662291,534,France,Female,55,8,116973.26,3,yes,no,122066.5,yes,no,45-54,6-10,no,Poor
15749050,548,France,Female,36,3,0.0,1,yes,no,65996.9,no,yes,35-44,3-5,yes,Poor
15781586,837,Germany,Male,38,2,126732.85,1,yes,yes,79577.38,no,no,35-44,1-2,no,Excellent
15617078,658,France,Female,44,6,148481.09,1,yes,no,130529.13,no,no,35-44,6-10,yes,Fair
15723339,554,France,Female,38,4,137654.05,2,yes,yes,172629.67,no,no,35-44,3-5,no,Poor
15671322,724,Germany,Male,30,7,115315.04,1,yes,no,15216.53,no,no,25-34,6-10,yes,Good
15793854,723,France,Male,42,2,99095.73,1,yes,yes,17512.53,no,no,35-44,1-2,no,Good
15756539,585,Germany,Female,39,7,165610.41,2,no,no,131852.01,no,no,35-44,6-10,no,Fair
15612064,474,France,Male,33,5,0.0,2,yes,no,181945.52,yes,yes,25-34,3-5,no,Poor
15625916,562,Spain,Male,32,6,161628.66,1,yes,no,91482.5,no,no,25-34,6-10,yes,Poor
15683195,719,France,Male,32,9,146605.27,1,yes,yes,77119.45,no,no,25-34,6-10,no,Good
15690182,635,Germany,Male,37,5,113488.68,1,yes,no,95611.74,yes,no,35-44,3-5,yes,Fair
15721719,743,France,Male,42,7,77002.2,2,yes,yes,80428.42,no,no,35-44,6-10,no,Very Good
15641690,681,Spain,Male,67,7,0.0,2,no,yes,163714.92,no,yes,65+,6-10,no,Good
15634896,521,France,Female,39,6,0.0,2,no,yes,27375.15,no,yes,35-44,6-10,no,Poor
15671590,741,Spain,Male,25,4,0.0,2,yes,yes,73873.65,no,yes,<25,3-5,no,Very Good
15779182,790,Spain,Male,46,8,182364.53,1,no,no,139266.48,yes,no,45-54,6-10,yes,Very Good
15778287,622,France,Male,35,8,0.0,2,yes,yes,131772.51,no,yes,25-34,6-10,no,Fair
15609510,669,France,Male,45,7,149364.58,1,no,yes,173454.07,no,no,35-44,6-10,no,Fair
15742229,583,France,Male,59,7,127450.14,1,no,yes,67552.71,no,no,55-64,6-10,no,Fair
15658532,520,Spain,Female,63,5,162278.32,1,yes,yes,34765.33,no,no,55-64,3-5,no,Poor
15590993,579,Spain,Male,37,5,152212.88,2,no,no,120219.14,no,no,35-44,3-5,no,Poor
15565701,698,Spain,Female,39,9,161993.89,1,no,no,90212.38,no,no,35-44,6-10,yes,Good
15597239,548,Spain,Male,39,7,131468.44,1,yes,no,164975.82,no,no,35-44,6-10,yes,Poor
15688880,672,Germany,Male,40,10,102980.44,1,yes,no,1285.81,yes,no,35-44,6-10,yes,Good
15813917,653,Germany,Male,31,9,143321.97,1,yes,no,83679.46,no,no,25-34,6-10,yes,Fair
15679611,734,Spain,Female,37,2,130404.92,1,no,no,34548.74,no,no,35-44,1-2,yes,Good
15636589,794,France,Female,41,7,0.0,2,yes,yes,74275.08,no,yes,35-44,6-10,no,Very Good
15687752,641,France,Male,30,2,87505.47,2,no,yes,7278.57,no,no,25-34,1-2,no,Fair
15584363,824,France,Male,30,0,133634.02,1,yes,yes,162053.92,no,no,25-34,0,no,Excellent
15737748,534,Spain,Female,33,3,151233.62,1,no,no,199336.63,no,no,25-34,3-5,yes,Poor
15803365,653,Spain,Male,55,2,70263.83,1,no,yes,62347.71,no,no,45-54,1-2,no,Fair
15793247,498,France,Male,34,5,0.0,2,yes,yes,91711.66,no,yes,25-34,3-5,no,Poor
15572360,683,France,Male,30,10,57657.49,1,no,no,79240.9,no,no,25-34,6-10,yes,Good
15795166,618,Germany,Male,42,8,153572.31,2,yes,yes,76679.6,no,no,35-44,6-10,no,Fair
15724620,538,France,Male,37,1,134752.08,1,yes,no,162511.55,no,no,35-44,1-2,yes,Poor
15800856,643,Spain,Male,34,3,83132.09,1,yes,yes,21360.88,no,no,25-34,3-5,no,Fair
15671097,428,France,Female,31,2,0.0,2,yes,no,54487.43,no,yes,25-34,1-2,no,Poor
15683930,593,Germany,Female,32,9,134096.53,2,yes,no,53931.05,yes,no,25-34,6-10,no,Fair
15749004,718,France,Female,31,0,118100.59,2,yes,no,103165.15,no,no,25-34,0,no,Good
15800434,811,Germany,Male,52,10,76915.4,1,no,no,146359.81,yes,no,45-54,6-10,yes,Excellent
15709117,823,Spain,Female,46,3,81576.75,1,yes,yes,28370.95,yes,no,45-54,3-5,no,Excellent
15638806,645,Spain,Male,49,2,0.0,2,no,no,10023.15,no,yes,45-54,1-2,no,Fair
15662294,710,France,Male,33,10,118327.17,2,yes,yes,192928.82,no,no,25-34,6-10,no,Good
15690079,591,Spain,Male,30,8,124857.69,2,no,no,50485.7,no,no,25-34,6-10,no,Fair
15759317,748,Germany,Female,27,2,90971.85,1,yes,yes,131662.47,no,no,25-34,1-2,no,Very Good
15750497,850,France,Female,37,7,153147.75,1,yes,yes,152235.3,no,no,35-44,6-10,no,Excellent
15596181,542,France,Male,38,8,65942.26,1,yes,yes,68093.23,yes,no,35-44,6-10,no,Poor
15576602,809,France,Male,38,3,0.0,2,yes,yes,80061.31,no,yes,35-44,3-5,no,Excellent
15644833,675,France,Male,54,2,0.0,1,yes,no,149583.67,yes,yes,45-54,1-2,yes,Good
15734634,607,Spain,Female,27,5,100912.19,1,no,no,7631.27,no,no,25-34,3-5,yes,Fair
15808689,850,France,Female,31,4,0.0,2,yes,yes,33082.81,no,yes,25-34,3-5,no,Excellent
15720702,789,France,Male,37,3,0.0,1,yes,no,121883.87,yes,yes,35-44,3-5,yes,Very Good
15665077,598,France,Female,43,5,0.0,3,yes,yes,100722.72,yes,yes,35-44,3-5,no,Fair
15763612,756,Germany,Male,41,2,124439.49,2,no,yes,47093.11,no,no,35-44,1-2,no,Very Good
15596493,687,France,Female,47,7,0.0,2,yes,yes,177624.01,no,yes,45-54,6-10,no,Good
15704483,724,France,Male,40,6,0.0,2,no,no,106149.48,no,yes,35-44,6-10,no,Good
15598846,700,France,Female,44,2,58781.76,1,yes,no,16874.92,no,no,35-44,1-2,yes,Good
15629244,635,Spain,Male,50,7,159453.64,2,no,no,54560.79,yes,no,45-54,6-10,no,Fair
15765537,687,Germany,Male,26,2,142721.52,1,yes,yes,153605.75,no,no,25-34,1-2,no,Good
15729975,613,France,Female,46,8,167795.6,1,no,yes,44390.38,no,no,45-54,6-10,no,Fair
15682773,781,France,Female,38,3,128345.69,2,yes,no,63218.85,no,no,35-44,3-5,no,Very Good
15688007,703,Spain,Male,20,3,165260.98,1,yes,yes,41626.78,no,no,<25,3-5,no,Good
15574331,593,Germany,Female,62,3,118233.81,1,no,yes,24765.53,yes,no,55-64,3-5,no,Fair
15645572,743,France,Female,40,6,0.0,1,yes,no,28280.8,yes,yes,35-44,6-10,yes,Very Good
15742854,640,Spain,Female,46,8,0.0,2,yes,no,89043.19,no,yes,45-54,6-10,no,Fair
15575417,849,Germany,Male,37,7,143452.74,2,yes,yes,17294.12,no,no,35-44,6-10,no,Excellent
15796721,778,France,Male,38,3,145018.49,2,yes,yes,126702.41,no,no,35-44,3-5,no,Very Good
15734942,539,Germany,Female,38,8,82407.51,1,yes,no,13123.41,no,no,35-44,6-10,yes,Poor
15664772,489,Germany,Male,28,1,79460.98,2,yes,yes,167973.63,no,no,25-34,1-2,no,Poor
15576683,568,Spain,Female,43,9,0.0,1,yes,no,125870.79,yes,yes,35-44,6-10,yes,Poor
15682563,618,Spain,Male,38,5,126473.99,1,yes,no,91972.49,no,no,35-44,3-5,yes,Fair
15650889,710,Germany,Female,30,10,133537.1,2,yes,no,155593.74,no,no,25-34,6-10,no,Good
15612108,625,France,Male,52,5,164978.01,1,yes,yes,67788.49,no,no,45-54,3-5,no,Fair
15761132,682,Spain,Male,46,7,128029.72,1,yes,yes,62615.35,no,no,45-54,6-10,no,Good
15645511,727,Spain,Male,43,2,97403.18,1,yes,yes,107415.02,yes,no,35-44,1-2,no,Good
15609824,794,France,Female,41,7,176845.41,3,yes,no,166526.26,yes,no,35-44,6-10,no,Very Good
15640268,652,Spain,Male,71,4,0.0,1,yes,yes,120107.1,no,yes,65+,3-5,no,Fair
15645778,670,Spain,Male,42,3,81589.04,1,yes,no,188227.8,no,no,35-44,3-5,yes,Fair
15691104,460,Germany,Female,40,6,119507.58,2,yes,no,91560.63,yes,no,35-44,6-10,no,Poor
15714567,568,Spain,Female,26,6,0.0,2,no,no,166495.2,no,yes,25-34,6-10,no,Poor
15777826,643,France,Male,30,5,94443.77,1,yes,yes,165614.4,no,no,25-34,3-5,no,Fair
15668445,521,France,Male,37,2,0.0,2,yes,yes,86372.24,no,yes,35-44,1-2,no,Poor
15576162,615,France,Male,32,7,92199.84,1,yes,yes,2755.53,no,no,25-34,6-10,no,Fair
15778135,575,Spain,Male,43,3,0.0,1,yes,no,83594.51,no,yes,35-44,3-5,yes,Poor
15613141,717,France,Female,41,3,135756.96,1,yes,yes,103706.41,no,no,35-44,3-5,no,Good
15635435,648,France,Female,54,9,120633.42,1,no,no,5924.38,yes,no,45-54,6-10,yes,Fair
15596552,535,Germany,Male,48,5,134542.73,1,yes,yes,58203.67,yes,no,45-54,3-5,no,Poor
15623644,626,Spain,Male,29,7,0.0,2,yes,no,49361.84,no,yes,25-34,6-10,no,Fair
15683403,611,Spain,Male,52,7,0.0,1,no,yes,73585.18,yes,yes,45-54,6-10,no,Fair
15615029,734,Spain,Male,39,6,0.0,1,yes,yes,95135.27,no,yes,35-44,6-10,no,Good
15769005,709,France,Male,49,4,154344.49,2,yes,yes,38794.57,no,no,45-54,3-5,no,Good
15746326,591,France,Male,43,3,0.0,2,no,yes,198926.36,no,yes,35-44,3-5,no,Fair
15722364,664,France,Male,43,9,189026.53,2,yes,yes,56099.86,no,no,35-44,6-10,no,Fair
15704954,431,France,Male,37,0,120764.08,1,yes,yes,117023.08,no,no,35-44,0,no,Poor
15694409,647,Germany,Female,22,3,97975.82,2,no,yes,62083.0,no,no,<25,3-5,no,Fair
15754068,578,France,Male,32,4,0.0,2,yes,yes,141822.8,no,yes,25-34,3-5,no,Poor
15683841,555,Germany,Male,41,10,113270.2,2,yes,yes,185387.14,no,no,35-44,6-10,no,Poor
15789095,775,Spain,Male,30,4,0.0,2,no,yes,57461.13,no,yes,25-34,3-5,no,Very Good
15719958,850,Germany,Male,39,3,124548.99,2,yes,yes,120380.12,no,no,35-44,3-5,no,Excellent
15689514,625,France,Male,43,8,201696.07,1,yes,no,133020.9,yes,no,35-44,6-10,yes,Fair
15621353,645,Spain,Female,37,7,0.0,2,yes,no,13589.93,no,yes,35-44,6-10,no,Fair
15627232,608,Germany,Male,44,7,114203.47,1,yes,yes,77830.36,yes,no,35-44,6-10,no,Fair
15745843,689,Spain,Female,31,4,0.0,2,yes,yes,136610.02,no,yes,25-34,3-5,no,Good
15722902,652,Germany,Male,50,8,125437.64,1,yes,yes,17160.94,yes,no,45-54,6-10,no,Fair
15791767,769,France,Female,26,7,0.0,2,yes,no,176843.53,no,yes,25-34,6-10,no,Very Good
15792722,611,France,Female,43,8,64897.75,1,yes,no,114996.33,no,no,35-44,6-10,yes,Fair
15723006,489,France,Male,38,8,0.0,2,no,yes,196990.79,no,yes,35-44,6-10,no,Poor
15771942,528,Germany,Female,46,9,135555.66,1,yes,no,133146.03,yes,no,45-54,6-10,yes,Poor
15774738,632,France,Male,44,3,107764.75,1,yes,no,185667.72,no,no,35-44,3-5,yes,Fair
15574004,429,France,Female,27,6,117307.44,2,yes,yes,24020.49,no,no,25-34,6-10,no,Poor
15587233,457,France,Male,41,8,73700.12,3,yes,yes,185750.02,yes,no,35-44,6-10,no,Poor
15808228,768,Spain,Female,44,6,60603.4,1,yes,yes,178045.97,no,no,35-44,6-10,no,Very Good
15682834,715,Spain,Female,35,4,40169.88,2,yes,yes,199857.47,no,no,25-34,3-5,no,Good
15571752,668,Germany,Female,32,10,92041.87,1,yes,yes,43595.9,no,no,25-34,6-10,no,Fair
15743067,625,Germany,Male,26,3,130483.95,1,yes,no,122810.53,no,no,25-34,3-5,yes,Fair
15714466,846,France,Female,41,5,0.0,3,yes,no,3440.47,yes,yes,35-44,3-5,no,Excellent
15617982,661,Spain,Female,42,3,0.0,2,yes,no,35989.41,no,yes,35-44,3-5,no,Fair
15696637,571,France,Female,23,10,151097.28,1,no,yes,17163.75,no,no,<25,6-10,no,Poor
15690647,582,Spain,Female,46,8,67563.31,1,yes,no,44506.09,yes,no,45-54,6-10,yes,Fair
15672756,716,France,Female,35,8,112808.18,1,no,yes,17848.3,no,no,25-34,6-10,no,Good
15704586,758,France,Female,42,7,0.0,2,no,yes,76209.56,no,yes,35-44,6-10,no,Very Good
15674526,725,France,Male,66,4,86459.8,1,yes,yes,141476.56,no,no,65+,3-5,no,Good
15775295,630,France,Female,40,0,118633.08,1,no,yes,60032.46,yes,no,35-44,0,no,Fair
15684196,627,France,Female,55,2,159441.27,1,yes,no,100686.11,yes,no,45-54,1-2,yes,Fair
15727281,653,France,Female,27,9,0.0,2,yes,no,96429.29,no,yes,25-34,6-10,no,Fair
15787835,775,Germany,Female,38,4,125212.65,2,yes,yes,15795.88,yes,no,35-44,3-5,no,Very Good
15730540,794,Spain,Male,45,8,88656.37,2,yes,no,116547.31,no,no,35-44,6-10,no,Very Good
15646276,831,France,Female,32,2,146033.62,1,yes,no,191260.74,no,no,25-34,1-2,yes,Excellent
15582180,561,France,Male,29,9,120268.13,1,yes,yes,173870.39,no,no,25-34,6-10,no,Poor
15697095,705,Spain,Male,46,7,0.0,2,yes,no,117273.35,no,yes,45-54,6-10,no,Good
15748797,636,Spain,Female,33,0,0.0,1,yes,no,92277.47,yes,yes,25-34,0,yes,Fair
15754796,487,Germany,Female,46,4,135070.58,2,yes,yes,44244.49,yes,no,45-54,3-5,no,Poor
15628947,693,France,Female,38,3,0.0,2,no,no,78133.48,yes,yes,35-44,3-5,no,Good
15775546,517,Spain,Female,29,5,0.0,2,yes,no,103402.88,no,yes,25-34,3-5,no,Poor
15670481,684,France,Female,27,9,122550.05,2,no,yes,137835.82,no,no,25-34,6-10,no,Good
15619029,620,Spain,Female,43,2,0.0,2,yes,no,20670.1,no,yes,35-44,1-2,no,Fair
15613282,757,France,Male,29,8,130306.49,1,yes,no,77469.38,no,no,25-34,6-10,yes,Very Good
15721487,739,France,Female,27,6,0.0,1,yes,yes,57572.38,no,yes,25-34,6-10,no,Good
15797276,662,Spain,Female,41,4,90350.77,1,yes,no,75884.65,yes,no,35-44,3-5,yes,Fair
15612494,359,France,Female,44,6,128747.69,1,yes,no,146955.71,yes,no,35-44,6-10,yes,Poor
15629617,572,Spain,Male,23,2,126873.52,1,no,yes,67040.12,no,no,<25,1-2,no,Poor
15600821,721,France,Male,69,2,108424.19,1,yes,yes,178418.35,no,no,65+,1-2,no,Good
15579062,707,France,Male,32,9,0.0,2,no,no,30807.02,no,yes,25-34,6-10,no,Good
15814268,444,France,Female,40,5,84350.07,1,yes,no,143835.76,no,no,35-44,3-5,yes,Poor
15710164,523,France,Female,73,7,0.0,2,no,no,130883.9,yes,yes,65+,6-10,no,Poor
15693904,685,Germany,Female,30,4,84958.6,2,no,yes,194343.72,no,no,25-34,3-5,no,Good
15588986,673,Germany,Female,29,4,99097.36,1,yes,yes,9796.69,no,no,25-34,3-5,no,Good
15797733,503,Germany,Male,30,10,136622.55,2,no,no,47310.24,no,no,25-34,6-10,no,Poor
15620507,485,Germany,Female,30,5,156771.68,1,yes,yes,141148.21,no,no,25-34,3-5,no,Poor
15685150,799,Germany,Male,28,7,167658.33,2,yes,yes,111138.25,no,no,25-34,6-10,no,Very Good
15667651,585,Spain,Female,33,8,0.0,2,yes,no,114182.07,no,yes,25-34,6-10,no,Fair
15774166,607,Germany,Female,24,2,109483.54,2,no,yes,127560.77,no,no,<25,1-2,no,Fair
15649280,521,Germany,Female,40,9,134504.78,1,yes,no,18082.06,no,no,35-44,6-10,yes,Poor
15705657,535,France,Female,44,2,114427.86,1,yes,yes,136330.26,no,no,35-44,1-2,no,Poor
15753969,724,Spain,Male,45,5,83888.54,1,no,yes,34121.81,no,no,35-44,3-5,no,Good
15742378,520,Germany,Male,32,5,110029.77,1,yes,no,56246.69,no,no,25-34,3-5,yes,Poor
15794874,696,Spain,Male,41,9,127523.75,1,no,yes,191417.42,no,no,35-44,6-10,no,Good
15589221,657,Germany,Male,30,1,139762.13,2,yes,yes,23317.88,no,no,25-34,1-2,no,Fair
15596671,603,Spain,Female,42,8,91611.12,1,no,no,144675.3,yes,no,35-44,6-10,yes,Fair
15583668,726,France,Female,42,2,109471.79,1,no,yes,175161.05,no,no,35-44,1-2,no,Good
15710206,591,France,Female,39,4,150500.64,1,yes,no,14928.8,no,no,35-44,3-5,yes,Fair
15799966,792,Germany,Female,59,9,101609.77,1,no,no,161479.19,yes,no,55-64,6-10,yes,Very Good
15794560,550,France,Male,57,5,0.0,1,yes,yes,133501.94,no,yes,55-64,3-5,no,Poor
15626485,601,France,Female,26,8,78892.23,1,yes,yes,23703.52,no,no,25-34,6-10,no,Fair
15703143,820,France,Female,29,3,82344.84,1,no,yes,115985.38,no,no,25-34,3-5,no,Excellent
15809772,667,France,Male,48,2,0.0,1,yes,no,43229.2,no,yes,45-54,1-2,yes,Fair
15687959,573,Spain,Female,44,4,0.0,1,yes,yes,94862.93,no,yes,35-44,3-5,no,Poor
15585282,755,France,Male,62,1,127706.33,2,no,yes,142377.69,no,no,55-64,1-2,no,Very Good
15714993,552,France,Female,41,9,124349.34,1,yes,no,135635.25,no,no,35-44,6-10,yes,Poor
15596021,598,Spain,Male,44,8,0.0,2,yes,no,148487.9,no,yes,35-44,6-10,no,Fair
15646615,576,Germany,Male,28,1,119336.29,2,no,yes,58976.85,no,no,25-34,1-2,no,Poor
15742632,670,France,Female,31,9,0.0,1,no,yes,76254.83,no,yes,25-34,6-10,no,Fair
15574068,504,Germany,Male,56,9,104217.3,1,no,no,55857.48,yes,no,55-64,6-10,yes,Poor
15806967,778,France,Female,65,7,0.0,1,yes,yes,77867.23,no,yes,55-64,6-10,no,Very Good
15796334,558,Germany,Male,39,10,144757.02,1,yes,no,22878.16,yes,no,35-44,6-10,yes,Poor
15688713,627,Spain,Male,44,6,0.0,1,yes,yes,114469.55,no,yes,35-44,6-10,no,Fair
15796179,683,France,Male,43,8,0.0,1,yes,no,96754.8,no,yes,35-44,6-10,yes,Good
15598751,556,France,Female,43,6,0.0,3,no,no,125154.57,yes,yes,35-44,6-10,no,Poor
15703019,583,France,Female,38,10,0.0,2,no,yes,113597.64,no,yes,35-44,6-10,no,Fair
15646302,705,France,Female,24,7,100169.51,1,yes,no,121408.55,no,no,<25,6-10,yes,Good
15680855,637,France,Male,33,2,145731.83,1,no,yes,109219.43,no,no,25-34,1-2,no,Fair
15697311,697,Spain,Male,56,5,110802.03,1,yes,yes,50230.31,yes,no,55-64,3-5,no,Good
15585367,555,Germany,Female,46,4,120392.99,1,yes,no,177719.88,yes,no,45-54,3-5,yes,Poor
15726556,594,Germany,Female,26,6,135067.52,2,no,no,131211.86,no,no,25-34,6-10,no,Fair
15676242,632,Spain,Male,31,3,136556.44,1,yes,no,82152.83,yes,no,25-34,3-5,yes,Fair
15684198,551,France,Female,38,10,0.0,2,yes,yes,216.27,no,yes,35-44,6-10,no,Poor
15774882,687,France,Female,35,3,99587.43,1,yes,yes,1713.1,yes,no,25-34,3-5,no,Good
15714227,672,France,Female,53,7,0.0,1,yes,yes,136910.18,no,yes,45-54,6-10,no,Good
15608653,521,Spain,Female,34,7,70731.07,1,yes,yes,20243.97,yes,no,25-34,6-10,no,Poor
15784280,686,Germany,Male,35,2,109342.82,2,no,yes,86043.27,no,no,25-34,1-2,no,Good
15789546,639,Spain,Male,28,8,0.0,2,yes,no,126561.07,no,yes,25-34,6-10,no,Fair
15590320,850,France,Male,66,4,0.0,2,no,yes,64350.8,no,yes,65+,3-5,no,Excellent
15678385,465,France,Male,25,2,78247.31,2,yes,yes,10472.31,no,no,<25,1-2,no,Poor
15571778,817,France,Female,55,10,117561.49,1,yes,no,95941.55,yes,no,45-54,6-10,yes,Excellent
15657085,578,France,Male,23,10,88980.32,1,yes,yes,125222.36,no,no,<25,6-10,no,Poor
15640627,611,Spain,Male,34,4,0.0,2,yes,no,170950.58,no,yes,25-34,3-5,no,Fair
15566211,616,Germany,Female,41,1,103560.57,1,yes,no,236.45,yes,no,35-44,1-2,yes,Fair
15669293,517,France,Male,37,5,113308.84,1,no,yes,31517.16,no,no,35-44,3-5,no,Poor
15595067,637,Spain,Female,40,6,0.0,2,yes,yes,181610.6,no,yes,35-44,6-10,no,Fair
15753566,806,France,Female,32,3,63763.49,1,yes,no,156593.09,no,no,25-34,3-5,yes,Excellent
15650391,633,France,Female,29,7,169988.35,1,yes,no,4272.0,no,no,25-34,6-10,yes,Fair
15681843,624,Germany,Female,35,0,180303.24,2,yes,no,163587.9,no,no,25-34,0,no,Fair
15814846,691,France,Male,52,3,0.0,1,yes,no,175843.68,yes,yes,45-54,3-5,yes,Good
15670374,819,Germany,Female,49,1,120656.86,4,no,no,166164.3,yes,no,45-54,1-2,no,Excellent
15762332,568,Germany,Female,31,1,61592.14,2,yes,yes,61796.64,no,no,25-34,1-2,no,Poor
15700223,806,France,Male,48,4,164701.68,1,yes,yes,21439.49,no,no,45-54,3-5,no,Excellent
15729956,726,Spain,Female,26,1,80780.16,1,yes,yes,19225.85,no,no,25-34,1-2,no,Good
15594862,552,France,Male,36,8,0.0,2,no,no,132547.02,no,yes,35-44,6-10,no,Poor
15598782,755,Germany,Female,30,6,154221.37,2,no,yes,62688.55,no,no,25-34,6-10,no,Very Good
15745080,634,France,Male,26,8,0.0,1,yes,no,21760.96,no,yes,25-34,6-10,yes,Fair
15703399,756,France,Female,26,5,101641.14,2,no,yes,154460.68,no,no,25-34,3-5,no,Very Good
15732175,776,France,Male,37,2,0.0,1,no,yes,8065.0,no,yes,35-44,1-2,no,Very Good
15630725,649,France,Female,45,5,92786.66,1,yes,no,173365.9,yes,no,35-44,3-5,yes,Fair
15640260,595,Germany,Male,32,8,131081.66,2,yes,yes,69428.79,no,no,25-34,6-10,no,Fair
15716822,646,France,Male,30,5,98014.74,1,yes,yes,12757.14,no,no,25-34,3-5,no,Fair
15583748,592,Spain,Male,38,8,0.0,2,yes,no,180426.2,no,yes,35-44,6-10,no,Fair
15605968,574,France,Male,26,8,97460.1,1,yes,yes,43093.67,no,no,25-34,6-10,no,Poor
15790683,850,France,Male,36,1,104077.19,2,no,yes,68594.0,no,no,35-44,1-2,no,Excellent
15607713,850,Spain,Female,29,1,0.0,2,yes,yes,197996.65,no,yes,25-34,1-2,no,Excellent
15700212,475,France,Female,46,10,0.0,2,no,no,122953.0,yes,yes,45-54,6-10,no,Poor
15626710,642,France,Female,39,4,0.0,1,yes,yes,76821.24,no,yes,35-44,3-5,no,Fair
15716491,710,Spain,Female,51,4,93656.95,1,no,yes,141400.51,yes,no,45-54,3-5,no,Good
15625824,596,Spain,Male,30,6,121345.88,4,yes,no,41921.75,yes,no,25-34,6-10,no,Fair
15617705,609,France,Female,39,8,141675.23,1,no,yes,175664.25,no,no,35-44,6-10,no,Fair
15761976,797,Spain,Female,31,8,0.0,2,yes,no,117916.63,no,yes,25-34,6-10,no,Very Good
15634891,504,Germany,Female,43,7,102365.49,1,yes,no,194690.77,yes,no,35-44,6-10,yes,Poor
15744517,735,Spain,Male,50,9,0.0,1,no,no,166677.35,yes,yes,45-54,6-10,yes,Good
15686963,680,Spain,Female,30,3,0.0,1,yes,no,160131.58,no,yes,25-34,3-5,yes,Good
15808189,449,France,Male,52,6,0.0,2,no,yes,123622.0,no,yes,45-54,6-10,no,Poor
15580845,685,Germany,Male,57,7,101868.51,1,no,yes,113483.96,no,no,55-64,6-10,no,Good
15799156,569,Spain,Male,38,8,0.0,2,no,no,79618.79,no,yes,35-44,6-10,no,Poor
15694296,631,France,Male,35,9,112392.45,2,yes,no,24472.23,no,no,25-34,6-10,no,Fair
15677049,595,Germany,Female,25,7,106570.34,2,no,yes,177025.79,no,no,<25,6-10,no,Fair
15583595,461,France,Female,28,8,0.0,1,yes,yes,103349.74,no,yes,25-34,6-10,no,Poor
15590146,630,France,Male,50,1,81947.76,1,no,yes,63606.22,yes,no,45-54,1-2,no,Fair
15801548,661,France,Female,31,7,144162.3,2,yes,yes,14490.79,no,no,25-34,6-10,no,Fair
15660833,796,Germany,Male,39,5,86350.87,2,no,no,105080.53,no,no,35-44,3-5,no,Very Good
15762277,710,France,Male,47,5,158623.14,1,no,no,83499.89,yes,no,45-54,3-5,yes,Good
15791302,741,France,Male,32,8,0.0,2,yes,no,143598.7,no,yes,25-34,6-10,no,Very Good
15798975,606,Germany,Male,48,4,132403.56,1,no,no,36091.91,yes,no,45-54,3-5,yes,Fair
15599956,747,France,Male,27,10,0.0,2,no,no,13007.89,no,yes,25-34,6-10,no,Very Good
15577274,549,Germany,Female,43,3,134985.66,1,yes,no,6101.41,no,no,35-44,3-5,yes,Poor
15701200,576,France,Male,36,6,0.0,2,yes,yes,48314.0,no,yes,35-44,6-10,no,Poor
15638149,528,France,Male,37,6,103772.45,1,yes,no,197111.99,no,no,35-44,6-10,yes,Poor
15786199,535,France,Male,33,2,133040.32,1,yes,yes,110299.78,no,no,25-34,1-2,no,Poor
15701765,575,Spain,Female,37,0,0.0,2,no,no,30114.32,no,yes,35-44,0,no,Poor
15586974,656,France,Male,39,10,0.0,2,yes,yes,98894.64,no,yes,35-44,6-10,no,Fair
15729040,440,France,Male,42,2,0.0,2,yes,no,49826.68,no,yes,35-44,1-2,no,Poor
15788676,539,Spain,Male,38,8,71460.67,2,yes,yes,10074.05,no,no,35-44,6-10,no,Poor
15602497,850,Spain,Male,39,6,133214.13,1,no,yes,20769.88,no,no,35-44,6-10,no,Excellent
15701333,646,France,Female,37,7,96558.66,1,no,no,163427.18,no,no,35-44,6-10,yes,Fair
15812071,744,France,Male,54,6,93806.31,2,no,yes,140068.77,no,no,45-54,6-10,no,Very Good
15634375,710,Spain,Female,36,8,0.0,2,no,no,83206.19,no,yes,35-44,6-10,no,Good
15738267,544,France,Female,64,3,124043.8,1,yes,yes,111402.97,yes,no,55-64,3-5,no,Poor
15786800,723,Germany,Male,52,5,131694.97,1,no,yes,92873.5,yes,no,45-54,3-5,no,Good
15591130,507,Spain,Female,29,6,0.0,2,no,yes,94780.9,no,yes,25-34,6-10,no,Poor
15720662,787,France,Female,35,1,106266.8,1,yes,yes,16607.15,no,no,25-34,1-2,no,Very Good
15751531,598,Spain,Male,41,8,0.0,2,yes,yes,161954.43,no,yes,35-44,6-10,no,Fair
15653595,796,France,Male,51,6,0.0,2,no,yes,194733.28,no,yes,45-54,6-10,no,Very Good
15568360,569,Spain,Female,41,4,139840.36,1,yes,yes,163524.7,no,no,35-44,3-5,no,Poor
15781210,711,France,Male,34,8,0.0,2,no,no,48260.19,no,yes,25-34,6-10,no,Good
15668058,661,Germany,Male,35,8,124098.54,1,yes,no,86678.48,no,no,25-34,6-10,yes,Fair
15597131,415,France,Male,32,5,145807.59,1,yes,yes,3064.65,no,no,25-34,3-5,no,Poor
15697283,578,Spain,Male,23,8,0.0,2,yes,no,112124.98,no,yes,<25,6-10,no,Poor
15640953,611,France,Female,26,2,107508.93,2,yes,yes,120801.65,no,no,25-34,1-2,no,Fair
15715031,600,France,Female,28,6,0.0,2,no,yes,52193.23,no,yes,25-34,6-10,no,Fair
15589660,661,Germany,Female,32,1,145980.23,1,no,yes,56636.28,no,no,25-34,1-2,no,Fair
15769818,850,France,Female,37,3,212778.2,1,no,yes,69372.88,no,no,35-44,3-5,no,Excellent
15782736,573,Germany,Female,47,4,152522.47,1,no,yes,164038.07,yes,no,45-54,3-5,no,Poor
15614818,764,Spain,Female,33,9,168964.77,1,no,yes,118982.51,no,no,25-34,6-10,no,Very Good
15794014,838,France,Female,34,8,0.0,2,yes,no,27472.07,no,yes,25-34,6-10,no,Excellent
15732448,821,France,Female,28,8,0.0,1,yes,yes,36754.13,no,yes,25-34,6-10,no,Excellent
15723411,607,Spain,Female,36,4,98266.3,1,yes,yes,46416.36,no,no,35-44,3-5,no,Fair
15797686,558,France,Male,38,8,113000.92,1,yes,yes,152872.39,no,no,35-44,6-10,no,Poor
15605950,530,Germany,Male,23,1,137060.88,2,yes,yes,165227.23,no,no,<25,1-2,no,Poor
15812497,654,Germany,Male,37,5,112146.12,1,yes,no,75927.35,no,no,35-44,3-5,yes,Fair
15690678,530,France,Female,33,4,129307.32,1,yes,yes,172930.28,no,no,25-34,3-5,no,Poor
15747677,656,Spain,Male,69,6,163975.09,1,yes,yes,36108.5,no,no,65+,6-10,no,Fair
15618926,520,Spain,Male,43,7,0.0,2,yes,yes,36202.74,no,yes,35-44,6-10,no,Poor
15673908,602,Germany,Female,42,6,158414.85,1,yes,yes,131886.46,no,no,35-44,6-10,no,Fair
15727944,701,Germany,Female,48,1,92072.68,1,yes,yes,133992.36,no,no,45-54,1-2,no,Good
15807294,653,Spain,Female,30,2,88243.29,2,yes,yes,96658.26,no,no,25-34,1-2,no,Fair
15618581,668,Spain,Male,25,8,0.0,2,yes,yes,135112.09,no,yes,<25,6-10,no,Fair
15584364,652,France,Male,48,4,59486.31,1,yes,no,163944.18,yes,no,45-54,3-5,yes,Fair
15599552,639,Spain,Female,54,2,0.0,2,yes,yes,53843.71,no,yes,45-54,1-2,no,Fair
15749177,730,Spain,Female,52,7,0.0,2,no,yes,122398.84,no,yes,45-54,6-10,no,Good
15718779,780,France,Male,34,1,0.0,1,yes,yes,64804.04,no,yes,25-34,1-2,no,Very Good
15568106,592,France,Female,38,8,119278.01,2,no,yes,19370.73,no,no,35-44,6-10,no,Fair
15779481,628,France,Male,34,4,158741.43,2,yes,yes,126192.54,no,no,25-34,3-5,no,Fair
15709994,658,France,Female,40,7,140596.95,1,no,yes,135459.02,yes,no,35-44,6-10,no,Fair
15772777,850,Spain,Female,29,10,0.0,2,yes,yes,94815.04,no,yes,25-34,6-10,no,Excellent
15706815,515,Germany,Male,37,2,90432.92,1,yes,yes,188366.04,yes,no,35-44,1-2,no,Poor
15618018,571,France,Female,35,1,104783.81,2,no,yes,178512.52,no,no,25-34,1-2,no,Poor
15671032,760,Germany,Male,42,0,77992.97,2,yes,yes,97906.38,no,no,35-44,0,no,Very Good
15634281,720,Germany,Female,43,10,110822.9,1,no,no,72861.94,no,no,35-44,6-10,yes,Good
15766374,632,Germany,Male,42,4,119624.6,2,yes,yes,195978.86,no,no,35-44,3-5,no,Fair
15600991,694,Germany,Male,31,6,109052.59,2,yes,yes,19448.93,yes,no,25-34,6-10,no,Good
15777576,559,Spain,Female,40,5,139129.44,1,no,yes,32635.54,no,no,35-44,3-5,no,Poor
15742613,773,Germany,Female,42,8,152324.66,2,yes,no,171733.22,no,no,35-44,6-10,no,Very Good
15649523,581,France,Male,38,1,0.0,2,yes,no,46176.22,no,yes,35-44,1-2,no,Fair
15651063,524,Germany,Female,37,9,127480.58,2,yes,no,179634.69,no,no,35-44,6-10,no,Poor
15683124,713,France,Male,53,6,115029.4,1,no,no,191521.32,yes,no,45-54,6-10,yes,Good
15618314,676,France,Male,40,8,114005.78,1,yes,yes,67998.45,no,no,35-44,6-10,no,Good
15670823,651,Germany,Female,42,1,116646.76,1,yes,no,44731.8,yes,no,35-44,1-2,yes,Fair
15607133,717,Spain,Female,49,1,110864.38,2,yes,yes,124532.9,yes,no,45-54,1-2,no,Good
15615012,594,France,Male,23,5,156267.59,1,yes,no,160968.44,no,no,<25,3-5,yes,Fair
15725141,716,France,Female,44,3,109528.28,1,yes,no,27341.63,yes,no,35-44,3-5,yes,Good
15623560,668,France,Female,35,6,102482.76,1,yes,yes,53994.64,no,no,25-34,6-10,no,Fair
15693018,678,Germany,Male,23,10,115563.71,1,yes,yes,91633.53,no,no,<25,6-10,no,Good
15636756,545,France,Male,23,2,0.0,2,yes,no,189613.12,no,yes,<25,1-2,no,Poor
15647474,613,France,Female,40,9,95624.36,2,yes,yes,60706.33,no,no,35-44,6-10,no,Fair
15576714,687,Spain,Female,21,8,0.0,2,yes,yes,154767.34,no,yes,<25,6-10,no,Good
15585047,715,France,Male,28,7,160376.61,1,no,no,196853.11,no,no,25-34,6-10,yes,Good
15743976,618,Germany,Male,41,8,37702.79,1,yes,yes,195775.48,no,no,35-44,6-10,no,Fair
15793881,721,France,Female,35,6,118273.83,1,no,yes,3086.89,no,no,25-34,6-10,no,Good
15576517,445,Germany,Female,34,7,131082.17,2,yes,yes,70618.0,no,no,25-34,6-10,no,Poor
15631072,690,France,Male,38,1,94456.0,2,no,yes,55034.02,no,no,35-44,1-2,no,Good
15730394,709,France,Female,43,8,0.0,2,no,no,168035.62,yes,yes,35-44,6-10,no,Good
15631460,671,Spain,Female,42,3,0.0,2,yes,yes,128449.33,no,yes,35-44,3-5,no,Good
15692002,538,France,Male,33,6,93791.38,1,yes,yes,199249.29,no,no,25-34,6-10,no,Poor
15595282,735,France,Female,33,4,0.0,2,yes,no,149474.69,no,yes,25-34,3-5,no,Good
15789548,592,France,Female,37,7,0.0,2,yes,yes,126726.33,no,yes,35-44,6-10,no,Fair
15758035,747,France,Male,61,7,155973.13,1,no,yes,147554.26,no,no,55-64,6-10,no,Very Good
15617518,675,Germany,Male,36,7,89409.95,1,yes,yes,149399.7,no,no,35-44,6-10,no,Good
15651802,632,Spain,Female,39,5,97854.37,2,yes,no,93536.38,no,no,35-44,3-5,no,Fair
15631813,621,France,Male,39,6,0.0,2,yes,yes,58883.91,no,yes,35-44,6-10,no,Fair
15729668,521,Spain,Male,29,3,60280.62,1,yes,no,154271.41,no,no,25-34,3-5,yes,Poor
15741728,591,Spain,Male,36,7,135216.8,1,yes,yes,122022.89,no,no,35-44,6-10,no,Fair
15576676,706,Germany,Female,28,6,124923.35,2,yes,yes,50299.14,no,no,25-34,6-10,no,Good
15711378,677,France,Male,38,4,0.0,2,yes,no,187800.63,no,yes,35-44,3-5,no,Good
15765520,769,Germany,Male,27,7,188614.07,1,yes,no,171344.09,no,no,25-34,6-10,yes,Very Good
15656726,771,France,Male,32,5,62321.62,1,yes,yes,40920.59,no,no,25-34,3-5,no,Very Good
15647842,601,Germany,Female,48,8,120782.7,1,yes,no,63940.68,yes,no,45-54,6-10,yes,Fair
15719309,670,France,Female,42,1,115961.58,2,no,yes,29483.87,no,no,35-44,1-2,no,Fair
15748718,517,France,Male,28,2,115062.61,1,yes,no,179056.23,no,no,25-34,1-2,yes,Poor
15594404,834,France,Female,49,8,160602.25,2,yes,no,129273.94,no,no,45-54,6-10,no,Excellent
15751158,571,France,Female,42,4,108825.34,3,yes,no,55558.51,yes,no,35-44,3-5,no,Poor
15593470,576,Germany,Female,36,8,166287.85,1,yes,yes,23305.85,no,no,35-44,6-10,no,Poor
15695129,718,France,Female,31,1,152663.77,1,no,yes,17128.64,no,no,25-34,1-2,no,Good
15640865,636,Germany,Female,31,9,80844.69,2,yes,yes,74641.9,no,no,25-34,6-10,no,Fair
15714080,566,Germany,Female,40,2,97001.36,2,yes,no,154486.01,no,no,35-44,1-2,no,Poor
15648721,711,France,Male,64,4,0.0,2,yes,yes,3185.67,no,yes,55-64,3-5,no,Good
15801466,574,France,Female,39,2,122524.61,2,yes,no,88463.63,no,no,35-44,1-2,no,Poor
15750248,619,France,Female,35,8,132292.63,1,yes,no,65682.93,no,no,25-34,6-10,yes,Fair
15758726,588,France,Female,24,0,0.0,2,yes,yes,140586.08,no,yes,<25,0,no,Fair
15781553,760,Germany,Female,49,9,91502.99,1,yes,no,117232.9,yes,no,45-54,6-10,yes,Very Good
15649121,665,France,Male,52,3,0.0,1,yes,no,116137.01,yes,yes,45-54,3-5,yes,Fair
15674811,739,Germany,Male,29,3,59385.98,2,yes,yes,105533.96,no,no,25-34,3-5,no,Good
15646037,641,France,Male,77,9,0.0,3,yes,yes,81514.06,no,yes,65+,6-10,no,Fair
15722578,685,Germany,Female,21,6,97956.5,1,yes,yes,164966.27,no,no,<25,6-10,no,Good
15665695,594,France,Female,49,4,0.0,2,yes,yes,23631.55,no,yes,45-54,3-5,no,Fair
15801062,557,Spain,Female,40,4,0.0,2,no,yes,105433.53,no,yes,35-44,3-5,no,Poor
15662955,697,France,Male,27,8,141223.68,2,yes,no,90591.15,no,no,25-34,6-10,no,Good
15770309,656,France,Male,18,10,151762.74,1,no,yes,127014.32,no,no,<25,6-10,no,Fair
15657386,712,Germany,Male,43,1,141749.74,2,no,yes,90905.26,no,no,35-44,1-2,no,Good
15777797,689,Spain,Male,38,5,75075.14,1,yes,yes,8651.92,yes,no,35-44,3-5,no,Good
15783955,697,France,Female,25,4,165686.11,2,yes,no,15467.98,no,no,<25,3-5,no,Good
15804516,589,France,Male,38,2,0.0,1,yes,no,79915.28,no,yes,35-44,1-2,yes,Fair
15681758,525,Spain,Female,25,10,0.0,2,yes,no,69361.95,no,yes,<25,6-10,no,Poor
15630321,680,France,Male,44,3,0.0,2,yes,no,86935.08,no,yes,35-44,3-5,no,Good
15588248,617,France,Female,28,0,0.0,2,yes,yes,7597.83,yes,yes,25-34,0,no,Fair
15591932,680,France,Male,32,5,92961.61,1,yes,no,116957.6,no,no,25-34,3-5,yes,Good
15810347,662,Spain,Female,30,9,0.0,2,no,yes,157884.83,no,yes,25-34,6-10,no,Fair
15595303,736,Germany,Male,46,5,130812.91,1,yes,yes,77981.54,yes,no,45-54,3-5,no,Good
15634950,657,Germany,Male,57,8,107174.58,1,yes,yes,126369.55,yes,no,55-64,6-10,no,Fair
15685372,350,Spain,Male,54,1,152677.48,1,yes,yes,191973.49,yes,no,45-54,1-2,no,Poor
15745827,617,France,Male,30,3,132005.77,1,yes,no,142940.39,no,no,25-34,3-5,yes,Fair
15755868,562,France,Male,35,7,0.0,1,no,no,48869.67,no,yes,25-34,6-10,yes,Poor
15735222,705,Spain,Female,23,5,0.0,2,yes,yes,73131.73,no,yes,<25,3-5,no,Good
15604804,516,France,Female,33,7,127305.5,1,yes,yes,120037.36,no,no,25-34,6-10,no,Poor
15718944,573,France,Female,37,6,0.0,2,yes,no,193995.37,no,yes,35-44,6-10,no,Poor
15678626,538,Spain,Female,31,0,0.0,2,no,no,179453.66,no,yes,25-34,0,no,Poor
15571550,699,France,Male,39,9,0.0,1,yes,no,80963.92,no,yes,35-44,6-10,yes,Good
15723053,504,Germany,Male,32,8,170291.22,2,no,yes,15658.99,no,no,25-34,6-10,no,Poor
15661528,583,Spain,Male,47,5,102562.23,1,yes,no,92708.1,no,no,45-54,3-5,yes,Fair
15754177,712,Spain,Male,53,2,111061.01,2,no,no,26542.17,no,no,45-54,1-2,no,Good
15683544,626,Spain,Male,62,3,0.0,1,yes,yes,65010.74,no,yes,55-64,3-5,no,Fair
15708048,631,France,Female,34,4,124379.14,1,yes,no,106892.91,no,no,25-34,3-5,yes,Fair
15701109,663,France,Female,37,7,0.0,1,yes,yes,185210.63,no,yes,35-44,6-10,no,Fair
15600110,506,Germany,Female,41,3,57745.76,1,yes,no,4035.46,no,no,35-44,3-5,yes,Poor
15651533,570,Germany,Female,50,5,129293.74,1,yes,no,177805.44,yes,no,45-54,3-5,yes,Poor
15777904,703,France,Female,45,7,0.0,2,yes,yes,68831.72,no,yes,35-44,6-10,no,Good
15655574,698,Germany,Female,40,8,150777.1,1,yes,no,114732.62,no,no,35-44,6-10,yes,Good
15569423,731,Spain,Male,41,4,0.0,2,yes,no,22299.27,no,yes,35-44,3-5,no,Good
15718106,625,France,Male,34,6,0.0,2,no,no,197283.2,no,yes,25-34,6-10,no,Fair
15585067,634,Spain,Male,31,9,108632.48,1,yes,yes,179485.96,yes,no,25-34,6-10,no,Fair
15675501,616,France,Male,59,5,153861.1,1,yes,yes,17699.48,no,no,55-64,3-5,no,Fair
15633233,500,France,Male,56,1,100374.58,1,yes,no,118490.8,yes,no,55-64,1-2,yes,Poor
15667134,446,France,Male,32,8,0.0,2,no,no,133292.94,no,yes,25-34,6-10,no,Poor
15659105,669,France,Female,47,9,61196.54,1,yes,no,58170.24,no,no,45-54,6-10,yes,Fair
15575409,581,Germany,Male,31,6,116891.72,1,yes,no,107137.3,no,no,25-34,6-10,yes,Fair
15752342,704,Germany,Female,54,6,133656.91,3,yes,no,145071.33,yes,no,45-54,6-10,no,Good
15654851,748,France,Male,44,2,92911.52,1,no,yes,85495.24,no,no,35-44,1-2,no,Very Good
15741429,680,Spain,Female,31,9,119825.75,2,yes,yes,101139.3,no,no,25-34,6-10,no,Good
15682356,655,France,Female,37,7,111852.84,2,yes,no,10511.13,no,no,35-44,6-10,no,Fair
15806447,690,Germany,Male,32,0,106683.52,2,yes,yes,137916.49,no,no,25-34,0,no,Good
15800229,695,Germany,Male,40,7,139022.24,1,no,yes,193383.13,no,no,35-44,6-10,no,Good
15663441,700,Germany,Female,40,4,148571.07,1,yes,no,189826.96,yes,no,35-44,3-5,yes,Good
15791991,773,France,Male,52,4,0.0,1,no,yes,144113.42,no,yes,45-54,3-5,no,Very Good
15775082,749,France,Male,42,1,129776.72,2,no,yes,143538.51,no,no,35-44,1-2,no,Very Good
15579706,611,France,Female,46,5,0.0,1,yes,no,77677.14,yes,yes,45-54,3-5,yes,Fair
15718247,606,Spain,Female,46,8,0.0,2,yes,yes,183717.94,no,yes,45-54,6-10,no,Fair
15755722,554,France,Male,24,10,0.0,1,no,no,92180.62,no,yes,<25,6-10,yes,Poor
15582259,567,France,Female,37,7,0.0,2,yes,yes,28690.9,no,yes,35-44,6-10,no,Poor
15716994,559,Spain,Male,24,3,114739.92,1,yes,no,85891.02,yes,no,<25,3-5,yes,Poor
15586880,594,Germany,Male,41,2,122545.65,2,yes,yes,42050.24,no,no,35-44,1-2,no,Fair
15713854,513,France,Female,37,6,0.0,2,yes,no,110142.34,no,yes,35-44,6-10,no,Poor
15780835,652,Germany,Female,26,1,131908.35,1,yes,yes,179269.79,no,no,25-34,1-2,no,Fair
15675896,680,Germany,Female,42,7,105722.69,1,yes,yes,90558.24,yes,no,35-44,6-10,no,Good
15658459,784,Spain,Male,33,10,0.0,2,yes,no,162022.47,no,yes,25-34,6-10,no,Very Good
15658057,812,Spain,Female,44,8,0.0,3,yes,no,66926.83,yes,yes,35-44,6-10,no,Excellent
15801767,784,Spain,Female,40,8,0.0,2,yes,no,108891.3,no,yes,35-44,6-10,no,Very Good
15569178,570,France,Female,18,4,82767.42,1,yes,no,71811.9,no,no,<25,3-5,yes,Poor
15731478,712,France,Female,42,1,87842.98,1,no,no,92223.59,no,no,35-44,1-2,yes,Good
15811236,705,Spain,Male,39,6,133261.13,1,yes,yes,78065.9,no,no,35-44,6-10,no,Good
15746749,681,Spain,Female,32,3,0.0,2,yes,yes,59679.9,no,yes,25-34,3-5,no,Good
15662758,620,France,Male,41,0,97925.11,1,yes,no,85000.32,no,no,35-44,0,yes,Fair
15709387,711,France,Male,52,5,0.0,1,yes,yes,159808.95,no,yes,45-54,3-5,no,Good
15572093,613,France,Female,24,7,140453.91,1,yes,no,129001.3,no,no,<25,6-10,yes,Fair
15713826,613,Germany,Female,20,0,117356.19,1,no,no,113557.7,yes,no,<25,0,yes,Fair
15570205,682,Spain,Male,36,5,0.0,2,yes,yes,147758.51,no,yes,35-44,3-5,no,Good
15589348,850,Spain,Male,37,4,137204.77,1,yes,yes,28865.59,no,no,35-44,3-5,no,Excellent
15804610,601,France,Female,41,1,0.0,2,no,yes,160607.06,no,yes,35-44,1-2,no,Fair
15700854,595,Spain,Male,35,8,0.0,1,yes,no,100015.79,yes,yes,25-34,6-10,yes,Fair
15758836,675,Spain,Male,36,3,54098.18,2,no,yes,54478.52,no,no,35-44,3-5,no,Good
15772933,591,Spain,Male,31,8,0.0,1,yes,yes,141677.33,no,yes,25-34,6-10,no,Fair
15809006,602,France,Male,23,7,113758.48,2,no,no,84077.6,no,no,<25,6-10,no,Fair
15689612,554,Spain,Female,34,8,0.0,1,no,yes,106981.03,no,yes,25-34,6-10,no,Poor
15744614,541,France,Male,37,9,118636.92,1,yes,yes,73551.44,no,no,35-44,6-10,no,Poor
15704250,506,France,Male,34,7,0.0,2,no,no,115842.1,no,yes,25-34,6-10,no,Poor
15700255,814,Germany,Male,44,8,95488.82,2,no,no,107013.59,no,no,35-44,6-10,no,Excellent
15669410,683,France,Male,30,8,110829.52,2,no,no,24938.84,no,no,25-34,6-10,no,Good
15807595,485,Germany,Male,51,7,144244.59,2,yes,no,51113.14,no,no,45-54,6-10,no,Poor
15664523,696,Germany,Female,31,8,122021.92,2,yes,no,33828.64,no,no,25-34,6-10,no,Good
15642833,608,France,Female,30,8,0.0,2,yes,no,128875.86,no,yes,25-34,6-10,no,Fair
15605279,792,France,Male,50,9,0.0,4,yes,yes,194700.81,yes,yes,45-54,6-10,no,Very Good
15713644,686,Spain,Male,22,5,0.0,2,yes,no,158974.45,no,yes,<25,3-5,no,Good
15750466,790,Germany,Male,42,1,85839.62,1,yes,no,198182.73,no,no,35-44,1-2,yes,Very Good
15739054,654,France,Female,29,4,96974.97,1,no,yes,141404.07,no,no,25-34,3-5,no,Fair
15612771,452,France,Male,35,4,148172.44,1,yes,yes,4175.68,no,no,25-34,3-5,no,Poor
15788483,719,Spain,Male,38,0,0.0,1,yes,no,126876.47,no,yes,35-44,0,yes,Good
15732832,707,France,Female,40,5,0.0,2,yes,no,41052.82,no,yes,35-44,3-5,no,Good
15772892,699,France,Female,49,2,0.0,1,no,no,105760.01,no,yes,45-54,1-2,yes,Good
15713843,850,Spain,Male,30,2,0.0,2,no,yes,27937.12,no,yes,25-34,1-2,no,Excellent
15567993,828,Spain,Male,28,8,134766.85,1,yes,no,79355.87,no,no,25-34,6-10,yes,Excellent
15617603,850,Germany,Male,30,5,123210.56,2,yes,yes,102180.27,no,no,25-34,3-5,no,Excellent
15744983,712,Spain,Male,47,1,139887.01,1,yes,yes,95719.73,no,no,45-54,1-2,no,Good
15630419,634,France,Male,44,9,149961.11,1,yes,no,57121.51,no,no,35-44,6-10,yes,Fair
15738828,730,Germany,Male,45,6,152880.97,1,no,no,162478.11,no,no,35-44,6-10,yes,Good
15778025,685,Germany,Male,43,9,108589.47,2,no,yes,194808.51,no,no,35-44,6-10,no,Good
15799479,809,Spain,Male,33,9,0.0,1,yes,yes,124045.65,no,yes,25-34,6-10,no,Excellent
15684269,707,Spain,Female,35,3,56674.48,1,yes,no,17987.4,yes,no,25-34,3-5,yes,Good
15762745,648,Spain,Male,32,8,0.0,1,yes,no,133653.38,no,yes,25-34,6-10,yes,Fair
15746970,760,Spain,Female,57,1,0.0,2,yes,yes,25101.17,no,yes,55-64,1-2,no,Very Good
15725024,805,Germany,Female,33,3,105663.56,2,no,yes,33330.89,no,no,25-34,3-5,no,Excellent
15592116,585,France,Female,39,7,0.0,2,yes,no,2401.26,no,yes,35-44,6-10,no,Fair
15624391,595,Spain,Female,30,5,100683.54,1,yes,yes,178361.04,no,no,25-34,3-5,no,Fair
15567422,630,France,Male,42,6,0.0,2,yes,no,162697.93,no,yes,35-44,6-10,no,Fair
15612627,627,Germany,Male,29,5,139541.58,2,yes,no,80607.33,no,no,25-34,3-5,no,Fair
15574879,631,Germany,Female,37,2,121801.72,2,no,yes,23146.62,no,no,35-44,1-2,no,Fair
15745107,776,Germany,Male,38,5,112281.7,1,no,yes,89893.6,no,no,35-44,3-5,no,Very Good
15734491,676,Spain,Female,36,4,0.0,2,yes,yes,3173.31,no,yes,35-44,3-5,no,Good
15675320,758,Spain,Female,40,5,93499.82,2,no,no,123218.81,no,no,35-44,3-5,no,Very Good
15643824,637,France,Male,33,0,132255.99,2,no,yes,74588.41,no,no,25-34,0,no,Fair
15643438,850,France,Male,20,7,0.0,2,yes,no,31288.77,no,yes,<25,6-10,no,Excellent
15721730,601,Spain,Female,44,4,0.0,2,yes,no,58561.31,no,yes,35-44,3-5,no,Fair
15680727,735,France,Male,49,5,121973.28,1,yes,no,148804.36,no,no,45-54,3-5,yes,Good
15752508,614,Germany,Male,32,7,99462.8,2,yes,yes,51117.06,no,no,25-34,6-10,no,Fair
15808846,672,Germany,Female,21,3,165878.76,2,yes,yes,164537.17,no,no,<25,3-5,no,Good
15727251,642,France,Male,30,8,117494.27,1,no,no,61977.82,no,no,25-34,6-10,yes,Fair
15663489,633,Germany,Female,29,0,138577.34,1,yes,no,193362.99,no,no,25-34,0,yes,Fair
15683677,769,Spain,Male,39,9,0.0,1,yes,yes,47722.79,no,yes,35-44,6-10,no,Very Good
15596414,796,Spain,Male,41,8,107525.07,1,yes,no,18510.41,no,no,35-44,6-10,yes,Very Good
15730639,715,France,Male,23,7,139224.92,2,yes,no,65057.71,no,no,<25,6-10,no,Good
15672132,695,France,Female,42,7,121453.63,1,no,no,46374.64,no,no,35-44,6-10,yes,Good
15742638,747,France,Female,25,4,0.0,2,no,yes,42039.67,no,yes,<25,3-5,no,Very Good
15578603,584,Germany,Female,54,1,77354.37,1,no,no,138192.98,yes,no,45-54,1-2,yes,Fair
15726088,476,France,Male,40,6,0.0,1,yes,yes,22735.45,no,yes,35-44,6-10,no,Poor
15682533,850,France,Female,39,7,79259.99,1,no,yes,186910.74,no,no,35-44,6-10,no,Excellent
15772995,529,France,Male,30,2,116295.29,1,yes,no,75285.47,no,no,25-34,1-2,yes,Poor
15765694,584,Spain,Female,59,1,0.0,1,no,yes,130260.11,yes,yes,55-64,1-2,no,Fair
15659486,586,Germany,Male,34,9,74309.81,1,yes,no,15034.93,no,no,25-34,6-10,yes,Fair
15568963,674,Germany,Male,34,2,152797.9,1,yes,no,175709.4,yes,no,25-34,1-2,yes,Good
15703820,552,France,Male,42,9,133701.07,2,yes,no,101069.71,yes,no,35-44,6-10,no,Poor
15569410,601,Germany,Female,33,7,114430.18,2,yes,yes,153012.13,no,no,25-34,6-10,no,Fair
15632256,541,France,Male,29,7,127504.57,1,no,no,86173.92,no,no,25-34,6-10,yes,Poor
15724466,744,Germany,Female,41,2,84113.41,1,yes,no,197548.63,no,no,35-44,1-2,yes,Very Good
15777639,595,Spain,Female,23,10,101126.66,2,no,no,37042.8,no,no,<25,6-10,no,Fair
15802501,724,Germany,Male,33,5,103564.83,2,yes,no,121085.72,no,no,25-34,3-5,no,Good
15778410,533,Spain,Female,52,7,0.0,1,no,yes,194113.99,yes,yes,45-54,6-10,no,Poor
15670702,618,France,Male,37,2,168178.21,2,no,yes,101273.23,no,no,35-44,1-2,no,Fair
15704763,523,Germany,Female,39,1,143903.11,1,yes,yes,118711.75,yes,no,35-44,1-2,no,Poor
15645544,642,Germany,Female,30,5,129753.69,1,yes,no,582.53,no,no,25-34,3-5,yes,Fair
15757646,584,France,Male,35,9,0.0,2,yes,no,192381.21,no,yes,25-34,6-10,no,Fair
15701121,521,France,Male,38,5,110641.18,1,no,yes,136507.69,yes,no,35-44,3-5,no,Poor
15796313,662,France,Female,36,4,166909.2,2,yes,no,138871.12,yes,no,35-44,3-5,no,Fair
15815660,758,France,Female,34,1,154139.45,1,yes,yes,60728.89,no,no,25-34,1-2,no,Very Good
15602844,717,France,Male,38,7,97459.06,1,no,no,189175.71,no,no,35-44,6-10,yes,Good
15636238,611,France,Male,40,1,0.0,2,yes,yes,102547.56,no,yes,35-44,1-2,no,Fair
15770101,766,Germany,Male,43,6,112088.04,2,yes,yes,36706.56,no,no,35-44,6-10,no,Very Good
15645543,636,France,Female,34,3,0.0,2,yes,yes,44756.25,no,yes,25-34,3-5,no,Fair
15596397,814,France,Female,48,7,0.0,2,yes,yes,132870.15,no,yes,45-54,6-10,no,Excellent
15770525,760,Spain,Male,28,1,141038.57,2,no,no,16287.38,no,no,25-34,1-2,no,Very Good
15684267,607,Germany,Male,39,2,84468.67,2,yes,yes,121945.42,no,no,35-44,1-2,no,Fair
15689980,725,Spain,Female,36,4,118520.26,1,no,no,131173.9,yes,no,35-44,3-5,yes,Good
15633260,600,France,Male,37,1,142663.46,1,no,yes,88669.89,no,no,35-44,1-2,no,Fair
15756471,656,Germany,Male,27,4,118627.16,2,yes,yes,160835.3,no,no,25-34,3-5,no,Fair
15721303,640,Spain,Male,34,1,137523.02,1,no,no,24761.36,no,no,25-34,1-2,yes,Fair
15802256,439,France,Male,28,7,110976.23,2,yes,no,138526.96,no,no,25-34,6-10,no,Poor
15725664,549,France,Female,38,8,107283.4,1,no,no,157442.75,no,no,35-44,6-10,yes,Poor
15674851,622,France,Male,38,5,0.0,2,no,no,105295.77,no,yes,35-44,3-5,no,Fair
15701946,715,France,Male,34,4,124314.45,1,no,no,97782.92,no,no,25-34,3-5,yes,Good
15748947,657,France,Female,41,5,95858.37,1,yes,yes,68255.88,no,no,35-44,3-5,no,Fair
15673342,703,France,Male,36,2,0.0,2,yes,no,108790.95,no,yes,35-44,1-2,no,Good
15601008,802,France,Male,33,8,0.0,2,yes,no,143706.18,no,yes,25-34,6-10,no,Excellent
15771636,793,Spain,Female,36,0,0.0,1,no,no,148993.47,no,yes,35-44,0,yes,Very Good
15642002,554,France,Female,35,6,117707.18,2,no,no,95277.15,yes,no,25-34,6-10,no,Poor
15693381,533,Spain,Male,38,1,135289.33,2,no,yes,152956.33,no,no,35-44,1-2,no,Poor
15607691,658,France,Male,36,8,174060.46,1,yes,yes,94925.62,no,no,35-44,6-10,no,Fair
15589380,713,Germany,Male,40,3,114446.84,2,yes,yes,87308.18,no,no,35-44,3-5,no,Good
15603846,711,Spain,Male,37,2,0.0,2,yes,no,83978.86,yes,yes,35-44,1-2,no,Good
15753549,669,France,Male,25,1,157848.53,1,no,no,37543.93,yes,no,<25,1-2,yes,Fair
15725355,439,France,Female,43,8,0.0,1,no,yes,104889.3,no,yes,35-44,6-10,no,Poor
15773017,763,Spain,Female,37,6,0.0,2,yes,yes,149705.25,no,yes,35-44,6-10,no,Very Good
15625641,697,Germany,Female,74,3,108071.36,2,yes,yes,16445.79,no,no,65+,3-5,no,Good
15776467,702,Spain,Female,35,8,14262.8,2,yes,no,54689.16,no,no,25-34,6-10,no,Good
15746451,686,Spain,Male,41,7,102749.72,1,no,yes,194913.86,no,no,35-44,6-10,no,Good
15777922,629,Spain,Male,36,1,161757.87,2,yes,yes,146371.72,no,no,35-44,1-2,no,Fair
15606841,823,France,Male,38,1,0.0,2,yes,no,156603.7,no,yes,35-44,1-2,no,Excellent
15757648,683,Germany,Female,35,5,95698.79,1,no,yes,182566.76,no,no,25-34,3-5,no,Good
15677173,555,France,Male,37,9,124969.13,1,yes,no,60194.05,no,no,35-44,6-10,yes,Poor
15764170,647,Germany,Male,44,4,93960.35,1,yes,no,36579.53,yes,no,35-44,3-5,yes,Fair
15610446,714,France,Female,51,4,88308.87,3,no,no,5862.53,yes,no,45-54,3-5,no,Good
15612776,850,Spain,Female,39,10,0.0,2,yes,yes,143030.09,no,yes,35-44,6-10,no,Excellent
15794122,713,France,Female,59,3,0.0,2,yes,yes,62700.08,no,yes,55-64,3-5,no,Good
15774931,452,France,Male,30,7,112935.87,1,yes,yes,99017.34,no,no,25-34,6-10,no,Poor
15779247,683,Spain,Female,24,8,98567.1,1,yes,no,187987.01,no,no,<25,6-10,yes,Good
15707078,577,France,Female,26,1,180530.51,1,no,no,123454.62,no,no,25-34,1-2,yes,Poor
15605263,552,France,Male,33,5,140931.57,1,no,yes,10921.5,no,no,25-34,3-5,no,Poor
15607381,769,Germany,Female,31,7,148913.72,2,yes,no,53817.23,no,no,25-34,6-10,no,Very Good
15683471,691,France,Male,38,7,0.0,2,no,no,81617.4,no,yes,35-44,6-10,no,Good
15605037,818,France,Female,49,2,0.0,1,no,yes,192298.84,yes,yes,45-54,1-2,no,Excellent
15576085,739,France,Male,41,5,0.0,2,no,no,143882.25,no,yes,35-44,3-5,no,Good
15770435,639,France,Female,50,6,115335.32,2,yes,yes,53130.41,no,no,45-54,6-10,no,Fair
15592994,651,France,Female,65,0,0.0,2,yes,yes,190454.04,no,yes,55-64,0,no,Fair
15624068,779,France,Female,26,0,0.0,2,no,yes,111906.0,no,yes,25-34,0,no,Very Good
15595221,850,Germany,Female,33,7,134678.13,1,yes,no,113177.95,no,no,25-34,6-10,yes,Excellent
15637131,829,France,Male,38,9,0.0,2,yes,no,30529.88,no,yes,35-44,6-10,no,Excellent
15613471,579,Germany,Male,31,2,90547.48,2,yes,yes,18800.13,no,no,25-34,1-2,no,Poor
15583499,510,France,Male,32,9,103324.78,1,yes,yes,46127.7,no,no,25-34,6-10,no,Poor
15752816,531,France,Male,29,3,114590.58,1,no,no,75585.48,no,no,25-34,3-5,yes,Poor
15804075,628,Germany,Female,36,3,91286.51,1,yes,no,63085.94,no,no,35-44,3-5,yes,Fair
15800517,633,Spain,Male,32,5,163340.12,2,yes,yes,74415.2,no,no,25-34,3-5,no,Fair
15712319,714,Spain,Male,45,8,150900.29,2,no,yes,139889.15,no,no,35-44,6-10,no,Good
15797389,604,Spain,Male,23,9,124577.33,1,yes,yes,7267.25,no,no,<25,6-10,no,Fair
15621432,630,Spain,Male,35,1,0.0,2,no,no,186826.22,no,yes,25-34,1-2,no,Fair
15779390,850,Spain,Female,31,4,91292.7,1,yes,yes,162149.07,no,no,25-34,3-5,no,Excellent
15711219,788,Germany,Female,57,8,93716.72,1,yes,yes,180150.49,yes,no,55-64,6-10,no,Very Good
15770498,798,France,Female,37,4,111723.08,1,yes,yes,83478.12,no,no,35-44,3-5,no,Very Good
15678727,770,Germany,Male,45,4,110765.68,1,yes,no,26163.74,yes,no,35-44,3-5,yes,Very Good
15573893,569,Germany,Male,25,9,173459.45,2,yes,yes,44381.06,no,no,<25,6-10,no,Poor
15740104,425,Spain,Female,22,7,169649.73,2,no,yes,136365.0,yes,no,<25,6-10,no,Poor
15792649,547,Spain,Female,31,9,0.0,2,no,no,99294.22,no,yes,25-34,6-10,no,Poor
15605275,725,Germany,Male,45,8,116917.07,1,no,no,173464.43,yes,no,35-44,6-10,yes,Good
15572467,506,France,Male,37,5,0.0,2,yes,yes,127543.81,no,yes,35-44,3-5,no,Poor
15738219,632,France,Female,36,7,0.0,2,yes,yes,52526.65,no,yes,35-44,6-10,no,Fair
15600710,620,France,Male,22,0,0.0,1,yes,no,32589.45,no,yes,<25,0,yes,Fair
15804394,663,Germany,Male,32,8,130627.66,1,yes,no,47161.25,yes,no,25-34,6-10,yes,Fair
15694188,700,Spain,Female,46,5,56580.95,2,no,yes,45424.13,no,no,45-54,3-5,no,Good
15583718,696,Germany,Male,38,6,142316.14,1,yes,yes,8018.49,no,no,35-44,6-10,no,Good
15802478,767,Spain,Male,31,6,0.0,2,yes,yes,195668.0,no,yes,25-34,6-10,no,Very Good
15619343,561,France,Male,56,7,152759.0,2,yes,no,133167.11,yes,no,55-64,6-10,no,Poor
15758813,350,Germany,Male,39,0,109733.2,2,no,no,123602.11,yes,no,35-44,0,no,Poor
15761374,706,France,Male,54,9,117444.51,1,yes,yes,186238.85,no,no,45-54,6-10,no,Good
15569209,464,Spain,Female,34,5,76001.57,1,yes,yes,158668.87,no,no,25-34,3-5,no,Poor
15788539,501,France,Female,34,3,107747.57,1,yes,no,9249.36,no,no,25-34,3-5,yes,Poor
15747222,745,Spain,Female,35,8,0.0,2,yes,yes,116581.1,no,yes,25-34,6-10,no,Very Good
15769346,587,France,Female,36,1,134997.49,2,yes,no,44688.08,no,no,35-44,1-2,no,Fair
15699634,667,France,Female,48,2,0.0,2,yes,yes,148608.39,no,yes,45-54,1-2,no,Fair
15589076,737,France,Male,36,9,0.0,1,no,yes,188670.9,yes,yes,35-44,6-10,no,Good
15812338,485,Spain,Female,30,7,0.0,1,yes,no,107067.37,no,yes,25-34,6-10,yes,Poor
15758845,590,Spain,Female,37,0,64345.21,1,no,yes,61759.33,yes,no,35-44,0,no,Fair
15685844,518,Germany,Female,35,8,141665.63,1,no,yes,192776.64,no,no,25-34,6-10,no,Poor
15583090,581,Spain,Female,29,8,0.0,2,yes,no,46735.19,no,yes,25-34,6-10,no,Fair
15587581,785,Germany,Female,33,5,136624.6,2,yes,yes,169117.74,no,no,25-34,3-5,no,Very Good
15633640,799,France,Female,52,4,161209.66,1,yes,yes,89081.41,no,no,45-54,3-5,no,Very Good
15573741,698,Spain,Male,38,10,95010.92,1,yes,yes,105227.86,no,no,35-44,6-10,no,Good
15633574,730,France,Female,41,4,167545.32,1,yes,no,128246.81,no,no,35-44,3-5,yes,Good
15711455,740,Germany,Female,36,4,109044.6,1,no,no,94554.74,yes,no,35-44,3-5,yes,Good
15570601,785,France,Female,47,9,122031.55,1,yes,yes,33823.5,yes,no,45-54,6-10,no,Very Good
15690925,527,Spain,Female,29,2,27755.97,1,yes,no,97468.44,yes,no,25-34,1-2,yes,Poor
15709338,544,France,Female,29,1,118560.55,1,yes,yes,164137.36,no,no,25-34,1-2,no,Poor
15780746,705,France,Male,61,4,0.0,2,yes,yes,191313.7,no,yes,55-64,3-5,no,Good
15681956,684,France,Male,34,9,0.0,2,yes,yes,65257.57,no,yes,25-34,6-10,no,Good
15778190,639,Spain,Female,28,8,97840.72,1,yes,yes,178222.77,no,no,25-34,6-10,no,Fair
15786852,565,Germany,Female,38,2,158651.29,2,yes,yes,179445.28,no,no,35-44,1-2,no,Poor
15726494,481,France,Male,44,9,175303.06,1,yes,no,65500.53,yes,no,35-44,6-10,yes,Poor
15641183,731,Spain,Male,25,8,96950.21,1,yes,no,97877.92,no,no,<25,6-10,yes,Good
15805312,607,France,Male,45,7,123859.6,1,no,yes,113051.57,no,no,35-44,6-10,no,Fair
15636572,760,France,Female,32,7,0.0,2,yes,yes,105969.05,no,yes,25-34,6-10,no,Very Good
15632575,559,France,Female,70,9,0.0,1,yes,yes,122996.76,no,yes,65+,6-10,no,Poor
15740164,715,France,Female,33,3,85227.84,1,yes,yes,68087.15,no,no,25-34,3-5,no,Good
15574947,656,France,Male,36,8,97786.08,2,no,yes,21478.36,no,no,35-44,6-10,no,Fair
15597909,652,Germany,Male,33,7,128135.99,1,yes,no,158437.73,no,no,25-34,6-10,yes,Fair
15782574,624,Spain,Male,33,6,0.0,2,no,no,76551.7,no,yes,25-34,6-10,no,Fair
15734999,634,Spain,Male,36,2,85996.19,1,yes,no,15887.68,no,no,35-44,1-2,yes,Fair
15706593,850,Spain,Female,50,10,0.0,2,yes,yes,33741.84,no,yes,45-54,6-10,no,Excellent
15766686,659,Germany,Female,39,1,104502.11,1,yes,no,20652.69,no,no,35-44,1-2,yes,Fair
15590268,529,Spain,Male,35,5,95772.97,1,yes,yes,112781.5,no,no,25-34,3-5,no,Poor
15763055,572,Spain,Male,31,5,98108.79,1,no,yes,119996.95,no,no,25-34,3-5,no,Poor
15664754,640,Germany,Male,39,9,131607.28,4,no,yes,6981.43,yes,no,35-44,6-10,no,Fair
15643630,770,Spain,Male,55,9,63127.41,2,yes,no,185211.28,yes,no,45-54,6-10,no,Very Good
15641043,648,Spain,Male,35,7,0.0,2,yes,yes,78436.36,no,yes,25-34,6-10,no,Fair
15768095,579,France,Male,31,9,0.0,1,no,yes,139048.0,no,yes,25-34,6-10,no,Poor
15811314,589,Germany,Female,36,9,140355.56,2,yes,no,136329.96,no,no,35-44,6-10,no,Fair
15669922,530,Spain,Female,36,2,0.0,2,yes,yes,14721.8,no,yes,35-44,1-2,no,Poor
15707114,831,France,Male,30,2,0.0,2,no,yes,3430.38,no,yes,25-34,1-2,no,Excellent
15670602,790,Germany,Male,24,7,107418.27,1,no,yes,160450.21,no,no,<25,6-10,no,Very Good
15713479,656,France,Male,35,6,0.0,2,yes,no,1485.27,no,yes,25-34,6-10,no,Fair
15663830,563,Spain,Male,32,6,0.0,2,yes,yes,19720.08,no,yes,25-34,6-10,no,Poor
15566958,667,Spain,Male,39,7,167557.12,1,yes,yes,41183.02,no,no,35-44,6-10,no,Fair
15680918,613,Spain,Male,34,8,117300.02,1,yes,no,139410.08,no,no,25-34,6-10,yes,Fair
15663921,429,France,Male,60,7,0.0,2,yes,yes,163691.48,no,yes,55-64,6-10,no,Poor
15716324,665,France,Female,23,9,143672.9,1,yes,yes,115147.33,no,no,<25,6-10,no,Fair
15796969,731,France,Male,33,4,0.0,2,yes,yes,74945.11,no,yes,25-34,3-5,no,Good
15574783,584,France,Female,37,1,0.0,2,yes,yes,180363.56,no,yes,35-44,1-2,no,Fair
15773487,634,Germany,Female,31,8,76798.92,1,no,no,196021.73,no,no,25-34,6-10,yes,Fair
15802486,488,France,Male,34,3,0.0,2,yes,yes,125979.36,no,yes,25-34,3-5,no,Poor
15783398,535,Spain,Female,49,7,115309.75,1,yes,no,111421.77,no,no,45-54,6-10,yes,Poor
15649418,776,France,Female,29,7,178171.04,2,yes,yes,115818.51,no,no,25-34,6-10,no,Very Good
15604588,850,Spain,Female,38,3,0.0,2,no,yes,179360.76,no,yes,35-44,3-5,no,Excellent
15735428,673,Spain,Female,37,0,0.0,2,no,no,82351.06,no,yes,35-44,0,no,Good
15629078,850,Germany,Female,45,5,127258.79,1,yes,yes,192744.23,yes,no,35-44,3-5,no,Excellent
15806880,627,Spain,Female,30,6,0.0,1,yes,yes,113408.47,no,yes,25-34,6-10,no,Fair
15754999,570,France,Female,33,8,0.0,1,yes,yes,124641.42,no,yes,25-34,6-10,no,Poor
15781034,796,Spain,Male,67,5,0.0,2,no,yes,54871.02,no,yes,65+,3-5,no,Very Good
15622017,773,Spain,Female,33,10,0.0,1,yes,yes,98820.09,no,yes,25-34,6-10,no,Very Good
15705885,752,Spain,Male,36,2,0.0,2,yes,yes,45570.84,no,yes,35-44,1-2,no,Very Good
15677382,625,Spain,Female,69,1,107569.96,1,yes,yes,182336.45,no,no,65+,1-2,no,Fair
15566843,535,Germany,Male,20,9,134874.4,1,yes,yes,118825.56,no,no,<25,6-10,no,Poor
15608387,786,France,Female,29,4,0.0,2,yes,no,103372.79,no,yes,25-34,3-5,no,Very Good
15810786,620,France,Female,67,3,0.0,2,yes,yes,43486.73,no,yes,65+,3-5,no,Fair
15626983,605,Spain,Female,48,6,0.0,2,yes,yes,40062.99,no,yes,45-54,6-10,no,Fair
15773605,670,Spain,Female,32,3,0.0,2,yes,no,46175.7,no,yes,25-34,3-5,no,Fair
15811261,617,Spain,Male,42,0,70105.87,1,yes,yes,120830.73,no,no,35-44,0,no,Fair
15590606,595,France,Male,41,9,0.0,2,yes,no,5967.09,no,yes,35-44,6-10,no,Fair
15576644,687,Germany,Female,29,4,78939.15,1,yes,no,122134.56,yes,no,25-34,3-5,yes,Good
15750264,757,Germany,Male,30,6,105128.85,2,yes,yes,62972.13,no,no,25-34,6-10,no,Very Good
15741554,746,Spain,Male,31,2,113836.27,1,yes,yes,174815.54,no,no,25-34,1-2,no,Very Good
15769051,503,Spain,Male,25,7,0.0,1,no,yes,192841.13,no,yes,<25,6-10,no,Poor
15812198,543,Germany,Male,48,1,100900.5,1,no,no,33310.72,yes,no,45-54,1-2,yes,Poor
15699772,428,Germany,Female,40,3,129248.11,2,yes,no,72876.43,yes,no,35-44,3-5,no,Poor
15744105,768,France,Female,28,3,109118.05,2,no,yes,50911.41,no,no,25-34,3-5,no,Very Good
15739858,618,France,Male,56,7,0.0,1,yes,yes,142400.27,yes,yes,55-64,6-10,no,Fair
15723720,591,France,Female,31,7,0.0,2,no,yes,48778.46,no,yes,25-34,6-10,no,Fair
15638355,658,France,Female,35,5,126397.66,1,no,no,156361.58,yes,no,25-34,3-5,yes,Fair
15805637,625,France,Male,36,9,108546.16,3,yes,no,133807.77,yes,no,35-44,6-10,no,Fair
15629575,717,France,Male,36,2,148061.89,1,yes,no,179128.69,yes,no,35-44,1-2,yes,Good
15586243,667,France,Male,44,8,122277.87,1,yes,yes,91810.71,no,no,35-44,6-10,no,Fair
15757931,804,France,Male,24,3,0.0,2,yes,no,173195.33,no,yes,<25,3-5,no,Excellent
15716023,693,France,Male,31,1,0.0,2,no,yes,182270.88,no,yes,25-34,1-2,no,Good
15647782,729,Germany,Male,36,8,152899.24,2,yes,no,177130.33,no,no,35-44,6-10,no,Good
15716609,484,Germany,Male,54,3,134388.11,1,no,no,49954.79,yes,no,45-54,3-5,yes,Poor
15623791,632,Spain,Female,40,3,109740.62,1,yes,no,141896.74,no,no,35-44,3-5,yes,Fair
15627262,536,Germany,Male,23,6,92366.72,2,yes,no,120661.71,no,no,<25,6-10,no,Poor
15652693,573,France,Female,26,4,129109.02,1,no,no,149814.68,yes,no,25-34,3-5,yes,Poor
15586993,655,Spain,Female,56,5,0.0,2,yes,yes,41782.7,no,yes,55-64,3-5,no,Fair
15815560,666,Germany,Male,74,7,105102.5,1,yes,yes,46172.47,no,no,65+,6-10,no,Fair
15584930,726,Germany,Male,30,5,111375.32,2,yes,no,2704.09,no,no,25-34,3-5,no,Good
15799031,523,France,Male,39,3,0.0,2,yes,no,6726.53,no,yes,35-44,3-5,no,Poor
15810457,728,Germany,Female,33,9,150412.14,2,yes,no,170764.08,no,no,25-34,6-10,no,Good
15697879,701,France,Male,30,3,156660.72,2,yes,no,45742.42,no,no,25-34,3-5,no,Good
15594902,518,France,Male,38,3,90957.81,1,no,yes,162304.59,no,no,35-44,3-5,no,Poor
15799710,739,France,Male,37,7,104960.46,1,no,yes,80883.82,no,no,35-44,6-10,no,Good
15659651,531,Germany,Female,31,7,117052.82,1,yes,no,118508.09,yes,no,25-34,6-10,yes,Poor
15645956,452,Spain,Male,44,3,88915.85,1,yes,no,69697.74,no,no,35-44,3-5,yes,Poor
15651713,684,France,Male,45,6,148071.39,1,yes,no,183575.01,no,no,35-44,6-10,yes,Good
15737265,728,Germany,Male,39,6,152182.83,1,no,no,161203.6,no,no,35-44,6-10,yes,Good
15687310,783,Spain,Male,39,9,0.0,2,yes,no,143752.77,no,yes,35-44,6-10,no,Very Good
15607347,734,France,Male,22,5,130056.23,1,no,no,121894.31,yes,no,<25,3-5,yes,Good
15698321,648,Germany,Male,34,3,95039.73,2,yes,yes,147055.87,no,no,25-34,3-5,no,Fair
15657812,688,France,Male,52,1,0.0,2,yes,yes,172033.57,no,yes,45-54,1-2,no,Good
15569187,680,Spain,Male,35,9,0.0,2,no,no,143774.06,no,yes,25-34,6-10,no,Good
15681562,516,France,Female,43,2,112773.73,2,yes,yes,139366.58,no,no,35-44,1-2,no,Poor
15615456,680,France,Female,37,10,123806.28,1,yes,no,81776.84,yes,no,35-44,6-10,yes,Good
15589793,604,France,Male,53,8,144453.75,1,yes,no,190998.96,yes,no,45-54,6-10,yes,Fair
15781884,624,Germany,Male,27,9,94667.29,2,no,yes,4470.52,no,no,25-34,6-10,no,Fair
15675190,623,France,Male,21,10,0.0,2,no,yes,135851.3,no,yes,<25,6-10,no,Fair
15600734,624,Spain,Male,51,5,174397.21,2,yes,yes,172372.63,no,no,45-54,3-5,no,Fair
15779176,565,Germany,Female,58,3,108888.24,3,no,yes,135875.51,yes,no,55-64,3-5,no,Poor
15605286,565,France,Male,55,4,118803.35,2,yes,yes,128124.7,yes,no,45-54,3-5,no,Poor
15674922,710,France,Male,54,6,171137.62,1,yes,yes,167023.95,yes,no,45-54,6-10,no,Good
15737506,645,France,Male,42,6,0.0,1,no,no,149807.01,no,yes,35-44,6-10,yes,Fair
15780514,707,France,Male,33,8,136678.52,1,yes,no,54290.62,no,no,25-34,6-10,yes,Good
15623647,655,Spain,Female,36,1,135515.76,1,yes,no,86013.96,no,no,35-44,1-2,yes,Fair
15668472,705,Spain,Female,24,5,177799.83,2,no,no,79886.06,no,no,<25,3-5,no,Good
15692416,358,Spain,Female,52,8,143542.36,3,yes,no,141959.11,yes,no,45-54,6-10,no,Poor
15771139,578,Germany,Male,34,8,147487.23,2,yes,no,66680.77,no,no,25-34,6-10,no,Poor
15738318,800,France,Female,40,5,97764.41,1,yes,no,98640.15,yes,no,35-44,3-5,yes,Very Good
15772243,612,France,Female,33,9,0.0,1,no,no,142797.5,yes,yes,25-34,6-10,yes,Fair
15638463,681,Germany,Female,48,8,139480.18,1,yes,yes,163581.67,no,no,45-54,6-10,no,Good
15598088,559,Spain,Male,25,5,0.0,2,yes,yes,163221.22,no,yes,<25,3-5,no,Poor
15693468,488,Spain,Female,39,9,140553.46,1,no,no,12440.44,no,no,35-44,6-10,yes,Poor
15671930,717,France,Female,36,5,0.0,2,yes,yes,145551.6,no,yes,35-44,3-5,no,Good
15762268,666,France,Female,41,10,141162.08,1,yes,no,50908.48,no,no,35-44,6-10,yes,Fair
15780954,582,Spain,Male,26,4,65848.36,2,yes,no,30149.21,no,no,25-34,3-5,no,Fair
15700174,733,Spain,Female,30,0,83319.28,1,no,no,57769.2,no,no,25-34,0,yes,Good
15635728,693,France,Male,41,4,0.0,2,no,no,156381.47,no,yes,35-44,3-5,no,Good
15679283,694,France,Female,33,4,129731.64,2,yes,no,178123.86,no,no,25-34,3-5,no,Good
15591386,622,France,Female,35,5,0.0,2,yes,no,51112.8,no,yes,25-34,3-5,no,Fair
15694192,598,Spain,Female,38,6,0.0,2,no,no,173783.38,no,yes,35-44,6-10,no,Fair
15585901,717,Spain,Male,35,1,0.0,3,no,no,174770.14,yes,yes,25-34,1-2,no,Good
15792329,494,Germany,Male,37,5,107106.33,2,yes,no,172063.09,no,no,35-44,3-5,no,Poor
15635597,644,France,Male,33,8,0.0,2,yes,yes,155294.17,no,yes,25-34,6-10,no,Fair
15775880,554,France,Female,30,9,0.0,2,yes,yes,40320.3,no,yes,25-34,6-10,no,Poor
15630913,476,Spain,Female,69,1,105303.73,1,no,yes,134260.34,no,no,65+,1-2,no,Poor
15756680,667,France,Male,28,6,165798.1,1,yes,no,147090.9,no,no,25-34,6-10,yes,Fair
15587913,748,Spain,Female,40,4,0.0,2,yes,no,132368.47,no,yes,35-44,3-5,no,Very Good
15737605,531,Spain,Female,45,1,126495.57,2,yes,yes,164741.5,no,no,35-44,1-2,no,Poor
15627876,719,Spain,Female,47,9,116393.59,1,yes,no,63051.32,yes,no,45-54,6-10,yes,Good
15772601,845,Germany,Female,41,2,81733.74,2,no,no,199761.29,no,no,35-44,1-2,no,Excellent
15758606,738,France,Male,54,4,0.0,1,no,yes,55725.04,yes,yes,45-54,3-5,no,Good
15657107,563,Spain,Female,46,8,106171.68,1,yes,no,163145.5,yes,no,45-54,6-10,yes,Poor
15622454,695,Spain,Male,28,0,96020.86,1,yes,yes,57992.49,no,no,25-34,0,no,Good
15775803,841,Spain,Male,41,1,0.0,2,no,yes,193093.77,no,yes,35-44,1-2,no,Excellent
15570859,626,Germany,Male,36,2,181671.16,2,yes,yes,57531.14,no,no,35-44,1-2,no,Fair
15748381,613,France,Female,29,6,185709.28,2,yes,yes,77242.19,no,no,25-34,6-10,no,Fair
15787189,824,Germany,Male,60,8,134250.17,3,no,no,153046.16,yes,no,55-64,6-10,no,Excellent
15666055,705,France,Female,49,7,0.0,1,yes,no,63405.2,yes,yes,45-54,6-10,yes,Good
15617648,584,France,Female,44,5,95671.75,2,yes,yes,106564.88,no,no,35-44,3-5,no,Fair
15755678,534,France,Male,62,2,0.0,2,no,no,42763.12,yes,yes,55-64,1-2,no,Poor
15624781,672,France,Female,34,1,142151.75,2,yes,yes,168753.34,no,no,25-34,1-2,no,Good
15779497,603,France,Male,43,5,127823.93,1,yes,yes,19483.35,no,no,35-44,3-5,no,Fair
15567399,633,Germany,Male,43,3,144164.29,1,yes,yes,158646.46,no,no,35-44,3-5,no,Fair
15613656,842,France,Male,58,1,63492.94,1,yes,yes,83172.19,no,no,55-64,1-2,no,Excellent
15734311,661,France,Female,27,3,0.0,2,yes,yes,76889.79,no,yes,25-34,3-5,no,Fair
15657214,601,France,Male,74,2,0.0,2,no,yes,51554.58,no,yes,65+,1-2,no,Fair
15799350,632,France,Male,41,0,106134.46,1,no,yes,105570.39,no,no,35-44,0,no,Fair
15729970,684,Germany,Male,29,8,127269.75,1,no,yes,79495.01,no,no,25-34,6-10,no,Good
15725835,785,Germany,Female,32,3,124493.03,2,no,yes,52583.79,yes,no,25-34,3-5,no,Very Good
15745543,687,France,Male,39,7,0.0,2,yes,no,26848.25,no,yes,35-44,6-10,no,Good
15727384,705,Germany,Female,43,10,146547.78,1,no,yes,10072.55,yes,no,35-44,6-10,no,Good
15666916,639,France,Male,43,6,99610.92,2,yes,no,187296.78,no,no,35-44,6-10,no,Fair
15732917,729,Germany,Male,46,5,117837.43,1,yes,no,104016.61,yes,no,45-54,3-5,yes,Good
15612050,556,Spain,Female,48,8,168522.37,1,yes,yes,151310.16,no,no,45-54,6-10,no,Poor
15726267,570,France,Male,32,9,117337.54,2,no,yes,62810.91,no,no,25-34,6-10,no,Poor
15780124,841,France,Male,74,9,108131.53,1,no,yes,60830.38,no,no,65+,6-10,no,Excellent
15742238,705,Germany,Male,35,4,136496.12,2,yes,no,116672.02,no,no,25-34,3-5,no,Good
15679024,553,France,Male,32,3,116324.53,1,yes,no,77304.49,no,no,25-34,3-5,yes,Poor
15715297,779,Germany,Female,40,2,75470.23,1,yes,yes,52894.01,no,no,35-44,1-2,no,Very Good
15633612,696,France,Male,28,4,172646.82,1,yes,yes,116471.43,no,no,25-34,3-5,no,Good
15602929,728,Spain,Female,37,4,0.0,1,no,no,4539.38,no,yes,35-44,3-5,yes,Good
15696703,691,Germany,Male,27,3,160358.68,2,yes,no,142367.72,no,no,25-34,3-5,no,Good
15756668,706,France,Male,30,3,98415.37,1,yes,yes,110520.48,no,no,25-34,3-5,no,Good
15565779,627,Germany,Female,30,6,57809.32,1,yes,no,188258.49,no,no,25-34,6-10,yes,Fair
15795519,716,Germany,Female,18,3,128743.8,1,no,no,197322.13,no,no,<25,3-5,yes,Good
15761477,501,Germany,Male,24,4,130806.42,2,yes,no,80241.14,no,no,<25,3-5,no,Poor
15731890,601,France,Male,41,1,123971.16,1,no,yes,172814.99,no,no,35-44,1-2,no,Fair
15633043,545,Spain,Female,39,6,0.0,1,no,no,38410.74,yes,yes,35-44,6-10,yes,Poor
15752953,634,France,Male,45,9,0.0,2,no,no,17622.82,no,yes,35-44,6-10,no,Fair
15603088,451,Spain,Female,23,9,0.0,2,no,yes,48021.71,no,yes,<25,6-10,no,Poor
15606613,655,France,Female,59,7,0.0,1,yes,no,88958.49,yes,yes,55-64,6-10,yes,Fair
15635939,458,France,Female,39,9,0.0,2,yes,no,116343.09,no,yes,35-44,6-10,no,Poor
15666043,520,France,Male,33,4,156297.58,2,yes,yes,166102.61,no,no,25-34,3-5,no,Poor
15746190,624,Spain,Female,28,2,0.0,2,no,yes,104353.26,no,yes,25-34,1-2,no,Fair
15591357,765,France,Male,51,3,123372.3,1,yes,yes,115429.32,no,no,45-54,3-5,no,Very Good
15658716,667,Germany,Female,37,5,92171.35,3,yes,no,178106.34,yes,no,35-44,3-5,no,Fair
15679909,665,Spain,Male,41,8,0.0,2,yes,no,132152.32,no,yes,35-44,6-10,no,Fair
15634262,709,Germany,Male,34,4,148375.19,2,yes,yes,21521.38,no,no,25-34,3-5,no,Good
15799825,583,France,Female,44,8,0.0,2,yes,yes,27431.62,no,yes,35-44,6-10,no,Fair
15756875,782,Spain,Male,34,6,147422.44,1,no,yes,42143.61,no,no,25-34,6-10,no,Very Good
15678146,668,Spain,Female,24,7,173962.32,1,no,no,106457.11,yes,no,<25,6-10,yes,Fair
15710743,621,France,Male,47,0,0.0,1,yes,yes,133831.37,yes,yes,45-54,0,no,Fair
15595831,579,Germany,Female,64,6,145215.43,1,yes,yes,164083.72,no,no,55-64,6-10,no,Poor
15626684,547,France,Female,38,5,167539.97,1,no,yes,159207.34,no,no,35-44,3-5,no,Poor
15709846,840,France,Female,39,1,94968.97,1,yes,no,84487.62,no,no,35-44,1-2,yes,Excellent
15635459,667,Germany,Female,27,3,106116.5,2,yes,no,3674.71,no,no,25-34,3-5,no,Fair
15642544,723,France,Male,34,5,0.0,2,no,yes,12092.03,no,yes,25-34,3-5,no,Good
15566494,487,France,Male,45,2,0.0,2,yes,no,77475.73,no,yes,35-44,1-2,no,Poor
15655238,668,France,Female,31,9,0.0,2,no,no,41291.73,no,yes,25-34,6-10,no,Fair
15733429,520,Germany,Male,34,8,120018.86,2,yes,yes,343.38,no,no,25-34,6-10,no,Poor
15814536,549,France,Male,37,2,112541.54,2,no,no,47432.43,no,no,35-44,1-2,no,Poor
15771702,567,France,Female,35,5,166118.45,2,yes,no,127827.18,no,no,25-34,3-5,no,Poor
15723008,720,France,Female,45,1,102882.4,2,yes,yes,35633.15,yes,no,35-44,1-2,no,Good
15797160,492,France,Female,49,8,0.0,1,yes,yes,182865.09,yes,yes,45-54,6-10,no,Poor
15792222,712,France,Female,37,1,106881.5,2,no,no,169386.81,no,no,35-44,1-2,no,Good
15644765,689,Germany,Male,26,4,120727.97,1,no,yes,149073.88,no,no,25-34,3-5,no,Good
15610686,850,France,Male,63,8,169832.57,1,no,no,184107.26,yes,no,55-64,6-10,yes,Excellent
15730868,747,France,Male,41,5,0.0,2,yes,yes,22750.17,no,yes,35-44,3-5,no,Very Good
15705991,469,Germany,Male,38,9,113599.42,1,no,no,11950.29,no,no,35-44,6-10,yes,Poor
15577078,539,Spain,Male,38,6,0.0,1,yes,yes,152880.07,yes,yes,35-44,6-10,no,Poor
15679550,743,France,Male,32,9,0.0,2,yes,no,175252.78,no,yes,25-34,6-10,no,Very Good
15787655,707,France,Male,47,3,0.0,2,yes,no,174303.29,no,yes,45-54,3-5,no,Good
15668081,581,Spain,Female,50,4,0.0,2,yes,yes,80701.72,no,yes,45-54,3-5,no,Fair
15747980,737,Spain,Male,38,6,146282.79,2,yes,no,198516.2,no,no,35-44,6-10,no,Good
15710295,445,Germany,Female,38,6,119413.62,2,yes,no,175756.36,no,no,35-44,6-10,no,Poor
15724443,703,Germany,Female,29,3,122084.63,1,no,yes,82824.08,no,no,25-34,3-5,no,Good
15571305,588,Germany,Female,35,1,103060.63,1,yes,no,179866.01,yes,no,25-34,1-2,yes,Fair
15569503,765,France,Male,44,6,0.0,2,yes,yes,159899.97,no,yes,35-44,6-10,no,Very Good
15581840,626,France,Male,33,8,0.0,2,yes,no,138504.28,no,yes,25-34,6-10,no,Fair
15772262,545,Germany,Male,37,9,110483.86,1,yes,yes,127394.67,no,no,35-44,6-10,no,Poor
15767794,744,France,Male,31,9,120718.28,1,yes,yes,58961.49,no,no,25-34,6-10,no,Very Good
15629338,658,Spain,Female,31,2,36566.96,1,yes,no,103644.98,yes,no,25-34,1-2,yes,Fair
15790379,629,Germany,Male,28,8,108601.0,1,yes,yes,119647.7,no,no,25-34,6-10,no,Fair
15750684,719,France,Female,42,4,0.0,1,yes,no,28465.86,yes,yes,35-44,3-5,yes,Good
15697214,686,Spain,Female,36,5,0.0,2,yes,yes,152979.14,no,yes,35-44,3-5,no,Good
15711015,743,France,Male,36,4,0.0,2,yes,yes,190911.02,no,yes,35-44,3-5,no,Very Good
15573309,626,Spain,Female,48,2,0.0,2,yes,yes,95794.98,no,yes,45-54,1-2,no,Fair
15805303,661,Germany,Male,44,1,141136.62,1,yes,no,189742.78,yes,no,35-44,1-2,yes,Fair
15741385,710,Germany,Male,45,9,108231.37,1,yes,yes,188574.08,no,no,35-44,6-10,no,Good
15780254,654,France,Male,40,6,0.0,1,no,no,183872.88,yes,yes,35-44,6-10,yes,Fair
15744843,569,Spain,Female,34,6,144855.34,1,no,no,196555.32,no,no,25-34,6-10,yes,Poor
15815626,640,France,Male,63,2,68432.45,2,yes,yes,112503.24,yes,no,55-64,1-2,no,Fair
15784736,562,France,Male,45,6,136855.24,1,yes,no,46864.0,no,no,35-44,6-10,yes,Poor
15813412,721,France,Female,55,3,44020.89,1,yes,no,65864.4,yes,no,45-54,3-5,yes,Good
15809143,456,Germany,Male,32,9,133060.63,1,yes,yes,125167.92,no,no,25-34,6-10,no,Poor
15617617,811,Spain,Male,39,7,0.0,2,yes,yes,177519.39,no,yes,35-44,6-10,no,Excellent
15779738,534,France,Male,24,1,0.0,1,yes,yes,169653.32,no,yes,<25,1-2,no,Poor
15668669,423,France,Female,36,5,97665.61,1,yes,no,118372.55,yes,no,35-44,3-5,yes,Poor
15687477,594,Germany,Male,28,5,185013.02,1,yes,no,16481.12,no,no,25-34,3-5,yes,Fair
15578908,725,Spain,Female,32,0,0.0,2,yes,yes,138525.19,no,yes,25-34,0,no,Good
15687658,716,France,Female,52,7,65971.61,2,yes,no,14608.0,yes,no,45-54,6-10,no,Good
15615020,595,Germany,Female,41,9,150463.11,2,no,yes,81548.38,no,no,35-44,6-10,no,Fair
15608886,679,France,Female,33,1,0.0,2,no,no,69608.48,no,yes,25-34,1-2,no,Good
15602551,667,Spain,Male,39,9,0.0,2,yes,no,68873.8,no,yes,35-44,6-10,no,Fair
15672945,661,France,Female,37,5,136425.18,1,yes,no,81102.81,no,no,35-44,3-5,yes,Fair
15757408,655,Spain,Male,38,3,250898.09,3,no,yes,81054.0,yes,no,35-44,3-5,no,Fair
15806132,555,France,Male,55,4,146798.81,1,yes,yes,74149.77,no,no,45-54,3-5,no,Poor
15813022,531,Spain,Male,70,1,0.0,2,no,no,99503.19,no,yes,65+,1-2,no,Poor
15673578,611,Germany,Female,40,7,128486.91,2,yes,no,10109.47,no,no,35-44,6-10,no,Fair
15757916,600,France,Female,38,9,0.0,2,yes,yes,58855.85,no,yes,35-44,6-10,no,Fair
15689168,531,Spain,Male,37,1,143407.29,2,no,yes,84402.46,no,no,35-44,1-2,no,Poor
15769216,601,France,Female,43,2,0.0,1,yes,no,49713.87,yes,yes,35-44,1-2,yes,Fair
15593295,548,France,Male,57,6,76165.65,1,yes,yes,133537.53,no,no,55-64,6-10,no,Poor
15804814,759,France,Male,40,4,0.0,2,yes,no,124615.59,no,yes,35-44,3-5,no,Very Good
15778934,678,Spain,Female,49,8,0.0,2,no,yes,98090.69,no,yes,45-54,6-10,no,Good
15802351,755,Germany,Female,33,6,90560.3,2,yes,yes,42607.69,no,no,25-34,6-10,no,Very Good
15630241,594,France,Male,61,3,62391.22,1,yes,yes,192434.11,no,no,55-64,3-5,no,Fair
15719561,768,France,Male,42,5,0.0,3,no,no,60686.4,no,yes,35-44,3-5,no,Very Good
15615096,492,France,Female,31,7,0.0,2,yes,yes,49463.44,no,yes,25-34,6-10,no,Poor
15659931,637,Germany,Female,55,1,123378.2,1,yes,no,81431.99,yes,no,45-54,1-2,yes,Fair
15714586,646,Spain,Female,42,3,99836.47,1,no,yes,22909.56,no,no,35-44,3-5,no,Fair
15634949,593,Germany,Male,74,5,161434.36,2,yes,yes,65532.17,no,no,65+,3-5,no,Fair
15589224,596,Spain,Male,41,5,0.0,2,no,yes,141053.85,no,yes,35-44,3-5,no,Fair
15795990,722,Germany,Female,48,10,138311.76,1,yes,yes,3472.63,yes,no,45-54,6-10,no,Good
15603216,642,France,Male,25,7,0.0,2,yes,no,102083.78,no,yes,<25,6-10,no,Fair
15631201,472,Spain,Female,28,4,0.0,2,yes,no,1801.77,no,yes,25-34,3-5,no,Poor
15686255,738,Germany,Male,35,6,101744.84,1,no,no,85185.44,no,no,25-34,6-10,yes,Good
15746594,732,Spain,Male,33,8,0.0,1,yes,no,119882.7,no,yes,25-34,6-10,yes,Good
15718893,404,Germany,Female,54,4,125456.07,1,yes,no,83715.66,yes,no,45-54,3-5,yes,Poor
15671609,701,France,Male,44,7,0.0,2,yes,no,23425.78,no,yes,35-44,6-10,no,Good
15652540,683,France,Male,31,2,0.0,2,no,yes,77326.78,no,yes,25-34,1-2,no,Good
15774857,460,France,Female,27,7,0.0,2,yes,no,156150.08,yes,yes,25-34,6-10,no,Poor
15791836,690,France,Male,29,5,0.0,2,yes,no,108577.97,no,yes,25-34,3-5,no,Good
15651554,618,Germany,Female,54,4,118449.21,1,yes,yes,133573.29,yes,no,45-54,3-5,no,Fair
15583576,671,France,Male,30,2,0.0,1,no,yes,102057.86,no,yes,25-34,1-2,no,Good
15732740,765,Spain,Female,32,9,178095.55,1,no,no,47247.56,no,no,25-34,6-10,yes,Very Good
15723320,651,Germany,Female,25,2,109175.14,2,yes,no,114566.47,no,no,<25,1-2,no,Fair
15603851,704,France,Male,32,7,127785.17,4,no,no,184464.7,yes,no,25-34,6-10,no,Good
15777923,544,France,Female,45,6,0.0,2,no,yes,151401.33,no,yes,35-44,6-10,no,Poor
15735719,790,France,Female,40,9,0.0,2,yes,yes,70607.1,no,yes,35-44,6-10,no,Very Good
15703482,710,Germany,Male,34,9,134260.36,2,yes,no,147074.67,no,no,25-34,6-10,no,Good
15605835,743,France,Male,37,8,69143.91,2,no,yes,105780.18,no,no,35-44,6-10,no,Very Good
15664881,702,France,Male,34,4,100054.77,1,yes,no,109496.45,no,no,25-34,3-5,yes,Good
15757568,704,France,Female,45,6,0.0,1,yes,yes,137739.45,no,yes,35-44,6-10,no,Good
15792660,614,France,Male,38,2,116248.88,1,yes,no,105140.92,no,no,35-44,1-2,yes,Fair
15599722,609,Spain,Female,43,6,86053.52,2,yes,yes,113276.46,yes,no,35-44,6-10,no,Fair
15726354,688,France,Female,32,6,123157.95,1,yes,no,172531.23,no,no,25-34,6-10,yes,Good
15610355,713,France,Male,44,1,63438.91,1,yes,no,64375.4,no,no,35-44,1-2,yes,Good
15704284,736,Germany,Male,57,9,95295.39,1,yes,no,28434.44,yes,no,55-64,6-10,yes,Good
15621893,727,France,Male,18,4,133550.67,1,yes,yes,46941.41,no,no,<25,3-5,no,Good
15588219,850,France,Female,38,1,106871.81,2,yes,no,29333.01,no,no,35-44,1-2,no,Excellent
15688619,718,Spain,Male,45,3,105266.32,2,yes,yes,193724.51,no,no,35-44,3-5,no,Good
15765518,643,France,Female,51,2,105229.53,1,yes,no,34967.75,yes,no,45-54,1-2,yes,Fair
15616931,653,France,Male,41,8,102768.42,1,yes,no,55663.85,no,no,35-44,6-10,yes,Fair
15758372,674,France,Male,18,7,0.0,2,yes,yes,55753.12,yes,yes,<25,6-10,no,Good
15782591,690,France,Male,35,6,112689.95,1,yes,no,176962.31,no,no,25-34,6-10,yes,Good
15612109,819,France,Male,38,9,122334.26,2,yes,yes,181507.44,no,no,35-44,6-10,no,Excellent
15613712,634,Spain,Male,34,1,0.0,2,yes,no,61995.57,no,yes,25-34,1-2,no,Fair
15639322,633,Spain,Male,33,4,137847.41,2,yes,no,98349.13,no,no,25-34,3-5,no,Fair
15594349,850,France,Male,49,5,122486.47,1,no,yes,59748.19,no,no,45-54,3-5,no,Excellent
15574167,665,France,Male,33,2,101286.11,1,yes,yes,159840.51,no,no,25-34,1-2,no,Fair
15811842,630,Spain,Male,26,7,0.0,2,yes,yes,6656.64,no,yes,25-34,6-10,no,Fair
15648794,836,Spain,Male,57,4,101247.06,1,yes,no,37141.62,yes,no,55-64,3-5,yes,Excellent
15771211,668,France,Male,38,10,86977.96,1,no,yes,37094.75,no,no,35-44,6-10,no,Fair
15588614,753,France,Male,57,7,0.0,1,yes,no,159475.08,yes,yes,55-64,6-10,yes,Very Good
15630698,745,France,Female,55,9,110123.59,1,no,yes,51548.14,yes,no,45-54,6-10,no,Very Good
15694200,693,France,Male,36,8,178111.82,1,no,no,58719.63,yes,no,35-44,6-10,yes,Good
15721426,606,Germany,Male,65,10,126306.64,3,no,no,7861.68,yes,no,55-64,6-10,no,Fair
15725997,660,France,Female,35,6,100768.77,1,yes,no,19199.61,no,no,25-34,6-10,yes,Fair
15762138,608,France,Male,42,5,0.0,2,yes,no,178504.29,no,yes,35-44,3-5,no,Fair
15750649,744,France,Female,44,3,0.0,2,yes,yes,189016.14,no,yes,35-44,3-5,no,Very Good
15685706,731,France,Female,40,7,118991.79,1,yes,yes,156048.64,no,no,35-44,6-10,no,Good
15641835,683,France,Male,72,3,140997.26,1,no,yes,52876.41,no,no,65+,3-5,no,Good
15586821,727,France,Male,28,5,0.0,2,no,yes,19653.08,no,yes,25-34,3-5,no,Good
15569678,561,Germany,Male,32,6,166824.59,1,yes,no,139451.98,no,no,25-34,6-10,yes,Poor
15793842,700,France,Female,34,2,76322.69,1,yes,no,128136.29,no,no,25-34,1-2,yes,Good
15667554,605,France,Male,35,6,0.0,2,yes,yes,45206.57,no,yes,25-34,6-10,no,Fair
15794479,767,Spain,Male,77,8,149083.7,1,yes,yes,190146.83,no,no,65+,6-10,no,Very Good
15585041,511,France,Male,33,7,0.0,2,no,yes,158313.87,no,yes,25-34,6-10,no,Poor
15780650,667,France,Male,40,9,0.0,1,yes,yes,96670.2,no,yes,35-44,6-10,no,Fair
15780846,787,France,Male,33,1,126588.81,2,no,yes,62163.53,no,no,25-34,1-2,no,Very Good
15805260,705,Germany,Female,56,2,143249.67,1,yes,no,88428.41,yes,no,55-64,1-2,yes,Good
15621629,773,Germany,Male,43,8,81844.91,2,yes,yes,35908.46,no,no,35-44,6-10,no,Very Good
15662151,554,France,Male,40,4,0.0,1,no,yes,168780.04,no,yes,35-44,3-5,no,Poor
15747174,526,Germany,Male,58,9,190298.89,2,yes,yes,191263.76,no,no,55-64,6-10,no,Poor
15651585,661,Germany,Male,35,2,117212.18,1,yes,yes,83052.03,no,no,25-34,1-2,no,Fair
15649738,698,France,Female,46,0,0.0,2,yes,yes,125962.02,no,yes,45-54,0,no,Good
15633108,646,France,Male,26,4,139848.17,1,yes,no,164696.27,no,no,25-34,3-5,yes,Fair
15769254,757,Germany,Female,34,9,101861.36,2,no,no,187011.96,no,no,25-34,6-10,no,Very Good
15704746,699,Spain,Male,35,2,167455.66,2,yes,yes,55324.49,no,no,25-34,1-2,no,Good
15637644,667,France,Female,24,4,0.0,2,no,yes,34335.55,no,yes,<25,3-5,no,Fair
15609562,774,Spain,Female,43,1,116360.07,1,yes,no,17004.14,no,no,35-44,1-2,yes,Very Good
15787459,745,Spain,Male,40,3,88466.82,1,no,no,116331.42,no,no,35-44,3-5,yes,Very Good
15762902,649,France,Female,42,7,0.0,2,no,yes,22974.01,no,yes,35-44,6-10,no,Fair
15738605,634,Germany,Female,46,5,123642.36,1,yes,yes,49725.16,yes,no,45-54,3-5,no,Fair
15724889,665,Spain,Male,38,9,0.0,1,no,yes,87412.74,no,yes,35-44,6-10,no,Fair
15730735,713,France,Male,38,9,72286.84,2,yes,yes,26136.89,no,no,35-44,6-10,no,Good
15689147,652,France,Female,40,1,0.0,2,yes,no,126554.96,no,yes,35-44,1-2,no,Fair
15730397,739,Spain,Male,40,1,109681.61,1,yes,yes,193321.3,no,no,35-44,1-2,no,Good
15762169,556,Germany,Male,37,9,145018.64,2,yes,no,90928.02,yes,no,35-44,6-10,no,Poor
15589320,699,Spain,Male,34,8,0.0,1,yes,yes,76510.46,no,yes,25-34,6-10,no,Good
15799211,708,Spain,Female,32,8,187487.63,1,yes,yes,120115.5,no,no,25-34,6-10,no,Good
15798310,480,France,Male,35,2,165692.91,1,yes,yes,197984.58,no,no,25-34,1-2,no,Poor
15609998,700,Germany,Female,59,5,137648.41,1,yes,no,142977.05,yes,no,55-64,3-5,yes,Good
15583548,525,Spain,Female,47,6,118560.0,1,yes,no,82522.61,yes,no,45-54,6-10,yes,Poor
15761763,845,France,Male,33,8,164385.53,1,yes,no,150664.97,no,no,25-34,6-10,yes,Excellent
15764409,613,France,Male,37,9,108286.5,1,yes,yes,114153.44,no,no,35-44,6-10,no,Fair
15710161,850,France,Female,34,2,0.0,2,yes,yes,171706.66,no,yes,25-34,1-2,no,Excellent
15735246,798,Spain,Female,58,9,0.0,2,no,no,119071.56,yes,yes,55-64,6-10,no,Very Good
15791700,773,Germany,Male,47,2,118079.47,4,yes,yes,143007.49,yes,no,45-54,1-2,no,Very Good
15670753,614,Spain,Male,35,2,127283.78,1,yes,yes,31302.35,no,no,25-34,1-2,no,Fair
15573876,473,Spain,Male,48,8,0.0,2,yes,no,71139.8,no,yes,45-54,6-10,no,Poor
15770174,762,France,Male,29,6,141389.06,1,yes,no,54122.89,no,no,25-34,6-10,yes,Very Good
15641114,701,France,Male,37,8,130091.5,1,yes,yes,120031.29,no,no,35-44,6-10,no,Good
15682435,600,France,Male,35,4,143744.77,2,yes,no,104076.51,no,no,25-34,3-5,no,Fair
15751788,850,Spain,Male,28,9,97408.03,1,yes,yes,175853.64,no,no,25-34,6-10,no,Excellent
15672598,613,Spain,Male,30,9,111927.45,1,yes,yes,175795.87,no,no,25-34,6-10,no,Fair
15762803,509,France,Male,31,3,0.0,2,yes,no,15360.91,no,yes,25-34,3-5,no,Poor
15812982,509,Spain,Male,38,2,0.0,1,no,no,168460.12,no,yes,35-44,1-2,yes,Poor
15597901,609,France,Male,34,1,0.0,1,yes,yes,181177.9,no,yes,25-34,1-2,no,Fair
15731507,456,France,Female,33,1,188285.68,1,no,no,58363.94,no,no,25-34,1-2,yes,Poor
15809826,728,France,Female,46,2,109705.52,1,yes,no,20276.87,yes,no,45-54,1-2,yes,Good
15764237,663,Spain,Male,33,9,0.0,2,no,no,91514.62,no,yes,25-34,6-10,no,Fair
15769917,673,Germany,Female,34,1,127122.79,3,no,yes,76703.1,no,no,25-34,1-2,no,Good
15641850,717,France,Male,40,0,98241.04,1,yes,no,110887.14,no,no,35-44,0,yes,Good
15770974,741,Germany,Female,37,8,170840.08,2,no,no,109843.16,no,no,35-44,6-10,no,Very Good
15803749,498,Germany,Female,41,4,87541.06,2,yes,yes,12577.21,yes,no,35-44,3-5,no,Poor
15684999,850,France,Female,26,4,62610.96,2,no,yes,179365.1,no,no,25-34,3-5,no,Excellent
15770225,493,France,Male,36,9,0.0,2,yes,yes,65816.53,no,yes,35-44,6-10,no,Poor
15627484,686,France,Female,47,5,113328.93,1,yes,no,124170.9,no,no,45-54,3-5,yes,Good
15610337,666,Spain,Male,35,2,104832.49,1,yes,no,175015.12,no,no,25-34,1-2,yes,Fair
15752488,733,Spain,Female,31,9,102289.85,1,yes,yes,115441.66,no,no,25-34,6-10,no,Good
15610056,631,Germany,Female,34,6,125227.82,2,no,yes,128247.03,no,no,25-34,6-10,no,Fair
15806049,714,Germany,Female,49,5,140510.89,1,yes,no,141914.94,no,no,45-54,3-5,yes,Good
15736069,767,Germany,Female,35,6,132253.22,1,yes,no,115566.57,yes,no,25-34,6-10,yes,Very Good
15763662,711,Germany,Male,43,2,39043.29,2,yes,yes,175423.69,no,no,35-44,1-2,no,Good
15615575,722,France,Male,34,8,0.0,2,yes,yes,133447.49,no,yes,25-34,6-10,no,Good
15691723,631,Spain,Male,55,9,99685.06,1,yes,no,114474.98,no,no,45-54,6-10,yes,Fair
15774098,701,Germany,Male,38,3,125385.49,2,no,yes,52044.66,no,no,35-44,3-5,no,Good
15750808,790,Spain,Male,46,2,131365.37,2,yes,yes,180290.68,no,no,45-54,1-2,no,Very Good
15744368,633,Spain,Male,58,6,98308.51,1,yes,yes,132034.13,no,no,55-64,6-10,no,Fair
15610594,644,France,Female,37,8,0.0,2,yes,no,20968.88,no,yes,35-44,6-10,no,Fair
15756125,757,Spain,Male,44,5,140856.16,2,yes,no,158735.1,no,no,35-44,3-5,no,Very Good
15623277,696,France,Female,30,8,0.0,2,yes,yes,196134.44,no,yes,25-34,6-10,no,Good
15795954,746,France,Male,35,2,172274.01,1,yes,no,22374.97,no,no,25-34,1-2,yes,Very Good
15671969,649,Spain,Male,36,8,0.0,2,yes,no,161668.15,no,yes,35-44,6-10,no,Fair
15791268,565,Spain,Male,38,0,122447.76,1,no,no,67339.34,no,no,35-44,0,yes,Poor
15713655,720,France,Female,38,10,0.0,2,yes,yes,56229.72,yes,yes,35-44,6-10,no,Good
15633930,648,Spain,Female,56,6,157559.59,2,yes,no,140991.23,yes,no,55-64,6-10,no,Fair
15712849,632,Germany,Male,41,3,126550.7,1,no,no,177644.52,yes,no,35-44,3-5,yes,Fair
15639077,622,France,Female,30,2,158584.82,3,yes,no,142342.55,yes,no,25-34,1-2,no,Fair
15808784,835,France,Male,28,2,163569.61,2,yes,yes,154559.28,no,no,25-34,1-2,no,Excellent
15648577,493,France,Female,31,3,0.0,1,yes,yes,176570.28,yes,yes,25-34,3-5,no,Poor
15670345,785,Germany,Female,33,6,127211.45,1,no,no,191961.83,no,no,25-34,6-10,yes,Very Good
15633112,681,Germany,Male,42,3,118199.97,2,yes,no,9452.88,yes,no,35-44,3-5,no,Good
15714397,621,Germany,Female,30,2,101014.08,2,yes,yes,165257.31,no,no,25-34,1-2,no,Fair
15780038,756,Spain,Male,38,6,119208.85,1,yes,no,169763.89,yes,no,35-44,6-10,yes,Very Good
15756305,515,France,Female,66,6,0.0,2,yes,yes,160663.11,no,yes,65+,6-10,no,Poor
15578799,625,France,Female,58,10,53772.73,1,yes,yes,192072.1,yes,no,55-64,6-10,no,Fair
15800326,717,Spain,Female,39,6,0.0,2,yes,no,93275.61,no,yes,35-44,6-10,no,Good
15785485,595,Germany,Female,41,2,138878.81,1,no,yes,112269.67,no,no,35-44,1-2,no,Fair
15783958,539,Spain,Female,37,1,130922.81,2,no,no,2186.83,no,no,35-44,1-2,no,Poor
15727546,762,France,Male,35,9,0.0,2,yes,yes,43075.7,no,yes,25-34,6-10,no,Very Good
15739576,706,Spain,Male,20,8,0.0,2,yes,yes,12368.11,no,yes,<25,6-10,no,Good
15631333,677,Spain,Female,25,8,130866.19,1,yes,no,42410.21,no,no,<25,6-10,yes,Good
15604782,733,Germany,Female,33,7,187257.94,1,no,yes,190430.81,no,no,25-34,6-10,no,Good
15589643,684,Spain,Female,41,7,0.0,1,yes,yes,138394.37,no,yes,35-44,6-10,no,Good
15585533,679,France,Male,36,6,147733.64,1,no,yes,172501.38,no,no,35-44,6-10,no,Good
15681506,478,Spain,Male,43,1,0.0,2,yes,yes,197916.43,no,yes,35-44,1-2,no,Poor
15630551,696,France,Male,33,2,163139.27,1,yes,yes,7035.36,no,no,25-34,1-2,no,Good
15698349,686,Spain,Female,35,4,0.0,2,yes,yes,159676.55,no,yes,25-34,3-5,no,Good
15776631,466,France,Female,36,5,119540.15,1,no,yes,80603.99,no,no,35-44,3-5,no,Poor
15762216,686,France,Female,41,4,129553.76,2,yes,no,187599.8,no,no,35-44,3-5,no,Good
15623927,576,France,Male,55,9,0.0,2,yes,yes,94450.97,no,yes,45-54,6-10,no,Poor
15681402,763,Germany,Female,61,1,66101.89,1,yes,yes,143981.27,no,no,55-64,1-2,no,Very Good
15586264,572,France,Male,43,2,140431.98,1,yes,no,26450.57,yes,no,35-44,1-2,yes,Poor
15594685,757,France,Female,49,2,0.0,2,no,no,164482.92,no,yes,45-54,1-2,no,Very Good
15812945,582,France,Female,29,0,0.0,1,yes,yes,84012.81,no,yes,25-34,0,no,Fair
15734628,623,France,Female,35,5,0.0,2,yes,no,101192.08,no,yes,25-34,3-5,no,Fair
15629323,617,Germany,Female,37,4,116471.43,2,yes,no,175324.74,yes,no,35-44,3-5,no,Fair
15666823,425,France,Male,39,4,0.0,2,yes,no,197226.32,no,yes,35-44,3-5,no,Poor
15777553,659,France,Female,56,9,123785.24,1,yes,no,99504.03,yes,no,55-64,6-10,yes,Fair
15613097,605,France,Female,33,4,0.0,2,no,yes,83700.66,no,yes,25-34,3-5,no,Fair
15622217,538,France,Female,38,8,88758.95,2,no,no,28226.15,yes,no,35-44,6-10,no,Poor
15703588,665,Germany,Male,25,5,153611.83,2,yes,no,35321.65,no,no,<25,3-5,no,Fair
15570835,491,Germany,Female,57,4,112044.72,1,yes,yes,41229.73,yes,no,55-64,3-5,no,Poor
15679299,726,Spain,Female,27,7,123826.07,1,no,yes,78970.58,no,no,25-34,6-10,no,Good
15808044,580,France,Female,65,9,106804.26,3,yes,no,107890.69,yes,no,55-64,6-10,no,Poor
15579208,550,France,Female,48,6,0.0,2,yes,yes,191870.28,no,yes,45-54,6-10,no,Poor
15684951,542,France,Female,59,2,68892.77,2,yes,no,7905.06,yes,no,55-64,1-2,no,Poor
15667620,732,France,Female,43,6,0.0,2,yes,no,65731.53,no,yes,35-44,6-10,no,Good
15582960,473,France,Female,33,5,125827.43,1,no,yes,145698.73,no,no,25-34,3-5,no,Poor
15590730,745,Spain,Male,34,9,0.0,2,yes,no,50046.25,no,yes,25-34,6-10,no,Very Good
15763747,732,France,Male,36,7,0.0,2,yes,yes,60830.24,no,yes,35-44,6-10,no,Good
15778320,848,Germany,Female,40,5,148495.64,1,no,no,158853.98,no,no,35-44,3-5,yes,Excellent
15642787,572,France,Male,37,1,133043.66,1,no,no,111243.09,no,no,35-44,1-2,yes,Poor
15624633,702,France,Male,45,9,74989.58,1,yes,yes,171014.69,no,no,35-44,6-10,no,Good
15766765,664,Germany,Male,39,7,60263.23,1,yes,no,170835.32,no,no,35-44,6-10,yes,Fair
15783615,630,Germany,Male,50,3,129370.91,4,yes,yes,47775.34,yes,no,45-54,3-5,no,Fair
15640161,618,Germany,Male,44,5,157955.83,2,no,no,139297.71,no,no,35-44,3-5,no,Fair
15619889,556,France,Male,26,4,0.0,1,yes,no,195167.38,no,yes,25-34,3-5,yes,Poor
15579166,619,France,Female,30,7,70729.17,1,yes,yes,160948.87,no,no,25-34,6-10,no,Fair
15789097,644,France,Male,48,8,0.0,2,no,yes,44965.54,yes,yes,45-54,6-10,no,Fair
15674880,658,Spain,Male,50,2,0.0,2,yes,no,52137.73,no,yes,45-54,1-2,no,Fair
15778157,598,Spain,Male,27,8,90721.52,2,yes,no,109296.18,no,no,25-34,6-10,no,Fair
15779064,677,France,Male,27,2,0.0,2,yes,yes,20092.89,no,yes,25-34,1-2,no,Good
15801265,689,Spain,Female,45,0,57784.22,1,yes,no,197804.0,yes,no,35-44,0,yes,Good
15589204,591,France,Male,33,9,131765.72,1,yes,no,118782.06,no,no,25-34,6-10,yes,Fair
15664543,699,France,Male,40,7,0.0,1,no,yes,152876.13,yes,yes,35-44,6-10,no,Good
15582714,749,Germany,Male,47,9,110022.74,1,no,yes,135655.29,yes,no,45-54,6-10,no,Very Good
15797595,709,France,Female,40,9,131569.63,1,yes,yes,103970.58,no,no,35-44,6-10,no,Good
15614034,607,Germany,Male,61,2,164523.5,2,yes,yes,35786.76,no,no,55-64,1-2,no,Fair
15763171,650,Germany,Female,25,2,114330.95,1,yes,yes,25325.07,no,no,<25,1-2,no,Fair
15647266,651,Spain,Female,45,10,135923.16,1,yes,no,18732.84,no,no,35-44,6-10,yes,Fair
15757577,676,France,Female,61,8,0.0,2,yes,yes,118522.73,no,yes,55-64,6-10,no,Good
15736656,723,France,Female,49,4,0.0,2,no,yes,89972.25,no,yes,45-54,3-5,no,Good
15635078,714,Spain,Male,45,0,124693.48,1,no,yes,187194.15,no,no,35-44,0,no,Good
15680141,759,Spain,Female,35,7,147936.42,1,yes,yes,106785.7,no,no,25-34,6-10,no,Very Good
15576945,582,France,Male,29,0,0.0,1,yes,no,142516.35,no,yes,25-34,0,yes,Fair
15602034,697,France,Female,34,2,126558.92,1,yes,no,73334.43,no,no,25-34,1-2,yes,Good
15732020,610,Germany,Male,57,6,106938.11,2,no,yes,186612.47,no,no,55-64,6-10,no,Fair
15611029,488,Germany,Female,33,4,140002.35,1,yes,no,123613.81,no,no,25-34,3-5,yes,Poor
15621210,599,Germany,Male,46,9,123444.72,1,yes,yes,31368.08,yes,no,45-54,6-10,no,Fair
15569222,781,France,Male,32,6,147107.91,1,yes,yes,40066.95,no,no,25-34,6-10,no,Very Good
15664639,645,France,Male,19,9,128514.84,1,no,no,175969.19,no,no,<25,6-10,yes,Fair
15724223,545,France,Female,55,5,0.0,1,no,no,10034.77,yes,yes,45-54,3-5,yes,Poor
15644621,597,Germany,Female,40,9,106756.01,2,yes,no,151167.94,no,no,35-44,6-10,no,Fair
15756056,561,Spain,Female,28,3,0.0,2,yes,no,191387.76,no,yes,25-34,3-5,no,Poor
15700353,662,France,Female,37,6,0.0,2,yes,no,51229.17,no,yes,35-44,6-10,no,Fair
15624388,649,Germany,Female,50,5,155393.32,1,yes,yes,87351.42,yes,no,45-54,3-5,no,Fair
15627212,630,France,Female,36,2,110414.48,1,yes,yes,48984.95,no,no,35-44,1-2,no,Fair
15648005,672,Spain,Male,33,2,0.0,2,yes,yes,182738.0,no,yes,25-34,1-2,no,Good
15681446,636,Germany,Female,37,9,157098.52,1,yes,yes,153535.27,no,no,35-44,6-10,no,Fair
15775888,593,Germany,Female,38,5,85626.6,1,yes,yes,125079.65,no,no,35-44,3-5,no,Fair
15749019,545,Germany,Male,45,6,93796.42,2,yes,yes,162321.26,no,no,35-44,6-10,no,Poor
15709928,567,Spain,Female,41,1,0.0,2,yes,no,3414.72,no,yes,35-44,1-2,no,Poor
15784676,583,France,Male,51,6,125268.03,2,yes,no,165082.25,no,no,45-54,6-10,no,Fair
15748116,681,France,Female,29,2,148143.84,1,yes,yes,52021.39,no,no,25-34,1-2,no,Good
15612193,762,Spain,Male,29,10,115545.33,2,yes,no,148256.43,no,no,25-34,6-10,no,Very Good
15762984,648,Spain,Male,35,7,0.0,2,no,no,122899.01,no,yes,25-34,6-10,no,Fair
15613713,644,France,Male,30,5,44928.88,1,yes,yes,10771.46,no,no,25-34,3-5,no,Fair
15664204,706,Spain,Male,29,2,0.0,2,yes,yes,18255.51,no,yes,25-34,1-2,no,Good
15639415,850,France,Male,35,3,162442.35,1,yes,no,183566.78,no,no,25-34,3-5,yes,Excellent
15806332,484,Spain,Female,39,5,0.0,2,yes,yes,175224.12,no,yes,35-44,3-5,no,Poor
15614929,508,Germany,Male,28,0,96213.82,2,yes,no,147913.56,no,no,25-34,0,no,Poor
15695492,439,France,Female,29,6,156569.43,1,yes,no,180598.66,no,no,25-34,6-10,yes,Poor
15635972,484,Spain,Male,36,8,0.0,2,yes,no,186136.48,no,yes,35-44,6-10,no,Poor
15616380,803,Spain,Female,37,1,0.0,2,no,no,7455.2,no,yes,35-44,1-2,no,Excellent
15581440,724,Germany,Female,48,6,110463.25,2,yes,yes,80552.11,yes,no,45-54,6-10,no,Good
15654390,640,France,Male,33,7,154575.76,1,yes,no,25722.28,yes,no,25-34,6-10,yes,Fair
15660688,701,Spain,Female,35,9,0.0,2,no,no,170996.86,no,yes,25-34,6-10,no,Good
15806307,537,France,Male,37,3,0.0,2,yes,yes,20603.32,no,yes,35-44,3-5,no,Poor
15647975,651,Germany,Male,26,5,147037.32,1,no,no,141763.26,no,no,25-34,3-5,yes,Fair
15595728,523,Germany,Male,41,0,119276.31,1,no,no,122284.38,yes,no,35-44,0,yes,Poor
15735388,717,France,Female,25,7,108664.85,2,yes,no,190011.85,no,no,<25,6-10,no,Good
15788535,593,Spain,Male,44,5,0.0,1,yes,no,128046.98,no,yes,35-44,3-5,yes,Fair
15765902,706,Germany,Male,38,5,163034.82,2,yes,yes,135662.17,no,no,35-44,3-5,no,Good
15642345,714,Germany,Female,49,4,93059.34,1,yes,no,7571.51,yes,no,45-54,3-5,yes,Good
15641250,794,Spain,Male,38,9,179581.31,1,yes,no,23596.24,no,no,35-44,6-10,yes,Very Good
15706163,518,Germany,Male,46,4,113625.93,1,no,no,92727.42,yes,no,45-54,3-5,yes,Poor
15746708,589,Germany,Male,55,7,119961.48,1,yes,no,65156.83,yes,no,45-54,6-10,yes,Fair
15775203,824,France,Male,45,3,129209.48,1,no,no,60151.77,no,no,35-44,3-5,yes,Excellent
15787907,719,Germany,Female,42,5,137227.04,3,yes,no,149097.38,yes,no,35-44,3-5,no,Good
15646764,617,Germany,Female,58,3,119024.75,2,yes,no,35199.24,yes,no,55-64,3-5,no,Fair
15678284,651,France,Male,35,7,74623.5,3,yes,no,129451.29,yes,no,25-34,6-10,no,Fair
15726791,637,Spain,Female,45,2,157929.45,1,yes,yes,145134.49,yes,no,35-44,1-2,no,Fair
15813144,554,France,Female,26,7,92606.86,2,yes,no,192709.69,no,no,25-34,6-10,no,Poor
15669342,731,Germany,Male,35,2,127862.93,2,yes,no,139083.7,no,no,25-34,1-2,no,Good
15710366,569,Spain,Female,42,1,0.0,1,yes,yes,83629.6,yes,yes,35-44,1-2,no,Poor
15614934,625,Germany,Female,37,4,142711.81,1,yes,no,35625.41,no,no,35-44,3-5,yes,Fair
15588701,592,France,Female,38,4,0.0,2,yes,no,35338.96,no,yes,35-44,3-5,no,Fair
15665438,669,France,Male,43,1,163159.85,1,no,yes,15602.8,no,no,35-44,1-2,no,Fair
15644896,663,Germany,Male,32,3,108586.86,1,yes,yes,182355.21,no,no,25-34,3-5,no,Fair
15670205,518,Germany,Female,41,5,110624.99,1,yes,no,89327.67,no,no,35-44,3-5,yes,Poor
15635776,686,Germany,Female,43,5,154846.24,2,yes,yes,151903.6,no,no,35-44,3-5,no,Good
15791053,709,Germany,Male,45,4,122917.71,1,yes,yes,11.58,yes,no,35-44,3-5,no,Good
15644005,571,France,Female,33,9,0.0,2,no,yes,77519.62,no,yes,25-34,6-10,no,Poor
15796343,707,France,Female,31,2,82787.93,2,no,no,91423.69,no,no,25-34,1-2,no,Good
15751057,701,Germany,Male,32,5,102500.34,1,no,no,106287.77,no,no,25-34,3-5,yes,Good
15623430,672,France,Male,34,9,0.0,2,yes,no,161800.77,no,yes,25-34,6-10,no,Good
15682600,620,Germany,Male,39,9,159492.79,1,yes,no,80582.34,yes,no,35-44,6-10,yes,Fair
15769312,557,Spain,Male,48,10,0.0,2,yes,yes,185094.48,no,yes,45-54,6-10,no,Poor
15708212,648,Spain,Female,54,7,118241.02,1,yes,no,172586.89,yes,no,45-54,6-10,yes,Fair
15650258,479,France,Female,35,2,113090.4,1,yes,no,195649.79,no,no,25-34,1-2,yes,Poor
15604345,730,France,Female,22,9,65763.57,1,yes,yes,145792.01,no,no,<25,6-10,no,Good
15578297,737,Germany,Female,43,1,125537.38,1,yes,no,138510.01,yes,no,35-44,1-2,yes,Good
15671789,616,France,Male,31,3,94263.91,2,yes,no,168895.06,no,no,25-34,3-5,no,Fair
15726186,639,Spain,Male,29,4,133434.57,2,yes,no,97983.44,no,no,25-34,3-5,no,Fair
15764618,815,Spain,Female,39,6,0.0,1,yes,yes,85167.88,no,yes,35-44,6-10,no,Excellent
15730738,786,Spain,Male,31,9,0.0,2,yes,yes,18210.36,no,yes,25-34,6-10,no,Very Good
15637650,549,France,Male,50,9,94748.76,2,no,yes,13608.18,no,no,45-54,6-10,no,Poor
15606267,622,France,Female,38,4,98640.74,1,yes,yes,110457.99,no,no,35-44,3-5,no,Fair
15625904,624,France,Male,26,9,74681.9,2,no,no,31231.35,no,no,25-34,6-10,no,Fair
15654463,841,France,Male,34,4,0.0,2,yes,no,141582.66,no,yes,25-34,3-5,no,Excellent
15774151,614,Spain,Female,41,7,179915.85,1,no,no,14666.35,yes,no,35-44,6-10,yes,Fair
15693259,676,France,Male,30,1,128207.23,1,yes,yes,55400.17,no,no,25-34,1-2,no,Good
15642468,697,France,Male,42,9,132739.26,2,no,no,174667.65,no,no,35-44,6-10,no,Good
15758531,732,France,Female,40,10,0.0,2,yes,no,154189.08,no,yes,35-44,6-10,no,Good
15728352,623,France,Male,27,4,120509.81,1,no,no,142170.44,no,no,25-34,3-5,yes,Fair
15637240,541,France,Male,46,4,124547.13,2,yes,no,94499.06,no,no,45-54,3-5,no,Poor
15595588,773,Spain,Female,39,4,0.0,2,no,yes,182081.45,no,yes,35-44,3-5,no,Very Good
15778395,762,Germany,Male,34,4,88815.56,2,yes,no,68562.26,yes,no,25-34,3-5,no,Very Good
15711825,655,Spain,Female,35,1,82231.51,2,yes,no,88798.02,no,no,25-34,1-2,no,Fair
15599251,602,Germany,Male,32,7,184715.86,2,yes,no,113781.99,no,no,25-34,6-10,no,Fair
15570004,850,France,Male,31,3,0.0,2,yes,no,121866.87,no,yes,25-34,3-5,no,Excellent
15656912,649,Spain,Male,51,4,0.0,1,yes,yes,150390.57,no,yes,45-54,3-5,no,Fair
15657342,850,Germany,Male,28,4,147972.19,1,yes,no,60708.72,yes,no,25-34,3-5,yes,Excellent
15716284,543,France,Male,43,9,0.0,2,yes,yes,78858.07,no,yes,35-44,6-10,no,Poor
15672374,672,France,Male,52,8,170008.84,1,no,no,56407.42,yes,no,45-54,6-10,yes,Good
15732476,600,France,Female,27,3,0.0,2,no,yes,125698.97,no,yes,25-34,3-5,no,Fair
15747724,671,Spain,Female,34,10,0.0,1,yes,no,23235.38,no,yes,25-34,6-10,yes,Good
15633877,706,Spain,Female,42,8,95386.82,1,yes,yes,75732.25,no,no,35-44,6-10,no,Good
15672516,541,Germany,Male,51,7,90373.28,2,yes,no,179861.79,no,no,45-54,6-10,no,Poor
15607827,711,Germany,Male,34,4,133467.77,2,yes,yes,42976.64,no,no,25-34,3-5,no,Good
15751336,630,Spain,Male,30,3,0.0,2,no,yes,10486.69,no,yes,25-34,3-5,no,Fair
15646539,531,France,Male,31,3,96288.26,1,yes,no,56794.73,no,no,25-34,3-5,yes,Poor
15756901,641,France,Female,26,4,91547.84,2,no,yes,28157.34,no,no,25-34,3-5,no,Fair
15809286,631,Germany,Male,37,8,138292.64,2,no,no,152422.91,yes,no,35-44,6-10,no,Fair
15759021,685,France,Male,35,9,0.0,1,yes,no,167033.83,no,yes,25-34,6-10,yes,Good
15725039,702,Spain,Male,32,8,71667.74,1,yes,yes,126082.18,no,no,25-34,6-10,no,Good
15579130,708,Germany,Female,43,0,118994.84,1,yes,no,181499.77,yes,no,35-44,0,yes,Good
15754112,653,Spain,Male,55,7,0.0,2,yes,yes,41967.03,no,yes,45-54,6-10,no,Fair
15735522,654,Germany,Male,37,2,145610.07,2,no,no,186300.59,no,no,35-44,1-2,no,Fair
15613326,596,France,Female,33,1,138162.81,1,yes,no,85412.54,no,no,25-34,1-2,yes,Fair
15739502,549,Germany,Female,31,9,135020.21,2,yes,yes,23343.18,no,no,25-34,6-10,no,Poor
15670914,754,France,Male,38,2,0.0,2,yes,no,180698.32,no,yes,35-44,1-2,no,Very Good
15604073,815,Germany,Female,25,8,135161.67,1,yes,yes,136071.05,no,no,<25,6-10,no,Excellent
15806027,556,France,Female,52,9,0.0,1,yes,no,175149.2,yes,yes,45-54,6-10,yes,Poor
15574886,706,France,Male,32,6,94486.47,1,yes,yes,146949.74,no,no,25-34,6-10,no,Good
15707120,850,France,Male,46,9,117640.39,1,yes,no,88920.68,no,no,45-54,6-10,yes,Excellent
15800845,732,Spain,Female,33,8,111379.55,1,yes,yes,45098.62,no,no,25-34,6-10,no,Good
15603914,614,France,Male,40,6,0.0,1,yes,yes,20339.79,yes,yes,35-44,6-10,no,Fair
15722765,580,Spain,Female,57,0,136820.99,1,no,yes,108528.74,no,no,55-64,0,no,Poor
15783305,593,France,Female,46,7,98752.51,1,yes,no,145560.38,no,no,45-54,6-10,yes,Fair
15574842,653,Germany,Female,25,2,158266.42,3,yes,yes,199357.24,no,no,<25,1-2,no,Fair
15607837,746,France,Female,29,4,105599.67,1,yes,yes,43106.17,no,no,25-34,3-5,no,Very Good
15714877,662,France,Female,29,10,0.0,2,yes,no,137508.31,no,yes,25-34,6-10,no,Fair
15782941,573,France,Male,31,2,0.0,2,yes,yes,91957.39,no,yes,25-34,1-2,no,Poor
15630167,684,Spain,Female,39,4,139723.9,1,yes,yes,120612.11,no,no,35-44,3-5,no,Good
15759038,793,France,Female,41,3,141806.46,1,yes,no,102921.17,no,no,35-44,3-5,yes,Very Good
15661821,798,Germany,Female,49,5,132571.67,1,yes,yes,31686.33,yes,no,45-54,3-5,no,Very Good
15728006,524,France,Male,40,2,180516.9,1,yes,no,180002.42,no,no,35-44,1-2,yes,Poor
15712176,816,France,Male,31,8,0.0,2,yes,yes,28407.4,no,yes,25-34,6-10,no,Excellent
15689351,742,Germany,Female,41,4,92805.72,1,no,yes,73743.95,yes,no,35-44,3-5,no,Very Good
15782247,540,France,Male,22,4,0.0,3,yes,yes,186233.26,yes,yes,<25,3-5,no,Poor
15769064,537,Germany,Male,39,3,135309.36,1,yes,no,31728.86,yes,no,35-44,3-5,yes,Poor
15718153,759,Spain,Female,74,6,128917.84,1,yes,yes,48244.64,no,no,65+,6-10,no,Very Good
15613189,774,France,Female,52,2,56580.93,1,yes,no,113266.28,yes,no,45-54,1-2,yes,Very Good
15661734,608,Germany,Male,42,8,131390.75,2,yes,no,71178.09,no,no,35-44,6-10,no,Fair
15592645,704,Spain,Male,37,4,0.0,2,no,no,25684.93,no,yes,35-44,3-5,no,Good
15768387,581,France,Male,41,8,0.0,2,no,no,29737.14,no,yes,35-44,6-10,no,Fair
15792525,628,Germany,Female,61,1,97361.66,1,yes,yes,149922.38,yes,no,55-64,1-2,no,Fair
15586976,566,France,Female,42,6,0.0,1,yes,no,180702.12,yes,yes,35-44,6-10,yes,Poor
15790659,701,Spain,Male,59,7,0.0,2,no,yes,27597.59,no,yes,55-64,6-10,no,Good
15691446,735,Spain,Male,29,10,0.0,2,yes,yes,95025.27,no,yes,25-34,6-10,no,Good
15772632,680,France,Female,34,1,0.0,2,yes,no,167035.07,no,yes,25-34,1-2,no,Good
15706587,560,France,Male,57,0,0.0,2,no,yes,116781.71,no,yes,55-64,0,no,Poor
15572461,663,Germany,Female,29,4,102714.65,2,no,no,21170.81,no,no,25-34,3-5,no,Fair
15654409,665,France,Female,34,5,67816.72,1,yes,yes,29641.58,no,no,25-34,3-5,no,Fair
15568025,758,France,Male,51,8,81710.46,1,yes,yes,116520.07,no,no,45-54,6-10,no,Very Good
15715769,621,France,Male,26,2,75237.54,1,no,yes,44220.4,no,no,25-34,1-2,no,Fair
15667458,764,Germany,Male,28,10,124023.18,1,yes,no,166188.28,no,no,25-34,6-10,yes,Very Good
15567980,537,Germany,Female,46,5,100727.5,1,no,yes,140857.76,yes,no,45-54,3-5,no,Poor
15679294,589,France,Female,46,10,107238.85,2,yes,no,37024.28,no,no,45-54,6-10,no,Fair
15606507,555,France,Male,24,5,0.0,2,yes,no,27513.47,no,yes,<25,3-5,no,Poor
15578825,734,France,Female,29,0,139994.66,1,yes,no,17744.72,no,no,25-34,0,yes,Good
15619935,783,Spain,Female,59,9,126224.87,1,yes,yes,4423.63,no,no,55-64,6-10,no,Very Good
15636089,678,Germany,Female,51,1,145751.03,1,no,no,109718.44,yes,no,45-54,1-2,yes,Good
15727490,661,France,Male,47,5,0.0,1,no,yes,107243.31,yes,yes,45-54,3-5,no,Fair
15591766,607,Spain,Female,25,4,121166.89,1,no,yes,115288.24,no,no,<25,3-5,no,Fair
15641629,537,Spain,Female,38,1,0.0,2,no,yes,41233.97,no,yes,35-44,1-2,no,Poor
15813303,513,Spain,Male,88,10,0.0,2,yes,yes,52952.24,no,yes,65+,6-10,no,Poor
15756920,576,France,Male,63,9,70655.48,1,no,no,78955.8,yes,no,55-64,6-10,yes,Poor
15726403,660,Germany,Male,41,1,129901.21,1,yes,no,26025.6,yes,no,35-44,1-2,yes,Fair
15592765,637,France,Male,40,8,125470.81,1,yes,yes,174536.17,no,no,35-44,6-10,no,Fair
15704442,672,France,Female,53,9,169406.33,4,yes,yes,147311.47,yes,no,45-54,6-10,no,Good
15641136,629,France,Male,32,2,0.0,2,no,yes,77965.44,no,yes,25-34,1-2,no,Fair
15725818,583,Germany,Male,40,4,107041.3,1,yes,yes,5635.63,no,no,35-44,3-5,no,Fair
15612071,763,Spain,Female,32,10,95153.77,1,no,yes,81310.1,no,no,25-34,6-10,no,Very Good
15719809,516,Germany,Male,32,3,145166.09,2,no,no,111421.45,no,no,25-34,3-5,no,Poor
15716518,617,France,Female,27,4,0.0,2,no,no,190269.21,no,yes,25-34,3-5,no,Fair
15742210,700,France,Male,38,9,65962.63,1,yes,yes,100950.48,no,no,35-44,6-10,no,Good
15630617,727,Germany,Male,36,6,140418.81,1,yes,yes,113033.73,yes,no,35-44,6-10,no,Good
15720838,689,Spain,Female,31,3,139799.63,1,no,yes,120663.57,no,no,25-34,3-5,no,Good
15595537,626,Germany,Male,49,9,171787.84,2,yes,no,187192.23,no,no,45-54,6-10,no,Fair
15623196,686,France,Male,38,6,149238.97,1,yes,yes,97825.23,no,no,35-44,6-10,no,Good
15679249,351,Germany,Female,57,4,163146.46,1,yes,no,169621.69,yes,no,55-64,3-5,yes,Poor
15693199,739,France,Female,37,8,0.0,2,yes,no,191557.1,yes,yes,35-44,6-10,no,Good
15661219,627,France,Male,32,10,0.0,2,yes,no,103287.62,no,yes,25-34,6-10,no,Fair
15617136,451,Germany,Female,38,9,61482.47,1,yes,yes,167538.66,no,no,35-44,6-10,no,Poor
15760294,512,France,Female,41,8,145150.28,1,yes,no,64869.32,yes,no,35-44,6-10,yes,Poor
15652808,774,France,Female,41,5,126670.37,1,yes,no,102426.06,no,no,35-44,3-5,yes,Very Good
15657139,652,France,Female,40,8,84390.8,2,no,yes,107876.2,no,no,35-44,6-10,no,Fair
15803790,638,Germany,Male,37,2,89728.86,2,yes,yes,37294.88,no,no,35-44,1-2,no,Fair
15764105,475,France,Female,57,1,0.0,2,yes,no,89248.99,no,yes,55-64,1-2,no,Poor
15672610,567,Spain,Male,40,4,118628.8,1,no,no,91973.63,no,no,35-44,3-5,yes,Poor
15766896,750,France,Male,37,3,0.0,2,yes,no,16870.2,no,yes,35-44,3-5,no,Very Good
15587735,850,France,Male,39,6,96863.13,1,yes,yes,121681.19,no,no,35-44,6-10,no,Excellent
15659501,753,France,Female,38,6,142263.45,1,no,yes,33730.43,no,no,35-44,6-10,no,Very Good
15745001,683,Spain,Female,36,7,0.0,2,yes,no,104786.59,no,yes,35-44,6-10,no,Good
15651140,710,France,Female,32,3,0.0,1,yes,no,94790.34,no,yes,25-34,3-5,yes,Good
15571148,645,Spain,Female,21,1,0.0,2,no,no,28726.07,no,yes,<25,1-2,no,Fair
15776824,714,France,Male,28,6,122724.37,1,yes,yes,67057.27,no,no,25-34,6-10,no,Good
15633141,696,Germany,Female,35,4,174902.26,1,yes,no,69079.85,no,no,25-34,3-5,yes,Good
15764174,612,Spain,Female,26,4,0.0,2,yes,yes,179780.74,no,yes,25-34,3-5,no,Fair
15778155,520,Germany,Female,31,3,108914.17,1,yes,yes,183572.39,yes,no,25-34,3-5,no,Poor
15715920,782,Spain,Male,23,10,98052.66,1,yes,yes,142587.32,no,no,<25,6-10,no,Very Good
15671917,666,France,Male,46,5,123873.19,1,yes,yes,177844.06,no,no,45-54,3-5,no,Fair
15666548,466,Germany,Female,56,2,111920.13,3,yes,no,197634.11,yes,no,55-64,1-2,no,Poor
15625623,567,France,Female,45,4,0.0,2,no,yes,121053.19,no,yes,35-44,3-5,no,Poor
15748123,613,France,Male,20,3,0.0,2,yes,yes,149613.77,no,yes,<25,3-5,no,Fair
15648735,718,France,Male,37,8,0.0,2,yes,yes,142.81,no,yes,35-44,6-10,no,Good
15634974,614,France,Female,37,8,75150.34,4,no,yes,131766.67,yes,no,35-44,6-10,no,Fair
15713378,711,France,Male,38,10,0.0,2,no,no,53311.78,no,yes,35-44,6-10,no,Good
15753370,691,Germany,Female,38,5,114753.76,1,yes,no,107665.02,no,no,35-44,3-5,yes,Good
15782659,527,France,Male,32,0,0.0,1,yes,no,109523.88,no,yes,25-34,0,yes,Poor
15583364,476,France,Female,32,6,111871.93,1,no,no,112132.86,no,no,25-34,6-10,yes,Poor
15625942,619,Spain,Female,45,0,0.0,2,no,no,113645.4,no,yes,35-44,0,no,Fair
15720284,607,Germany,Female,37,4,135927.06,1,no,no,180890.4,no,no,35-44,3-5,yes,Fair
15679642,695,Spain,Male,44,8,0.0,2,yes,yes,70974.13,no,yes,35-44,6-10,no,Good
15628007,653,France,Male,33,1,0.0,2,no,no,53379.52,no,yes,25-34,1-2,no,Fair
15661974,677,France,Male,46,2,57037.74,1,yes,yes,158531.01,no,no,45-54,1-2,no,Good
15689341,655,France,Female,50,10,0.0,4,yes,no,179267.94,yes,yes,45-54,6-10,no,Fair
15607993,625,France,Female,52,2,79468.96,1,yes,yes,84606.03,no,no,45-54,1-2,no,Fair
15693267,679,Germany,Female,34,7,121063.85,1,yes,no,56984.58,no,no,25-34,6-10,yes,Good
15769522,734,France,Male,51,1,118537.47,1,yes,yes,116912.45,no,no,45-54,1-2,no,Good
15755825,666,France,Male,39,10,0.0,2,yes,no,102999.33,no,yes,35-44,6-10,no,Fair
15598175,592,Germany,Female,26,4,105082.07,2,yes,no,132801.57,no,no,25-34,3-5,no,Fair
15744327,564,France,Male,40,4,0.0,1,yes,no,85455.62,yes,yes,35-44,3-5,yes,Poor
15798666,814,France,Female,36,6,0.0,2,yes,yes,98657.01,no,yes,35-44,6-10,no,Excellent
15577064,592,Germany,Male,36,2,104702.65,2,yes,no,107948.72,no,no,35-44,1-2,no,Fair
15759436,758,France,Female,50,2,95813.76,3,yes,yes,67944.09,yes,no,45-54,1-2,no,Very Good
15690231,612,Spain,Female,62,0,167026.61,2,yes,yes,192892.05,no,no,55-64,0,no,Fair
15751561,498,Germany,Male,61,7,102453.26,1,yes,no,187247.56,yes,no,55-64,6-10,yes,Poor
15739068,638,Germany,Male,25,4,148045.45,2,yes,yes,114722.42,no,no,<25,3-5,no,Fair
15758056,558,France,Male,35,1,0.0,2,no,no,111687.57,no,yes,25-34,1-2,no,Poor
15742269,756,France,Female,24,1,0.0,2,yes,no,184182.25,no,yes,<25,1-2,no,Very Good
15726490,782,Spain,Male,52,4,0.0,1,yes,yes,52759.82,yes,yes,45-54,3-5,no,Very Good
15738411,505,France,Male,34,10,104498.79,1,no,yes,126451.14,no,no,25-34,6-10,no,Poor
15727919,671,Spain,Female,29,6,0.0,2,no,no,12048.67,no,yes,25-34,6-10,no,Good
15709396,801,France,Male,42,6,0.0,2,yes,yes,95804.33,no,yes,35-44,6-10,no,Excellent
15654106,604,France,Male,26,8,149542.52,2,no,yes,197911.52,no,no,25-34,6-10,no,Fair
15621653,716,France,Female,29,10,87946.39,1,yes,yes,182531.74,no,no,25-34,6-10,no,Good
15598086,624,France,Female,45,3,68639.57,1,yes,no,168002.31,yes,no,35-44,3-5,yes,Fair
15752300,607,Germany,Male,47,4,148826.32,1,yes,yes,79450.61,no,no,45-54,3-5,no,Fair
15658693,827,France,Female,60,2,0.0,2,no,yes,60615.83,no,yes,55-64,1-2,no,Excellent
15631838,606,France,Male,61,5,108166.09,2,no,yes,8643.21,no,no,55-64,3-5,no,Fair
15803804,717,Germany,Female,35,5,103214.71,1,yes,no,172172.7,no,no,25-34,3-5,yes,Good
15578809,651,Germany,Male,40,1,134760.21,2,no,no,174434.06,yes,no,35-44,1-2,no,Fair
15752026,691,France,Male,58,3,0.0,1,no,yes,194930.3,yes,yes,55-64,3-5,no,Good
15723706,573,France,Female,33,0,90124.64,1,yes,no,137476.71,no,no,25-34,0,yes,Poor
15752838,723,Spain,Male,38,6,0.0,2,yes,yes,94415.6,no,yes,35-44,6-10,no,Good
15569571,584,Germany,Female,46,6,87361.02,2,yes,no,120376.87,yes,no,45-54,6-10,no,Fair
15769703,550,Germany,Female,45,8,111257.59,1,no,no,97623.42,yes,no,35-44,6-10,yes,Poor
15679770,611,France,Female,61,3,131583.59,4,no,yes,66238.23,yes,no,55-64,3-5,no,Fair
15791102,549,Germany,Male,41,9,95020.8,3,yes,yes,131710.59,yes,no,35-44,6-10,no,Poor
15655192,850,Spain,Female,24,1,0.0,2,no,yes,69052.87,no,yes,<25,1-2,no,Excellent
15709487,668,Germany,Male,34,5,80242.37,2,no,no,56780.97,no,no,25-34,3-5,no,Fair
15687130,686,France,Female,43,0,0.0,1,yes,yes,170072.9,no,yes,35-44,0,no,Good
15755178,660,France,Male,50,1,0.0,3,yes,yes,191849.15,yes,yes,45-54,1-2,no,Fair
15634772,682,Spain,Female,59,0,122661.39,1,no,yes,84803.76,no,no,55-64,0,no,Good
15617197,524,France,Male,50,4,0.0,2,yes,yes,31840.59,yes,yes,45-54,3-5,no,Poor
15631240,645,France,Female,36,8,0.0,2,yes,yes,12096.61,yes,yes,35-44,6-10,no,Fair
15784301,850,France,Male,42,0,0.0,2,yes,no,44165.84,no,yes,35-44,0,no,Excellent
15631310,537,France,Female,53,3,0.0,1,yes,yes,91406.62,no,yes,45-54,3-5,no,Poor
15756560,599,Spain,Female,46,7,81742.84,2,yes,no,83282.21,no,no,45-54,6-10,no,Fair
15732270,727,Spain,Male,71,8,0.0,1,yes,yes,198446.91,yes,yes,65+,6-10,no,Good
15739357,756,Spain,Male,30,2,145127.85,1,no,no,7554.68,no,no,25-34,1-2,yes,Very Good
15771540,755,France,Male,38,9,148912.44,1,yes,no,80416.16,no,no,35-44,6-10,yes,Very Good
15567486,634,Spain,Female,41,4,0.0,2,yes,yes,164549.74,no,yes,35-44,3-5,no,Fair
15714634,837,France,Male,26,4,89900.24,2,yes,no,175477.03,no,no,25-34,3-5,no,Excellent
15727021,727,Germany,Female,30,8,119027.28,2,yes,yes,137903.54,no,no,25-34,6-10,no,Good
15650670,567,Germany,Female,40,2,105222.86,2,yes,no,93795.86,no,no,35-44,1-2,no,Poor
15711834,650,Spain,Female,30,6,0.0,1,no,no,67997.13,yes,yes,25-34,6-10,yes,Fair
15729763,655,Spain,Male,34,1,116114.93,1,yes,yes,49492.15,no,no,25-34,1-2,no,Fair
15646566,763,France,Female,58,9,187911.55,1,no,yes,35825.18,no,no,55-64,6-10,no,Very Good
15645463,843,France,Female,27,5,0.0,2,yes,yes,67494.23,no,yes,25-34,3-5,no,Excellent
15672144,667,France,Female,38,6,144432.04,1,yes,yes,73963.17,yes,no,35-44,6-10,no,Fair
15596088,705,France,Female,50,4,77065.9,2,no,yes,145159.26,no,no,45-54,3-5,no,Good
15614878,660,Germany,Female,29,6,180520.29,1,yes,yes,123850.58,no,no,25-34,6-10,no,Fair
15635240,553,France,Male,42,1,0.0,2,no,no,23822.04,no,yes,35-44,1-2,no,Poor
15775905,612,Germany,Female,47,6,130024.87,1,yes,yes,45750.21,yes,no,45-54,6-10,no,Fair
15700657,641,Germany,Female,40,2,110086.69,1,yes,no,159773.14,no,no,35-44,1-2,yes,Fair
15611905,513,Spain,Female,31,5,174853.46,1,yes,no,84238.63,no,no,25-34,3-5,yes,Poor
15652527,680,France,Male,44,7,108724.98,1,no,yes,72330.46,no,no,35-44,6-10,no,Good
15785865,711,France,Male,58,9,91285.13,2,yes,yes,26767.85,no,no,55-64,6-10,no,Good
15645942,689,Spain,Male,40,2,0.0,2,yes,yes,164768.82,no,yes,35-44,1-2,no,Good
15688691,665,Germany,Female,51,9,110610.41,2,no,yes,1112.76,yes,no,45-54,6-10,no,Fair
15592736,551,Germany,Male,54,5,102994.04,1,yes,no,176680.16,yes,no,45-54,3-5,yes,Poor
15673529,645,Spain,Male,36,4,59893.85,2,yes,no,43999.64,no,no,35-44,3-5,no,Fair
15724145,616,Germany,Male,29,8,149318.55,1,yes,no,140746.13,no,no,25-34,6-10,yes,Fair
15704629,582,France,Female,32,1,116409.55,1,no,yes,152790.92,no,no,25-34,1-2,no,Fair
15597896,365,Germany,Male,30,0,127760.07,1,yes,no,81537.85,yes,no,25-34,0,yes,Poor
15731790,697,Germany,Female,38,6,132591.36,1,yes,yes,7387.8,yes,no,35-44,6-10,no,Good
15634719,704,France,Male,31,0,0.0,2,yes,no,183038.33,no,yes,25-34,0,no,Good
15703205,656,France,Female,46,5,113402.14,2,yes,yes,138849.06,no,no,45-54,3-5,no,Fair
15567333,712,France,Female,31,7,0.0,2,yes,no,170333.38,no,yes,25-34,6-10,no,Good
15754537,748,France,Male,40,0,0.0,1,no,no,60416.76,no,yes,35-44,0,yes,Very Good
15612030,724,France,Male,28,9,0.0,2,yes,yes,100240.2,no,yes,25-34,6-10,no,Good
15573242,691,France,Male,50,6,136953.47,1,yes,yes,2704.98,no,no,45-54,6-10,no,Good
15601892,563,France,Male,33,8,0.0,2,no,yes,68815.05,no,yes,25-34,6-10,no,Poor
15663885,741,France,Male,32,5,0.0,1,yes,yes,64839.23,no,yes,25-34,3-5,no,Very Good
15701096,778,France,Male,44,8,123863.64,1,yes,no,144494.94,no,no,35-44,6-10,yes,Very Good
15710450,848,Spain,Male,22,7,120811.89,1,yes,yes,185510.34,no,no,<25,6-10,no,Excellent
15790846,634,Germany,Male,38,2,148430.55,1,yes,yes,56055.72,no,no,35-44,1-2,no,Fair
15658956,505,Germany,Male,40,6,47869.69,2,yes,yes,155061.97,no,no,35-44,6-10,no,Poor
15755223,692,Germany,Male,53,7,150926.99,2,no,no,119817.19,no,no,45-54,6-10,no,Good
15787318,537,Germany,Female,47,6,103163.35,1,yes,no,16259.64,yes,no,45-54,6-10,yes,Poor
15737310,633,France,Male,29,10,130206.28,1,yes,no,184654.87,no,no,25-34,6-10,yes,Fair
15763665,833,France,Female,28,4,136674.51,2,no,no,5278.78,no,no,25-34,3-5,no,Excellent
15668818,592,Spain,Female,40,2,200322.45,1,yes,yes,113244.73,no,no,35-44,1-2,no,Fair
15765812,587,Spain,Male,48,1,0.0,2,yes,yes,8908.0,no,yes,45-54,1-2,no,Fair
15704844,550,Spain,Male,62,7,80927.56,1,no,yes,64490.67,no,no,55-64,6-10,no,Poor
15744582,680,France,Female,24,10,0.0,3,yes,no,154971.63,yes,yes,<25,6-10,no,Good
15616700,622,Spain,Female,41,9,0.0,2,yes,yes,155786.39,no,yes,35-44,6-10,no,Fair
15683521,594,Germany,Male,28,0,142574.71,2,yes,no,129084.82,no,no,25-34,0,no,Fair
15583049,643,Germany,Female,34,7,160426.07,1,no,yes,188533.11,no,no,25-34,6-10,no,Fair
15643752,540,France,Male,25,5,116160.23,1,yes,no,13411.67,no,no,<25,3-5,yes,Poor
15620398,635,Spain,Female,34,5,98683.47,2,yes,no,15733.19,no,no,25-34,3-5,no,Fair
15715707,657,France,Male,32,3,118829.03,2,yes,yes,73127.61,no,no,25-34,3-5,no,Fair
15814209,814,France,Male,31,1,118870.92,1,yes,no,101704.19,no,no,25-34,1-2,yes,Excellent
15733768,600,France,Male,32,1,0.0,1,yes,yes,101986.16,no,yes,25-34,1-2,no,Fair
15755242,682,France,Female,46,2,0.0,1,yes,yes,114442.66,no,yes,45-54,1-2,no,Good
15729412,682,France,Male,38,4,107192.38,1,yes,yes,15669.17,no,no,35-44,3-5,no,Good
15746564,566,France,Male,42,3,108010.78,1,yes,yes,157486.1,no,no,35-44,3-5,no,Poor
15588446,550,Spain,Male,34,3,0.0,2,no,no,131281.28,no,yes,25-34,3-5,no,Poor
15665221,630,France,Male,26,7,129837.72,2,no,yes,197001.15,no,no,25-34,6-10,no,Fair
15640846,546,Germany,Female,58,3,106458.31,4,yes,no,128881.87,yes,no,55-64,3-5,no,Poor
15700209,486,France,Male,63,9,97009.15,1,yes,yes,85101.0,no,no,55-64,6-10,no,Poor
15658360,762,Spain,Male,35,9,122929.42,2,no,no,149822.04,no,no,25-34,6-10,no,Very Good
15602735,692,Germany,Male,45,6,152296.83,4,no,yes,108040.86,yes,no,35-44,6-10,no,Good
15724834,498,France,Female,30,1,0.0,2,no,no,135795.53,no,yes,25-34,1-2,no,Poor
15800062,850,Spain,Male,49,8,0.0,1,no,no,25867.67,yes,yes,45-54,6-10,yes,Excellent
15685300,603,France,Male,35,6,128993.76,2,yes,no,130483.56,no,no,25-34,6-10,no,Fair
15760102,551,France,Female,36,5,0.0,1,yes,no,183479.12,no,yes,35-44,3-5,yes,Poor
15787026,627,Germany,Male,27,0,185267.45,2,yes,yes,77027.34,no,no,25-34,0,no,Fair
15653696,515,France,Female,28,9,0.0,2,no,no,94141.75,no,yes,25-34,6-10,no,Poor
15788946,605,Spain,Female,29,3,116805.82,1,no,no,4092.75,no,no,25-34,3-5,yes,Fair
15600724,567,Germany,Male,29,5,129750.68,1,yes,no,109257.59,no,no,25-34,3-5,yes,Poor
15574324,568,Germany,Female,29,2,129177.01,2,no,yes,104617.99,no,no,25-34,1-2,no,Poor
15707144,571,Germany,Male,25,6,82506.72,2,yes,no,167705.07,no,no,<25,6-10,no,Poor
15775891,634,Germany,Male,48,2,107247.69,1,yes,yes,103712.05,yes,no,45-54,1-2,no,Fair
15711789,768,Spain,Female,42,3,0.0,1,no,no,161242.99,yes,yes,35-44,3-5,yes,Very Good
15600879,554,Germany,Female,36,3,157780.93,2,yes,no,6089.13,no,no,35-44,3-5,no,Poor
15681196,629,France,Male,35,1,172170.36,1,yes,yes,159777.37,no,no,25-34,1-2,no,Fair
15716000,638,Spain,Male,48,2,0.0,2,yes,yes,7919.08,no,yes,45-54,1-2,no,Fair
15766776,576,France,Male,41,1,0.0,1,yes,yes,188274.6,no,yes,35-44,1-2,no,Poor
15680278,661,Spain,Female,42,9,75361.44,1,yes,no,27608.12,yes,no,35-44,6-10,yes,Fair
15688637,592,France,Female,27,4,0.0,2,yes,yes,183569.25,no,yes,25-34,3-5,no,Fair
15591179,702,Spain,Male,30,2,0.0,2,yes,yes,145537.32,no,yes,25-34,1-2,no,Good
15677435,647,France,Female,29,0,98263.46,2,yes,no,164717.95,no,no,25-34,0,no,Fair
15698619,593,France,Male,43,9,0.0,2,yes,yes,76357.43,no,yes,35-44,6-10,no,Fair
15581036,712,Germany,Female,40,3,109308.79,2,yes,no,120158.72,yes,no,35-44,3-5,no,Good
15622117,625,Spain,Female,31,8,0.0,2,yes,no,151843.54,no,yes,25-34,6-10,no,Fair
15599301,538,Germany,Female,28,6,164365.44,1,no,yes,5698.97,no,no,25-34,6-10,no,Poor
15581548,637,Spain,Female,22,5,98800.0,1,yes,no,122865.55,no,no,<25,3-5,yes,Fair
15586870,632,France,Male,27,4,193125.85,1,yes,yes,152665.85,no,no,25-34,3-5,no,Fair
15735263,736,France,Male,27,5,51522.75,1,no,yes,192131.77,no,no,25-34,3-5,no,Good
15765322,755,France,Male,23,5,84284.48,2,yes,yes,62851.6,no,no,<25,3-5,no,Very Good
15582944,425,Spain,Female,39,5,0.0,2,yes,no,140941.47,no,yes,35-44,3-5,no,Poor
15687162,461,France,Male,51,9,119889.84,1,no,no,56767.67,yes,no,45-54,6-10,yes,Poor
15644962,745,France,Male,21,4,137910.45,1,yes,yes,177235.23,no,no,<25,3-5,no,Very Good
15612615,616,France,Female,37,6,0.0,2,yes,no,86242.18,no,yes,35-44,6-10,no,Fair
15813439,587,France,Male,33,5,100116.82,1,yes,no,34215.58,no,no,25-34,3-5,yes,Fair
15604544,850,Germany,Male,40,4,166082.15,2,no,yes,44406.17,no,no,35-44,3-5,no,Excellent
15761348,601,France,Female,38,0,0.0,2,yes,no,165196.65,no,yes,35-44,0,no,Fair
15785078,730,Spain,Male,26,3,0.0,1,yes,no,34542.41,no,yes,25-34,3-5,yes,Good
15759874,532,France,Male,44,3,148595.55,1,yes,no,74838.64,yes,no,35-44,3-5,yes,Poor
15643658,850,Germany,Male,53,2,94078.97,2,yes,no,36980.54,no,no,45-54,1-2,no,Excellent
15713267,779,Spain,Female,34,5,0.0,2,no,yes,111676.63,no,yes,25-34,3-5,no,Very Good
15737782,562,France,Male,29,9,0.0,1,yes,yes,25858.68,no,yes,25-34,6-10,no,Poor
15815490,670,Germany,Male,40,2,164948.98,3,no,no,177028.0,yes,no,35-44,1-2,no,Fair
15679410,729,France,Female,62,4,140549.4,1,yes,no,30990.16,yes,no,55-64,3-5,yes,Good
15756241,767,France,Female,44,2,152509.25,1,yes,yes,136915.15,no,no,35-44,1-2,no,Very Good
15688409,742,France,Female,28,2,191864.51,1,yes,no,108457.99,yes,no,25-34,1-2,yes,Very Good
15742272,669,France,Female,44,8,96418.09,1,no,no,131609.48,yes,no,35-44,6-10,yes,Fair
15717898,542,Spain,Male,32,2,131945.94,1,no,yes,159737.56,no,no,25-34,1-2,no,Poor
15769582,586,France,Male,29,3,0.0,2,yes,yes,142238.54,no,yes,25-34,3-5,no,Fair
15635660,612,Germany,Male,30,9,142910.15,1,yes,no,105890.55,yes,no,25-34,6-10,yes,Fair
15576723,740,France,Female,37,7,0.0,2,yes,yes,194270.91,no,yes,35-44,6-10,no,Good
15591577,584,France,Male,35,3,146311.58,1,yes,yes,105443.47,no,no,25-34,3-5,no,Fair
15582325,524,France,Male,52,2,87894.26,1,yes,no,173899.42,yes,no,45-54,1-2,yes,Poor
15693947,614,France,Female,19,5,97445.49,2,yes,no,122823.34,no,no,<25,3-5,no,Fair
15760446,598,France,Female,64,9,0.0,1,no,yes,13181.37,yes,yes,55-64,6-10,no,Fair
15611105,799,Spain,Male,35,7,0.0,2,no,yes,140780.8,no,yes,25-34,6-10,no,Very Good
15630920,724,France,Male,34,2,154485.74,2,no,no,78560.64,no,no,25-34,1-2,no,Good
15574910,601,France,Male,50,2,115625.07,1,yes,no,185855.21,no,no,45-54,1-2,yes,Fair
15756472,804,France,Male,25,7,108396.67,1,yes,no,128276.95,no,no,<25,6-10,yes,Excellent
15682890,745,Germany,Male,38,5,65095.41,2,yes,yes,140197.42,no,no,35-44,3-5,no,Very Good
15641994,667,Germany,Male,43,1,103018.45,1,yes,no,32462.39,yes,no,35-44,1-2,yes,Fair
15733297,518,France,Female,38,10,84764.79,1,yes,yes,162253.9,no,no,35-44,6-10,no,Poor
15767793,819,France,Female,38,10,0.0,2,yes,no,30498.7,no,yes,35-44,6-10,no,Excellent
15725698,520,Spain,Female,35,4,115680.81,1,yes,yes,90280.7,no,no,25-34,3-5,no,Poor
15813532,625,France,Female,39,5,0.0,2,yes,no,32615.21,no,yes,35-44,3-5,no,Fair
15576760,673,Germany,Male,36,5,73088.06,2,no,no,196142.26,no,no,35-44,3-5,no,Good
15732102,656,Germany,Female,27,3,150905.03,2,yes,no,16998.72,no,no,25-34,3-5,no,Fair
15739046,850,Spain,Female,23,9,143054.85,1,no,yes,62980.96,no,no,<25,6-10,no,Excellent
15631927,574,Spain,Female,28,7,0.0,2,no,no,185660.3,no,yes,25-34,6-10,no,Poor
15672115,679,France,Male,60,6,0.0,2,yes,yes,77331.77,no,yes,55-64,6-10,no,Good
15618765,530,Germany,Female,42,0,99948.45,1,no,yes,97338.62,no,no,35-44,0,no,Poor
15679148,508,France,Male,44,3,115451.05,2,no,no,67234.33,no,no,35-44,3-5,no,Poor
15728474,558,Germany,Male,32,4,108235.91,1,yes,yes,143783.28,no,no,25-34,3-5,no,Poor
15636999,414,France,Male,38,8,0.0,1,no,yes,77661.12,yes,yes,35-44,6-10,no,Poor
15754261,648,Spain,Male,42,2,98795.61,2,yes,no,89123.99,no,no,35-44,1-2,no,Fair
15629150,721,France,Female,37,1,0.0,2,yes,no,70810.8,no,yes,35-44,1-2,no,Good
15736274,751,France,Male,31,8,0.0,2,no,no,17550.49,no,yes,25-34,6-10,no,Very Good
15627697,662,France,Male,34,2,0.0,2,no,yes,21497.27,no,yes,25-34,1-2,no,Fair
15721585,628,Germany,Male,29,3,113146.98,2,no,yes,124749.08,no,no,25-34,3-5,no,Fair
15639946,597,Germany,Female,39,8,162532.14,3,yes,no,36051.46,yes,no,35-44,6-10,no,Fair
15792176,698,Spain,Female,40,0,92053.44,1,yes,yes,143681.83,no,no,35-44,0,no,Good
15699450,723,France,Male,48,7,0.0,2,yes,yes,150694.58,no,yes,45-54,6-10,no,Good
15729954,586,France,Female,28,5,0.0,3,yes,no,170487.4,yes,yes,25-34,3-5,no,Fair
15600103,633,Germany,Female,29,8,104944.1,1,yes,yes,97684.46,no,no,25-34,6-10,no,Fair
15786200,564,France,Male,31,4,0.0,2,yes,no,53520.03,no,yes,25-34,3-5,no,Poor
15797010,649,France,Female,31,2,0.0,2,yes,no,15200.61,no,yes,25-34,1-2,no,Fair
15670172,622,France,Female,30,4,107879.04,1,no,yes,196894.62,no,no,25-34,3-5,no,Fair
15627352,459,Germany,Male,46,7,110356.42,1,yes,no,4969.13,yes,no,45-54,6-10,yes,Poor
15622494,718,France,Male,27,2,0.0,2,no,no,26229.24,no,yes,25-34,1-2,no,Good
15585835,655,Spain,Female,34,4,109783.69,2,yes,no,134034.32,no,no,25-34,3-5,no,Fair
15595071,696,France,Male,22,9,149777.0,1,yes,yes,198032.93,no,no,<25,6-10,no,Good
15628203,637,France,Female,38,3,104339.56,1,no,no,119882.86,no,no,35-44,3-5,yes,Fair
15667190,630,Spain,Female,21,1,85818.18,1,yes,yes,133102.3,no,no,<25,1-2,no,Fair
15780212,592,France,Male,37,4,212692.97,1,no,no,176395.02,no,no,35-44,3-5,yes,Fair
15766869,634,Germany,Male,37,1,89696.84,2,yes,yes,193179.88,no,no,35-44,1-2,no,Fair
15775741,608,France,Female,28,9,0.0,2,yes,yes,125062.02,no,yes,25-34,6-10,no,Fair
15628170,565,Germany,Female,32,9,68067.24,1,yes,no,143287.58,no,no,25-34,6-10,yes,Poor
15701318,763,Spain,Male,67,9,148564.66,1,no,yes,87236.4,no,no,65+,6-10,no,Very Good
15710928,665,France,Female,55,8,136354.16,1,yes,yes,93769.89,no,no,45-54,6-10,no,Fair
15682547,649,France,Male,38,1,122214.0,1,no,yes,88965.46,no,no,35-44,1-2,no,Fair
15631170,695,France,Male,45,3,0.0,2,yes,yes,30793.61,no,yes,35-44,3-5,no,Good
15648702,775,Germany,Male,70,6,119684.88,2,yes,yes,74532.02,no,no,65+,6-10,no,Very Good
15783444,788,France,Female,39,3,135139.33,1,no,yes,113086.08,no,no,35-44,3-5,no,Very Good
15809178,569,Germany,Female,42,9,146100.75,1,yes,no,32574.01,yes,no,35-44,6-10,yes,Poor
15806688,726,Spain,Female,56,8,123110.9,3,no,yes,130113.78,yes,no,55-64,6-10,no,Good
15576824,564,Germany,Female,44,3,111760.4,3,yes,yes,104722.47,yes,no,35-44,3-5,no,Poor
15675422,544,France,Female,32,9,110728.39,1,yes,yes,14559.62,no,no,25-34,6-10,no,Poor
15681550,614,France,Female,41,8,121558.46,1,yes,yes,598.8,no,no,35-44,6-10,no,Fair
15812628,453,Germany,Female,38,8,120623.21,1,yes,no,129697.99,no,no,35-44,6-10,yes,Poor
15597951,471,France,Female,58,4,114713.57,1,yes,yes,36315.03,no,no,55-64,3-5,no,Poor
15807045,829,Germany,Female,37,3,103457.76,1,no,no,1114.12,no,no,35-44,3-5,yes,Excellent
15581748,754,Germany,Male,57,2,101134.87,2,yes,yes,70954.41,no,no,55-64,1-2,no,Very Good
15770420,749,Germany,Male,46,10,78136.36,2,yes,yes,73470.98,no,no,45-54,6-10,no,Very Good
15608230,667,France,Male,23,1,0.0,2,yes,no,91573.19,no,yes,<25,1-2,no,Fair
15730339,670,Spain,Male,30,3,133446.34,1,no,no,3154.95,no,no,25-34,3-5,yes,Fair
15712584,670,France,Female,33,7,0.0,2,yes,yes,88187.81,no,yes,25-34,6-10,no,Fair
15592816,623,Germany,Female,48,1,108076.33,1,yes,no,118855.26,yes,no,45-54,1-2,yes,Fair
15641480,571,France,Male,32,5,131354.25,1,yes,no,125256.53,no,no,25-34,3-5,yes,Poor
15708505,641,Germany,Female,37,7,62974.64,2,no,yes,39016.43,no,no,35-44,6-10,no,Fair
15791131,551,Germany,Female,30,2,143340.44,1,yes,no,145796.49,no,no,25-34,1-2,yes,Poor
15618225,741,Germany,Male,36,8,116993.43,2,yes,no,168816.22,no,no,35-44,6-10,no,Very Good
15644724,472,France,Male,31,4,58662.92,2,no,yes,73322.0,no,no,25-34,3-5,no,Poor
15662098,650,Spain,Male,41,3,128808.65,3,no,no,113677.53,yes,no,35-44,3-5,no,Fair
15723894,625,France,Male,45,7,137555.44,1,no,no,124607.7,no,no,35-44,6-10,yes,Fair
15787699,650,Germany,Male,34,4,142393.11,1,yes,yes,11276.48,no,no,25-34,3-5,no,Fair
15687738,535,France,Female,38,8,0.0,2,yes,no,136620.64,no,yes,35-44,6-10,no,Poor
15576126,649,France,Female,41,2,125785.23,1,yes,yes,70523.92,no,no,35-44,1-2,no,Fair
15658889,689,France,Male,22,4,136444.25,1,yes,no,51980.25,yes,no,<25,3-5,yes,Good
15667046,694,Spain,Male,38,7,121527.4,1,yes,no,113481.02,no,no,35-44,6-10,yes,Good
15669957,655,Germany,Male,52,9,144696.75,1,yes,yes,49025.79,no,no,45-54,6-10,no,Fair
15655794,620,France,Male,36,8,0.0,2,yes,yes,145937.99,no,yes,35-44,6-10,no,Fair
15599829,577,France,Female,35,10,0.0,2,yes,yes,25161.61,no,yes,25-34,6-10,no,Poor
15753332,401,Germany,Male,48,8,128140.17,1,yes,no,175753.55,yes,no,45-54,6-10,yes,Poor
15671124,599,France,Male,25,6,120383.41,1,yes,yes,24903.09,no,no,<25,6-10,no,Fair
15767474,481,France,Female,57,9,0.0,3,yes,yes,169719.35,yes,yes,55-64,6-10,no,Poor
15720671,704,France,Male,42,8,129735.3,2,yes,yes,179565.57,no,no,35-44,6-10,no,Good
15626787,698,Spain,Female,31,8,185078.26,1,no,no,115337.74,yes,no,25-34,6-10,yes,Good
15774491,480,France,Female,28,6,0.0,2,no,no,48131.92,no,yes,25-34,6-10,no,Poor
15579647,682,France,Male,42,0,0.0,1,yes,yes,160828.98,no,yes,35-44,0,no,Good
15625522,700,Spain,Male,31,7,0.0,2,no,yes,145151.96,no,yes,25-34,6-10,no,Good
15765806,492,France,Male,29,1,144591.96,1,yes,yes,196293.76,no,no,25-34,1-2,no,Poor
15566708,444,France,Female,45,4,0.0,2,yes,no,161653.5,yes,yes,35-44,3-5,no,Poor
15668347,624,France,Male,36,6,0.0,2,no,no,84635.64,no,yes,35-44,6-10,no,Fair
15575214,709,France,Male,37,7,0.0,1,yes,no,159486.76,no,yes,35-44,6-10,yes,Good
15591123,557,Germany,Male,68,2,100194.44,1,yes,yes,38596.34,no,no,65+,1-2,no,Poor
15573280,646,Germany,Male,50,6,145295.31,2,yes,yes,27814.74,no,no,45-54,6-10,no,Fair
15589018,719,Germany,Male,28,3,106070.29,2,yes,yes,183893.31,no,no,25-34,3-5,no,Good
15654495,706,Germany,Female,47,6,120621.89,1,yes,yes,140803.7,no,no,45-54,6-10,no,Good
15597265,660,France,Male,38,7,0.0,2,no,yes,146585.53,no,yes,35-44,6-10,no,Fair
15733876,667,France,Male,36,9,0.0,2,yes,yes,40062.29,no,yes,35-44,6-10,no,Fair
15677217,705,France,Male,30,1,0.0,1,yes,yes,181300.32,no,yes,25-34,1-2,no,Good
15747265,598,Germany,Female,27,10,171283.91,1,yes,yes,84136.12,no,no,25-34,6-10,no,Fair
15713379,669,France,Male,26,4,0.0,2,yes,yes,197594.34,no,yes,25-34,3-5,no,Fair
15730433,580,Germany,Female,38,1,128218.47,1,yes,no,125953.83,yes,no,35-44,1-2,yes,Poor
15693347,676,France,Female,32,5,0.0,2,yes,yes,75465.41,no,yes,25-34,3-5,no,Good
15715465,714,Germany,Male,28,7,77776.39,1,yes,no,177737.07,no,no,25-34,6-10,yes,Good
15680736,597,Germany,Female,72,6,124978.19,2,yes,yes,7144.46,no,no,65+,6-10,no,Fair
15610765,559,France,Male,29,1,0.0,2,no,no,155639.76,no,yes,25-34,1-2,no,Poor
15650034,564,France,Female,28,1,0.0,1,yes,yes,162428.05,no,yes,25-34,1-2,no,Poor
15782468,850,Spain,Male,51,3,109799.55,2,yes,yes,12457.76,yes,no,45-54,3-5,no,Excellent
15685109,689,France,Male,39,7,0.0,2,no,no,14917.09,no,yes,35-44,6-10,no,Good
15776233,758,Germany,Female,61,8,125397.21,1,yes,no,182184.09,yes,no,55-64,6-10,yes,Very Good
15761141,604,Spain,Female,71,10,0.0,2,yes,yes,129984.2,no,yes,65+,6-10,no,Fair
15781702,733,Germany,Male,38,9,111347.37,2,no,yes,194872.97,no,no,35-44,6-10,no,Good
15790235,778,Spain,Male,40,8,104291.41,2,yes,yes,117507.11,no,no,35-44,6-10,no,Very Good
15641416,732,Germany,Female,61,9,94867.18,2,yes,yes,157527.6,yes,no,55-64,6-10,no,Good
15775234,646,France,Male,24,8,0.0,2,no,no,92612.88,no,yes,<25,6-10,no,Fair
15659475,597,France,Female,33,6,135703.59,2,no,no,74850.84,no,no,25-34,6-10,no,Fair
15642202,821,Germany,Female,37,5,106453.53,2,no,yes,127413.0,no,no,35-44,3-5,no,Excellent
15771417,640,France,Male,43,7,132412.38,1,no,no,69584.3,yes,no,35-44,6-10,yes,Fair
15585100,511,Germany,Female,40,9,124401.6,1,yes,no,198814.24,yes,no,35-44,6-10,yes,Poor
15700487,805,France,Male,46,6,118022.06,3,yes,no,162643.15,yes,no,45-54,6-10,no,Excellent
15726589,540,Germany,Male,39,1,82531.11,1,yes,no,114092.52,no,no,35-44,1-2,yes,Poor
15747503,705,Spain,Male,44,0,184552.12,1,yes,no,68860.3,yes,no,35-44,0,yes,Good
15595883,540,Germany,Male,39,4,127278.31,1,yes,yes,16150.34,no,no,35-44,3-5,no,Poor
15663826,532,Spain,Female,66,3,0.0,1,yes,yes,115227.02,no,yes,65+,3-5,no,Poor
15742820,535,France,Female,45,2,0.0,2,no,yes,170621.55,no,yes,35-44,1-2,no,Poor
15624793,627,Germany,Male,23,5,184244.86,1,yes,no,103099.22,no,no,<25,3-5,yes,Fair
15597930,646,France,Male,52,8,59669.43,1,no,no,172495.81,yes,no,45-54,6-10,yes,Fair
15665110,515,France,Female,25,7,79543.59,1,no,yes,38772.82,no,no,<25,6-10,no,Poor
15770719,697,France,Female,39,6,151553.19,1,yes,yes,44946.29,no,no,35-44,6-10,no,Good
15731327,652,Germany,Male,27,2,166527.88,2,no,yes,146007.7,no,no,25-34,1-2,no,Fair
15576044,579,Germany,Male,28,6,150329.15,1,yes,no,145558.42,no,no,25-34,6-10,yes,Poor
15775662,760,France,Male,43,8,121911.59,1,yes,no,193312.33,no,no,35-44,6-10,yes,Very Good
15646817,769,France,Male,51,9,156773.78,2,yes,no,40257.79,no,no,45-54,6-10,no,Very Good
15596060,498,Spain,Male,29,8,127864.26,1,yes,yes,46677.9,no,no,25-34,6-10,no,Poor
15723299,774,France,Male,53,4,113709.28,1,yes,yes,153887.93,yes,no,45-54,3-5,no,Very Good
15636982,705,Germany,Female,43,7,79974.55,1,yes,yes,103108.33,no,no,35-44,6-10,no,Good
15751175,648,France,Female,44,2,0.0,2,yes,yes,58652.23,no,yes,35-44,1-2,no,Fair
15618936,688,France,Female,51,5,0.0,1,yes,no,91624.11,yes,yes,45-54,3-5,yes,Good
15787529,592,Spain,Male,38,0,0.0,1,yes,no,65986.48,yes,yes,35-44,0,yes,Fair
15780128,705,France,Male,33,3,144427.96,2,yes,no,113845.19,no,no,25-34,3-5,no,Good
15615991,654,France,Male,42,7,99263.09,1,yes,yes,67607.9,no,no,35-44,6-10,no,Fair
15757001,624,France,Female,32,2,79368.87,2,yes,yes,145471.94,no,no,25-34,1-2,no,Fair
15595388,594,France,Female,30,10,0.0,2,yes,yes,124071.71,no,yes,25-34,6-10,no,Fair
15699550,695,Spain,Female,34,9,0.0,2,yes,yes,67502.12,no,yes,25-34,6-10,no,Good
15581620,597,France,Male,28,2,0.0,3,yes,yes,78707.97,no,yes,25-34,1-2,no,Fair
15600934,758,France,Female,52,7,125095.94,1,yes,no,171189.83,yes,no,45-54,6-10,yes,Very Good
15738672,737,Germany,Female,40,2,162485.8,2,yes,no,149381.32,no,no,35-44,1-2,no,Good
15721307,694,Germany,Male,37,1,95668.82,2,yes,no,100335.55,no,no,35-44,1-2,no,Good
15619280,683,France,Male,25,4,0.0,2,yes,no,152698.24,no,yes,<25,3-5,no,Good
15768244,538,Spain,Female,30,8,0.0,2,yes,yes,41192.95,no,yes,25-34,6-10,no,Poor
15806837,669,France,Male,37,4,0.0,1,yes,no,132540.33,no,yes,35-44,3-5,yes,Fair
15643496,730,France,Female,34,5,74197.38,2,yes,no,96875.52,no,no,25-34,3-5,no,Good
15813916,622,France,Female,31,1,89688.94,1,yes,yes,152305.47,no,no,25-34,1-2,no,Fair
15626385,714,Spain,Female,33,10,103121.33,2,yes,yes,49672.01,no,no,25-34,6-10,no,Good
15603582,569,Spain,Female,34,3,0.0,1,yes,no,133997.53,no,yes,25-34,3-5,yes,Poor
15764351,668,Germany,Female,59,5,120170.07,1,no,yes,50454.8,no,no,55-64,3-5,no,Fair
15667938,628,France,Male,32,9,149136.31,2,yes,yes,16402.11,no,no,25-34,6-10,no,Fair
15576360,600,France,Male,40,1,141136.79,1,yes,yes,67803.83,no,no,35-44,1-2,no,Fair
15628813,693,France,Female,43,4,152341.55,1,yes,no,9241.78,no,no,35-44,3-5,yes,Good
15584190,704,France,Male,36,7,120026.98,2,no,yes,100601.73,no,no,35-44,6-10,no,Good
15716449,527,Spain,Male,33,9,132168.28,1,no,no,98734.15,no,no,25-34,6-10,yes,Poor
15759913,553,Germany,Male,43,6,85200.82,2,yes,yes,160574.09,no,no,35-44,6-10,no,Poor
15701555,575,Spain,Male,53,1,84903.33,2,no,yes,26015.8,no,no,45-54,1-2,no,Poor
15758482,626,France,Female,32,0,0.0,2,no,no,187172.54,no,yes,25-34,0,no,Fair
15758171,582,France,Male,20,4,0.0,1,yes,yes,55763.66,no,yes,<25,3-5,no,Fair
15680346,683,Spain,Male,40,8,0.0,1,yes,no,75848.22,no,yes,35-44,6-10,yes,Good
15649124,850,France,Male,30,9,121535.18,1,no,no,40313.47,no,no,25-34,6-10,yes,Excellent
15812917,653,Spain,Male,35,6,116662.96,2,yes,yes,23864.21,no,no,25-34,6-10,no,Fair
15768455,679,France,Male,60,8,0.0,2,yes,yes,51380.9,no,yes,55-64,6-10,no,Good
15703059,549,Germany,Female,49,6,124829.16,1,no,yes,93551.36,no,no,45-54,6-10,no,Poor
15646196,850,Spain,Female,36,2,155180.56,2,no,no,169415.54,no,no,35-44,1-2,no,Excellent
15585451,558,Germany,Female,32,1,108262.87,1,yes,yes,6935.31,no,no,25-34,1-2,no,Poor
15714057,528,Spain,Male,40,4,0.0,2,yes,no,25399.7,no,yes,35-44,3-5,no,Poor
15748473,801,France,Male,38,5,0.0,2,yes,no,66256.27,no,yes,35-44,3-5,no,Excellent
15785782,513,Spain,Male,48,2,0.0,1,yes,yes,114709.13,yes,yes,45-54,1-2,no,Poor
15693233,666,Germany,Male,38,6,99812.88,2,yes,yes,158357.97,no,no,35-44,6-10,no,Fair
15757521,606,France,Male,35,2,132164.26,1,no,yes,164815.59,no,no,25-34,1-2,no,Fair
15812513,599,Germany,Male,45,10,103583.05,1,yes,no,132127.69,yes,no,35-44,6-10,yes,Fair
15674950,544,Germany,Male,39,4,142406.43,2,yes,no,146637.45,no,no,35-44,3-5,no,Poor
15678572,529,Spain,Male,38,7,99842.5,2,yes,no,90256.06,yes,no,35-44,6-10,no,Poor
15713608,850,France,Female,41,5,0.0,2,yes,yes,34827.43,no,yes,35-44,3-5,no,Excellent
15579262,497,France,Male,41,9,0.0,1,no,no,22074.48,no,yes,35-44,6-10,yes,Poor
15610426,764,France,Female,39,5,81042.42,1,no,yes,109805.17,no,no,35-44,3-5,no,Very Good
15776454,603,France,Female,48,5,0.0,1,yes,no,100478.6,yes,yes,45-54,3-5,yes,Fair
15771483,609,France,Male,40,6,0.0,2,yes,yes,97416.34,no,yes,35-44,6-10,no,Fair
15648489,487,France,Male,53,4,199689.49,1,yes,yes,24207.86,yes,no,45-54,3-5,no,Poor
15646609,748,France,Male,33,1,142645.43,1,no,no,69132.66,no,no,25-34,1-2,yes,Very Good
15693203,710,Spain,Female,75,5,0.0,2,yes,yes,9376.89,no,yes,65+,3-5,no,Good
15813067,432,Germany,Female,45,3,110219.14,1,yes,no,43046.7,yes,no,35-44,3-5,yes,Poor
15769829,534,Spain,Male,51,3,0.0,2,no,yes,20856.31,no,yes,45-54,3-5,no,Poor
15662434,607,France,Male,25,3,0.0,2,no,no,187048.72,no,yes,<25,3-5,no,Fair
15773503,551,Spain,Male,32,4,0.0,2,yes,no,53420.53,no,yes,25-34,3-5,no,Poor
15705890,674,France,Male,45,7,142072.02,1,yes,no,37013.29,no,no,35-44,6-10,yes,Good
15711398,525,France,Female,25,6,0.0,2,yes,no,89566.64,no,yes,<25,6-10,no,Poor
15752375,645,Germany,Male,33,8,149564.61,1,no,no,149913.84,no,no,25-34,6-10,yes,Fair
15659175,755,France,Female,43,9,0.0,2,yes,no,18066.69,no,yes,35-44,6-10,no,Very Good
15597033,708,Germany,Male,37,8,153366.13,1,yes,yes,26912.34,no,no,35-44,6-10,no,Good
15590228,715,France,Male,21,6,76467.16,1,yes,yes,173511.72,no,no,<25,6-10,no,Good
15631848,727,France,Female,26,9,121508.28,1,yes,yes,146785.44,no,no,25-34,6-10,no,Good
15654211,559,Spain,Female,27,1,0.0,1,no,yes,1050.33,no,yes,25-34,1-2,no,Poor
15707968,545,Spain,Male,36,8,73211.12,2,yes,no,89587.34,yes,no,35-44,6-10,no,Poor
15594084,524,France,Male,22,9,0.0,2,yes,no,74405.34,no,yes,<25,6-10,no,Poor
15651093,707,France,Female,55,1,0.0,2,no,yes,54409.48,no,yes,45-54,1-2,no,Good
15798824,671,Spain,Male,38,0,92674.94,2,yes,no,3647.57,no,no,35-44,0,no,Good
15671591,439,Spain,Male,52,3,96196.24,4,yes,no,198874.52,yes,no,45-54,3-5,no,Poor
15707189,667,Germany,Female,36,1,114391.62,1,yes,yes,53412.54,no,no,35-44,1-2,no,Fair
15733581,831,Germany,Male,32,9,80262.66,1,yes,no,194867.78,no,no,25-34,6-10,yes,Excellent
15641640,545,Spain,Female,33,7,173331.52,1,yes,no,150452.88,no,no,25-34,6-10,yes,Poor
15585284,604,Spain,Female,35,7,147285.52,1,yes,yes,57807.05,no,no,25-34,6-10,no,Fair
15617866,657,Spain,Male,67,5,119785.47,2,yes,yes,107534.32,no,no,65+,3-5,no,Fair
15667751,487,Spain,Female,36,1,140137.15,1,yes,no,194073.33,no,no,35-44,1-2,yes,Poor
15669411,750,Germany,Female,52,6,107467.56,1,yes,no,126233.18,yes,no,45-54,6-10,yes,Very Good
15789425,694,Germany,Female,37,8,98218.04,2,yes,no,182354.46,yes,no,35-44,6-10,no,Good
15570943,711,Germany,Female,35,2,133607.75,1,yes,yes,120586.32,no,no,25-34,1-2,no,Good
15685829,551,France,Male,37,3,0.0,2,yes,yes,50578.4,no,yes,35-44,3-5,no,Poor
15721917,559,France,Female,38,8,95139.41,1,yes,yes,86575.46,no,no,35-44,6-10,no,Poor
15776047,620,France,Female,29,3,0.0,2,no,yes,153392.28,no,yes,25-34,3-5,no,Fair
15716024,660,Spain,Male,42,5,0.0,2,yes,no,115509.59,no,yes,35-44,3-5,no,Fair
15675328,449,France,Female,37,6,0.0,2,yes,no,82176.48,no,yes,35-44,6-10,no,Poor
15604314,703,Germany,Female,26,1,97331.19,1,yes,no,63717.49,no,no,25-34,1-2,yes,Good
15658339,795,Germany,Male,37,2,139265.63,2,yes,yes,198745.94,no,no,35-44,1-2,no,Very Good
15630402,594,France,Female,31,9,0.0,1,no,yes,5719.11,no,yes,25-34,6-10,no,Fair
15689616,586,Spain,Male,34,5,168094.01,1,no,no,20058.61,no,no,25-34,3-5,yes,Fair
15774224,613,Germany,Female,30,5,131563.88,2,yes,no,170638.98,no,no,25-34,3-5,no,Fair
15701291,601,France,Male,44,3,0.0,2,yes,no,30607.11,no,yes,35-44,3-5,no,Fair
15719606,657,France,Male,50,9,0.0,2,no,no,37171.46,no,yes,45-54,6-10,no,Fair
15644119,531,France,Male,31,3,0.0,1,yes,yes,42589.33,no,yes,25-34,3-5,no,Poor
15646859,621,Germany,Male,47,7,107363.29,1,yes,yes,66799.28,no,no,45-54,6-10,no,Fair
15606836,782,France,Female,33,2,94493.03,1,no,yes,101866.39,no,no,25-34,1-2,no,Very Good
15664150,528,Germany,Female,29,9,170214.23,2,yes,no,49284.0,no,no,25-34,6-10,no,Poor
15624510,696,France,Male,52,6,139781.06,1,yes,no,27445.4,yes,no,45-54,6-10,yes,Good
15810944,586,France,Female,35,7,0.0,2,yes,no,70760.69,no,yes,25-34,6-10,no,Fair
15668575,626,Spain,Female,26,8,148610.41,3,no,yes,104502.02,yes,no,25-34,6-10,no,Fair
15603246,498,France,Male,73,2,170241.7,2,yes,yes,165407.96,no,no,65+,1-2,no,Poor
15804002,691,France,Female,33,1,128306.83,1,yes,yes,113580.79,no,no,25-34,1-2,no,Good
15728773,568,France,Female,47,7,0.0,2,yes,yes,45978.39,no,yes,45-54,6-10,no,Poor
15598044,715,France,Female,35,3,0.0,1,yes,yes,152012.36,no,yes,25-34,3-5,no,Good
15694829,680,Germany,Male,32,7,175454.0,1,no,yes,77349.92,no,no,25-34,6-10,no,Good
15600575,802,Spain,Male,41,6,0.0,2,yes,no,47322.05,no,yes,35-44,6-10,no,Excellent
15727311,539,France,Female,22,0,100885.93,2,yes,yes,38772.65,no,no,<25,0,no,Poor
15570769,494,France,Male,69,9,93320.8,1,yes,yes,24489.44,no,no,65+,6-10,no,Poor
15606274,594,Germany,Male,38,6,63176.44,2,yes,yes,14466.08,no,no,35-44,6-10,no,Fair
15746139,596,France,Male,33,2,139451.67,1,no,no,63142.12,no,no,25-34,1-2,yes,Fair
15704987,649,France,Female,52,8,49113.75,1,yes,no,41858.43,no,no,45-54,6-10,yes,Fair
15628972,699,Germany,Male,32,1,123906.22,3,yes,yes,127443.82,yes,no,25-34,1-2,no,Good
15697686,787,France,Female,40,6,0.0,2,yes,yes,84151.98,no,yes,35-44,6-10,no,Very Good
15733883,604,France,Male,28,7,0.0,2,no,no,58595.64,no,yes,25-34,6-10,no,Fair
15617482,489,Germany,Female,52,1,131441.51,1,yes,no,37240.11,yes,no,45-54,1-2,yes,Poor
15704583,651,France,Male,56,2,0.0,1,yes,no,114522.68,yes,yes,55-64,1-2,yes,Fair
15621083,698,France,Male,57,6,136325.48,2,yes,yes,72549.27,yes,no,55-64,6-10,no,Good
15649487,578,Germany,Female,38,4,113150.44,2,yes,no,176712.59,yes,no,35-44,3-5,no,Poor
15736760,538,Spain,Female,42,9,0.0,1,no,no,152855.96,no,yes,35-44,6-10,yes,Poor
15714658,696,France,Female,33,4,0.0,2,yes,yes,73371.65,no,yes,25-34,3-5,no,Good
15599081,507,Germany,Female,46,8,102785.16,1,yes,yes,70323.68,no,no,45-54,6-10,no,Poor
15705113,685,Spain,Male,34,6,83264.28,1,no,no,9663.28,no,no,25-34,6-10,yes,Good
15631159,705,Germany,Male,41,4,72252.64,2,yes,yes,142514.66,no,no,35-44,3-5,no,Good
15792818,499,Germany,Female,29,6,148051.52,1,yes,no,118623.94,no,no,25-34,6-10,yes,Poor
15633531,717,France,Female,76,9,138489.66,1,yes,yes,68400.14,no,no,65+,6-10,no,Good
15744529,510,France,Male,63,8,0.0,2,yes,yes,115291.86,no,yes,55-64,6-10,no,Poor
15669656,632,France,Male,32,6,111589.33,1,yes,yes,170382.99,no,no,25-34,6-10,no,Fair
15581198,668,Germany,Female,39,0,122104.79,1,yes,no,112946.67,yes,no,35-44,0,yes,Fair
15729054,744,Germany,Male,32,4,96106.83,1,yes,yes,79812.77,no,no,25-34,3-5,no,Very Good
15573452,663,Germany,Male,42,7,115930.87,1,yes,no,19862.78,no,no,35-44,6-10,yes,Fair
15776733,638,Germany,Female,37,7,124513.66,2,yes,no,158610.89,no,no,35-44,6-10,no,Fair
15724858,688,France,Female,54,9,0.0,1,yes,no,191212.63,yes,yes,45-54,6-10,yes,Good
15713144,588,Spain,Male,46,8,0.0,1,yes,no,61931.21,no,yes,45-54,6-10,yes,Fair
15690188,631,France,Male,33,7,0.0,1,yes,yes,58043.02,yes,yes,25-34,6-10,no,Fair
15689425,687,Spain,Male,35,8,100988.39,2,yes,no,22247.27,no,no,25-34,6-10,no,Good
15671766,599,France,Male,44,10,118577.24,1,yes,yes,31448.52,no,no,35-44,6-10,no,Fair
15782806,718,Spain,Male,28,6,0.0,2,yes,no,146875.86,no,yes,25-34,6-10,no,Good
15764419,730,France,Male,27,5,0.0,2,yes,yes,116081.93,no,yes,25-34,3-5,no,Good
15591915,533,France,Female,39,2,0.0,1,no,yes,73669.94,yes,yes,35-44,1-2,no,Poor
15772798,711,Spain,Female,28,5,0.0,2,yes,yes,93959.96,no,yes,25-34,3-5,no,Good
15792008,555,Spain,Female,26,9,0.0,2,no,yes,158918.03,no,yes,25-34,6-10,no,Poor
15715541,850,France,Female,42,9,113311.11,1,yes,yes,198193.75,no,no,35-44,6-10,no,Excellent
15639277,678,France,Female,41,9,0.0,1,no,no,13160.03,no,yes,35-44,6-10,yes,Good
15798850,576,France,Male,32,7,0.0,2,yes,no,4660.91,no,yes,25-34,6-10,no,Poor
15776348,835,Germany,Male,20,4,124365.42,1,no,no,180197.74,yes,no,<25,3-5,yes,Excellent
15727696,592,France,Male,42,1,147249.29,2,yes,yes,63023.02,no,no,35-44,1-2,no,Fair
15793813,774,France,Male,36,7,103688.19,1,no,yes,118971.74,no,no,35-44,6-10,no,Very Good
15694395,620,France,Female,29,1,138740.24,2,no,no,154700.61,no,no,25-34,1-2,no,Fair
15764195,519,Spain,Male,39,4,111900.14,1,yes,yes,97577.17,no,no,35-44,3-5,no,Poor
15744919,734,Spain,Female,37,0,152760.24,1,yes,yes,48990.5,no,no,35-44,0,no,Good
15671655,763,Germany,Male,31,7,143966.3,2,yes,yes,140262.96,yes,no,25-34,6-10,no,Very Good
15654901,733,France,Male,51,10,141556.96,1,yes,no,130189.53,no,no,45-54,6-10,yes,Good
15649136,650,France,Female,43,6,0.0,2,yes,yes,16301.91,no,yes,35-44,6-10,no,Fair
15775562,538,France,Female,33,5,0.0,2,yes,no,126962.41,no,yes,25-34,3-5,no,Poor
15807481,577,France,Female,46,1,0.0,1,yes,yes,158750.53,no,yes,45-54,1-2,no,Poor
15642885,792,France,Male,30,8,0.0,2,yes,no,199644.2,no,yes,25-34,6-10,no,Very Good
15789109,686,France,Female,41,10,0.0,1,yes,yes,144272.71,yes,yes,35-44,6-10,no,Good
15814004,589,France,Male,29,2,0.0,2,no,yes,98320.27,no,yes,25-34,1-2,no,Fair
15673619,530,France,Male,25,9,162560.32,1,yes,no,64129.03,no,no,<25,6-10,yes,Poor
15595135,778,Germany,Female,29,7,123229.46,1,yes,no,181221.09,no,no,25-34,6-10,yes,Very Good
15583681,616,Spain,Male,31,7,76665.71,2,yes,yes,163809.08,no,no,25-34,6-10,no,Fair
15605000,550,France,Male,38,9,140278.99,3,yes,yes,171457.06,yes,no,35-44,6-10,no,Poor
15718071,655,France,Female,51,3,0.0,2,no,yes,15801.02,no,yes,45-54,3-5,no,Fair
15679760,721,France,Male,46,1,115764.32,2,no,no,102950.79,no,no,45-54,1-2,no,Good
15654574,499,Germany,Male,36,5,131142.53,2,yes,no,174918.46,no,no,35-44,3-5,no,Poor
15577178,511,France,Male,45,5,68375.27,1,yes,no,193160.25,yes,no,35-44,3-5,yes,Poor
15595324,579,Germany,Female,39,5,117833.3,3,no,no,5831.0,yes,no,35-44,3-5,no,Poor
15756932,696,Spain,Female,36,7,0.0,2,yes,yes,82298.59,no,yes,35-44,6-10,no,Good
15726358,681,France,Male,34,7,0.0,2,no,no,130686.59,no,yes,25-34,6-10,no,Good
15595228,815,France,Male,45,7,0.0,1,no,yes,52885.23,yes,yes,35-44,6-10,no,Excellent
15782530,681,Spain,Male,30,2,111093.01,1,yes,no,68985.99,no,no,25-34,1-2,yes,Good
15592877,641,Spain,Male,42,9,132657.55,1,yes,no,35367.19,no,no,35-44,6-10,yes,Fair
15651983,591,France,Female,56,9,128882.49,1,yes,yes,196241.94,yes,no,55-64,6-10,no,Fair
15746737,565,Germany,Male,59,9,69129.59,1,yes,yes,170705.53,no,no,55-64,6-10,no,Poor
15774179,487,France,Male,37,6,0.0,2,yes,yes,126477.41,no,yes,35-44,6-10,no,Poor
15667265,729,France,Male,39,4,121404.64,1,yes,yes,159618.17,no,no,35-44,3-5,no,Good
15655123,505,Spain,Female,45,9,131355.3,3,yes,no,195395.33,yes,no,35-44,6-10,no,Poor
15595917,580,France,Female,35,1,102097.33,1,no,yes,168285.85,no,no,25-34,1-2,no,Poor
15668385,642,France,Male,40,1,154863.15,1,yes,yes,138052.51,no,no,35-44,1-2,no,Fair
15709476,850,Spain,Female,41,3,99945.93,2,yes,no,71179.31,no,no,35-44,3-5,no,Excellent
15711218,616,Germany,Male,39,2,121704.32,2,yes,no,55556.3,no,no,35-44,1-2,no,Fair
15798659,526,Spain,Female,43,3,0.0,2,yes,no,31705.19,no,yes,35-44,3-5,no,Poor
15663939,523,Germany,Male,35,8,138782.76,1,yes,yes,186118.93,no,no,25-34,6-10,no,Poor
15694946,663,France,Male,35,9,0.0,2,yes,yes,195580.28,no,yes,25-34,6-10,no,Fair
15631912,840,France,Male,30,8,136291.71,1,yes,no,54113.38,no,no,25-34,6-10,yes,Excellent
15768816,570,Germany,Male,42,0,107856.57,2,yes,no,127528.84,no,no,35-44,0,no,Poor
15682268,676,Germany,Female,26,1,108348.66,1,no,no,60231.74,yes,no,25-34,1-2,yes,Good
15684801,689,France,Male,47,1,93871.95,3,yes,no,156878.42,yes,no,45-54,1-2,no,Good
15636428,703,Spain,Female,45,1,0.0,1,yes,no,182784.11,yes,yes,35-44,1-2,yes,Good
15809823,491,Germany,Male,19,2,125860.2,1,no,no,129690.5,no,no,<25,1-2,yes,Poor
15699284,584,France,Male,49,8,172713.44,1,yes,no,113860.81,no,no,45-54,6-10,yes,Fair
15786993,810,France,Female,51,5,0.0,2,no,yes,184524.74,no,yes,45-54,3-5,no,Excellent
15709441,745,Spain,Female,59,8,0.0,1,yes,yes,36124.98,no,yes,55-64,6-10,no,Very Good
15710257,625,France,Female,39,3,130786.92,1,no,yes,121316.07,no,no,35-44,3-5,no,Fair
15582492,535,France,Female,29,2,112367.34,1,yes,no,185630.76,no,no,25-34,1-2,yes,Poor
15575694,729,Spain,Female,45,7,91091.06,2,yes,no,71133.12,no,no,35-44,6-10,no,Good
15756820,655,France,Female,26,7,106198.5,1,no,yes,32020.42,no,no,25-34,6-10,no,Fair
15766289,751,France,Male,47,5,142669.93,2,yes,no,162760.96,no,no,45-54,3-5,no,Very Good
15593014,525,France,Male,33,1,112833.35,1,no,yes,175178.56,no,no,25-34,1-2,no,Poor
15584545,532,France,Female,40,5,0.0,2,no,yes,177099.71,no,yes,35-44,3-5,no,Poor
15675949,696,Spain,Female,43,4,0.0,2,yes,yes,66406.37,no,yes,35-44,3-5,no,Good
15672091,786,Germany,Female,32,2,104336.43,2,no,no,59559.81,no,no,25-34,1-2,no,Very Good
15801658,580,France,Male,55,6,104305.74,1,no,yes,175750.21,no,no,45-54,6-10,no,Poor
15706185,596,Germany,Male,47,5,140187.1,2,yes,yes,174311.3,no,no,45-54,3-5,no,Fair
15789863,683,France,Male,39,4,0.0,2,yes,no,171716.81,no,yes,35-44,3-5,no,Good
15720943,747,France,Female,45,1,114959.12,1,yes,no,189362.39,yes,no,35-44,1-2,yes,Very Good
15697997,602,France,Male,33,5,164704.38,1,no,yes,180716.1,yes,no,25-34,3-5,no,Fair
15665416,779,France,Male,62,10,119096.55,1,no,yes,116977.89,no,no,55-64,6-10,no,Very Good
15660200,551,France,Male,31,1,0.0,2,yes,yes,185105.44,no,yes,25-34,1-2,no,Poor
15619653,666,France,Male,47,2,0.0,1,yes,no,35046.97,yes,yes,45-54,1-2,yes,Fair
15773447,526,Spain,Male,30,8,0.0,1,yes,no,36251.0,no,yes,25-34,6-10,yes,Poor
15739160,849,France,Female,41,9,115465.28,1,yes,no,103174.5,no,no,35-44,6-10,yes,Excellent
15689237,471,France,Female,27,4,0.0,2,yes,no,122642.09,no,yes,25-34,3-5,no,Poor
15679297,628,Spain,Male,43,3,184926.61,1,yes,no,122937.57,no,no,35-44,3-5,yes,Fair
15591433,674,Germany,Male,43,8,85957.88,2,yes,no,8757.39,no,no,35-44,6-10,no,Good
15642725,797,France,Male,32,10,114084.6,1,no,yes,125782.29,no,no,25-34,6-10,no,Very Good
15701962,590,Spain,Female,29,2,166930.76,2,yes,no,122487.73,no,no,25-34,1-2,no,Fair
15811613,588,France,Female,27,8,0.0,1,yes,no,20066.38,no,yes,25-34,6-10,yes,Fair
15741049,577,France,Male,29,7,0.0,2,yes,yes,55473.15,no,yes,25-34,6-10,no,Poor
15724423,571,France,Female,38,6,107193.82,2,no,no,38962.94,no,no,35-44,6-10,no,Poor
15574305,680,France,Male,36,3,116275.12,1,yes,yes,63795.8,no,no,35-44,3-5,no,Good
15678168,648,Spain,Female,27,7,0.0,2,yes,yes,163060.43,no,yes,25-34,6-10,no,Fair
15697020,618,France,Male,39,2,91068.56,1,yes,no,26578.69,no,no,35-44,1-2,yes,Fair
15610801,648,Germany,Male,41,5,123049.21,1,no,yes,5066.76,no,no,35-44,3-5,no,Fair
15745232,759,France,Female,39,6,0.0,2,yes,yes,140497.67,no,yes,35-44,6-10,no,Very Good
15722758,585,France,Male,40,7,0.0,2,no,no,146156.98,no,yes,35-44,6-10,no,Fair
15792102,774,France,Female,42,3,137781.65,1,no,no,199316.19,no,no,35-44,3-5,yes,Very Good
15675185,697,Germany,Female,48,2,108128.96,2,yes,yes,103944.37,no,no,45-54,1-2,no,Good
15801247,605,Spain,Male,39,10,105317.73,2,yes,no,138021.36,no,no,35-44,6-10,no,Fair
15725660,676,France,Male,20,1,80569.73,1,no,no,68621.98,no,no,<25,1-2,yes,Good
15638963,678,France,Female,22,4,174852.89,1,yes,yes,28149.06,no,no,<25,3-5,no,Good
15800061,495,Spain,Female,45,3,89158.94,3,yes,no,135169.76,yes,no,35-44,3-5,no,Poor
15578006,787,France,Female,85,10,0.0,2,yes,yes,116537.96,no,yes,65+,6-10,no,Very Good
15668504,770,France,Male,36,2,89800.14,1,yes,yes,105922.69,no,no,35-44,1-2,no,Very Good
15687491,817,Germany,Male,45,9,101207.75,1,no,no,88211.12,yes,no,35-44,6-10,yes,Excellent
15610403,659,France,Male,43,1,106086.42,2,yes,no,26900.63,no,no,35-44,1-2,no,Fair
15741094,693,France,Male,21,1,0.0,2,yes,yes,3494.02,no,yes,<25,1-2,no,Good
15807909,744,France,Male,47,9,0.0,2,yes,no,113163.17,no,yes,45-54,6-10,no,Very Good
15666141,829,Spain,Female,26,8,101440.36,2,yes,yes,19324.5,no,no,25-34,6-10,no,Excellent
15617134,716,France,Male,38,4,0.0,2,yes,no,189678.7,no,yes,35-44,3-5,no,Good
15783029,671,France,Male,34,7,106603.74,2,yes,yes,26387.71,no,no,25-34,6-10,no,Good
15622833,835,Germany,Female,29,10,130420.2,2,no,no,106276.55,no,no,25-34,6-10,no,Excellent
15746422,636,France,Female,38,1,0.0,1,yes,no,45015.38,no,yes,35-44,1-2,yes,Fair
15750839,649,Spain,Male,29,2,45022.23,1,yes,yes,173495.77,no,no,25-34,1-2,no,Fair
15749130,621,Germany,Male,27,1,74298.43,1,yes,yes,52581.96,no,no,25-34,1-2,no,Fair
15779862,658,Germany,Female,31,3,133003.03,1,no,yes,146339.27,yes,no,25-34,3-5,no,Fair
15767871,784,Spain,Male,48,7,0.0,2,yes,yes,182609.97,no,yes,45-54,6-10,no,Very Good
15679651,783,Spain,Female,37,1,136689.66,1,yes,no,197890.65,no,no,35-44,1-2,yes,Very Good
15576219,615,France,Male,32,4,0.0,2,yes,yes,6225.63,no,yes,25-34,3-5,no,Fair
15699247,791,France,Female,44,5,0.0,2,yes,yes,123977.86,yes,yes,35-44,3-5,no,Very Good
15619087,762,France,Male,53,1,102520.37,1,yes,yes,170195.4,no,no,45-54,1-2,no,Very Good
15605327,607,France,Male,35,2,0.0,2,yes,yes,114190.3,no,yes,25-34,1-2,no,Fair
15610140,601,France,Female,34,5,0.0,2,yes,no,27022.57,no,yes,25-34,3-5,no,Fair
15791174,540,Spain,Male,67,1,88382.01,1,no,yes,59457.0,no,no,65+,1-2,no,Poor
15602373,812,France,Male,44,4,115049.15,2,yes,no,165038.41,no,no,35-44,3-5,no,Excellent
15762605,685,France,Male,58,1,104796.54,1,yes,yes,154181.41,no,no,55-64,1-2,no,Good
15598840,680,France,Male,33,1,123082.08,1,yes,no,134960.98,no,no,25-34,1-2,yes,Good
15744279,680,Spain,Female,58,8,0.0,2,yes,yes,65708.5,no,yes,55-64,6-10,no,Good
15670619,631,France,Female,33,8,0.0,2,no,no,117374.22,no,yes,25-34,6-10,no,Fair
15599533,569,France,Female,43,7,0.0,2,yes,yes,77703.19,no,yes,35-44,6-10,no,Poor
15757837,584,Germany,Male,33,3,88311.48,2,yes,yes,177651.38,no,no,25-34,3-5,no,Fair
15697574,582,France,Female,40,9,0.0,3,yes,yes,60954.45,no,yes,35-44,6-10,no,Fair
15578738,609,France,Male,32,7,71872.19,1,yes,yes,151924.9,no,no,25-34,6-10,no,Fair
15762228,506,Spain,Male,35,6,110046.93,2,yes,no,26318.73,no,no,25-34,6-10,no,Poor
15614827,503,France,Male,42,8,104430.08,1,yes,yes,147557.71,no,no,35-44,6-10,no,Poor
15789815,503,France,Female,28,5,0.0,2,yes,no,125918.17,no,yes,25-34,3-5,no,Poor
15579781,806,Germany,Male,31,10,138653.51,1,yes,no,190803.37,no,no,25-34,6-10,yes,Excellent
15587013,653,France,Female,31,7,102575.04,1,yes,yes,11043.54,no,no,25-34,6-10,no,Fair
15570932,666,France,Male,43,7,137780.74,2,yes,yes,119100.05,yes,no,35-44,6-10,no,Fair
15794661,674,Spain,Male,32,2,0.0,2,yes,no,140579.17,no,yes,25-34,1-2,no,Good
15581654,798,France,Male,32,7,0.0,2,no,yes,37731.95,no,yes,25-34,6-10,no,Very Good
15644296,740,France,Female,30,8,105209.54,1,yes,no,1852.58,no,no,25-34,6-10,yes,Good
15614420,531,Germany,Female,32,0,109570.21,2,yes,yes,172049.84,no,no,25-34,0,no,Poor
15609653,614,Germany,Female,44,6,118715.86,1,yes,no,133591.11,yes,no,35-44,6-10,yes,Fair
15594577,556,France,Male,35,10,0.0,2,yes,yes,192751.18,no,yes,25-34,6-10,no,Poor
15584114,678,Germany,Female,43,2,153393.18,2,yes,yes,193828.27,no,no,35-44,1-2,no,Good
15673367,587,Germany,Male,33,6,132603.36,1,yes,no,55775.72,no,no,25-34,6-10,yes,Fair
15685576,527,Spain,Female,36,6,0.0,2,yes,yes,102280.29,no,yes,35-44,6-10,no,Poor
15774727,757,Germany,Female,34,1,129398.01,2,no,no,44965.44,no,no,25-34,1-2,no,Very Good
15694288,468,Spain,Male,28,3,0.0,2,yes,no,170661.02,no,yes,25-34,3-5,no,Poor
15603319,693,France,Male,29,2,151352.74,1,no,no,197145.89,no,no,25-34,1-2,yes,Good
15759066,483,France,Female,44,5,136836.49,1,yes,no,192359.9,yes,no,35-44,3-5,yes,Poor
15814816,466,France,Male,40,4,91592.06,1,yes,no,141210.18,yes,no,35-44,3-5,yes,Poor
15724402,770,France,Female,30,8,0.0,2,yes,no,100557.03,no,yes,25-34,6-10,no,Very Good
15571059,734,France,Female,54,3,0.0,1,yes,no,130805.54,yes,yes,45-54,3-5,yes,Good
15674206,716,France,Female,22,8,0.0,2,yes,yes,92606.98,no,yes,<25,6-10,no,Good
15715160,439,France,Male,36,2,165536.28,2,yes,yes,123956.83,no,no,35-44,1-2,no,Poor
15730448,538,Germany,Male,25,5,62482.95,1,yes,yes,102758.43,no,no,<25,3-5,no,Poor
15662067,743,France,Male,40,8,68155.59,1,yes,no,94876.65,no,no,35-44,6-10,yes,Very Good
15779581,734,Spain,Female,43,3,55853.33,2,no,yes,94811.85,yes,no,35-44,3-5,no,Good
15662901,656,France,Male,37,2,0.0,2,no,yes,67840.81,no,yes,35-44,1-2,no,Fair
15689751,666,France,Female,31,2,79589.43,1,no,no,4050.57,no,no,25-34,1-2,yes,Fair
15667742,627,Spain,Male,41,5,100880.76,1,no,yes,134665.25,no,no,35-44,3-5,no,Fair
15738448,480,Germany,Female,25,3,174330.35,2,no,no,181647.13,no,no,<25,3-5,no,Poor
15680243,792,France,Male,19,7,143390.51,1,yes,no,33282.84,no,no,<25,6-10,yes,Very Good
15745083,613,Germany,Male,59,8,91415.76,1,no,no,27965.0,yes,no,55-64,6-10,yes,Fair
15708228,476,Germany,Male,30,3,134366.42,1,yes,no,68343.53,no,no,25-34,3-5,yes,Poor
15628523,539,France,Female,24,3,0.0,2,yes,yes,198161.07,no,yes,<25,3-5,no,Poor
15708196,696,Spain,Male,60,8,88786.81,1,yes,yes,196858.4,no,no,55-64,6-10,no,Good
15735549,810,Germany,Male,35,3,96814.46,2,yes,yes,120511.03,no,no,25-34,3-5,no,Excellent
15809347,763,Germany,Male,32,9,160680.41,1,yes,no,30886.35,no,no,25-34,6-10,yes,Very Good
15660866,640,France,Female,29,3,0.0,2,yes,no,2743.69,no,yes,25-34,3-5,no,Fair
15766609,655,France,Female,47,10,0.0,2,yes,no,167778.62,no,yes,45-54,6-10,no,Fair
15654230,526,Germany,Male,31,5,145537.21,1,yes,no,132404.64,no,no,25-34,3-5,yes,Poor
15794566,678,France,Female,28,4,0.0,2,yes,yes,144423.17,yes,yes,25-34,3-5,no,Good
15800890,554,France,Female,45,6,0.0,2,yes,yes,181204.5,no,yes,35-44,6-10,no,Poor
15697424,597,Spain,Female,30,2,119370.11,1,yes,yes,182726.22,yes,no,25-34,1-2,no,Fair
15724536,560,Spain,Female,28,1,0.0,2,yes,yes,120880.72,no,yes,25-34,1-2,no,Poor
15735878,850,Germany,Female,47,10,134381.52,1,no,no,26812.89,yes,no,45-54,6-10,yes,Excellent
15707596,546,Germany,Female,74,8,114888.74,2,yes,yes,66732.63,yes,no,65+,6-10,no,Poor
15657163,623,Germany,Male,42,1,149332.48,2,yes,no,100834.22,no,no,35-44,1-2,no,Fair
15622478,698,France,Female,40,7,105061.74,3,yes,no,107815.31,yes,no,35-44,6-10,no,Good
15779529,620,France,Male,32,7,0.0,2,yes,yes,34665.79,no,yes,25-34,6-10,no,Fair
15636023,619,France,Female,40,10,0.0,1,yes,yes,147093.84,yes,yes,35-44,6-10,no,Fair
15582066,561,France,Male,21,4,0.0,1,yes,yes,36942.35,no,yes,<25,3-5,no,Poor
15666675,753,France,Female,39,7,155062.8,1,yes,yes,16460.77,no,no,35-44,6-10,no,Very Good
15732987,721,Spain,Male,43,3,88798.34,1,no,no,45610.63,no,no,35-44,3-5,yes,Good
15789432,451,France,Male,33,6,0.0,2,yes,no,184954.11,no,yes,25-34,6-10,no,Poor
15663161,680,Germany,Female,51,5,143139.87,1,no,no,47795.43,yes,no,45-54,3-5,yes,Good
15694879,590,Spain,Female,23,7,0.0,2,yes,no,196789.9,no,yes,<25,6-10,no,Fair
15593715,634,Germany,Male,27,3,107027.52,1,yes,no,173425.68,no,no,25-34,3-5,yes,Fair
15575002,676,France,Male,29,4,140720.93,1,yes,no,36221.18,no,no,25-34,3-5,yes,Good
15622171,642,France,Male,30,8,80964.57,2,yes,no,174738.2,no,no,25-34,6-10,no,Fair
15795224,760,France,Male,39,6,178585.46,1,yes,no,67131.3,yes,no,35-44,6-10,yes,Very Good
15685346,736,Spain,Female,26,4,135889.13,1,yes,yes,165692.03,no,no,25-34,3-5,no,Good
15691808,656,France,Male,43,7,134919.85,1,yes,no,194691.95,no,no,35-44,6-10,yes,Fair
15721007,776,Germany,Male,33,8,115130.34,1,no,no,129525.5,yes,no,25-34,6-10,yes,Very Good
15794253,832,Spain,Female,34,6,138190.13,2,no,yes,146511.2,no,no,25-34,6-10,no,Excellent
15694453,631,Germany,Male,37,9,131519.49,2,yes,yes,51752.18,no,no,35-44,6-10,no,Fair
15813113,795,Spain,Female,56,5,0.0,1,yes,no,35418.69,yes,yes,55-64,3-5,yes,Very Good
15614187,648,Germany,Female,39,3,126935.98,2,no,yes,57995.74,no,no,35-44,3-5,no,Fair
15619407,615,France,Male,39,4,133707.09,1,yes,yes,108152.75,no,no,35-44,3-5,no,Fair
15646227,682,France,Female,27,1,97893.2,1,yes,no,166144.98,no,no,25-34,1-2,yes,Good
15660541,694,France,Male,34,5,127900.03,1,yes,no,101737.8,no,no,25-34,3-5,yes,Good
15753874,694,France,Male,37,10,143835.47,1,no,yes,33326.71,no,no,35-44,6-10,no,Good
15617877,607,France,Male,44,0,0.0,2,yes,yes,81140.09,no,yes,35-44,0,no,Fair
15772073,664,France,Male,48,10,0.0,1,yes,no,140173.17,yes,yes,45-54,6-10,yes,Fair
15701537,756,France,Male,60,2,0.0,1,yes,yes,166513.49,yes,yes,55-64,1-2,no,Very Good
15736228,645,France,Female,40,3,129596.77,1,yes,yes,103232.6,no,no,35-44,3-5,no,Fair
15780572,653,Spain,Male,30,4,0.0,2,yes,no,120736.04,no,yes,25-34,3-5,no,Fair
15769596,710,Germany,Female,24,2,110407.44,2,no,no,15832.43,yes,no,<25,1-2,no,Good
15586996,697,France,Female,76,7,0.0,2,no,yes,188772.45,no,yes,65+,6-10,no,Good
15722061,619,Germany,Female,41,8,142015.76,2,yes,no,114323.66,no,no,35-44,6-10,no,Fair
15638003,648,Spain,Male,55,1,81370.07,1,no,yes,181534.04,no,no,45-54,1-2,no,Fair
15775590,482,Germany,Female,48,2,69329.47,1,no,no,102640.52,yes,no,45-54,1-2,yes,Poor
15730688,548,France,Female,28,8,116755.5,2,yes,yes,158585.17,yes,no,25-34,6-10,no,Poor
15753102,752,Spain,Male,44,6,83870.33,1,yes,no,178722.24,no,no,35-44,6-10,yes,Very Good
15810075,648,France,Female,39,6,130694.89,2,yes,yes,153955.38,yes,no,35-44,6-10,no,Fair
15723373,643,Spain,Female,34,8,117451.47,1,yes,no,65374.86,no,no,25-34,6-10,yes,Fair
15795298,573,Germany,Female,35,9,206868.78,2,no,yes,102986.15,no,no,25-34,6-10,no,Poor
15584320,686,France,Female,39,3,111695.62,1,no,no,136643.84,no,no,35-44,3-5,yes,Good
15724161,644,France,Female,40,9,137285.26,4,yes,no,77063.63,yes,no,35-44,6-10,no,Fair
15750056,702,France,Female,29,6,149218.39,1,yes,yes,9633.01,no,no,25-34,6-10,no,Good
15609637,652,France,Male,51,7,0.0,2,no,yes,43496.36,no,yes,45-54,6-10,no,Fair
15794493,641,Spain,Male,32,7,0.0,2,yes,yes,24267.28,no,yes,25-34,6-10,no,Fair
15569641,692,Germany,Female,41,8,130701.29,1,yes,no,59354.24,yes,no,35-44,6-10,yes,Good
15815236,574,Spain,Male,34,5,0.0,2,no,no,28269.86,no,yes,25-34,3-5,no,Poor
15811177,643,France,Female,31,3,167949.48,1,yes,no,143162.34,no,no,25-34,3-5,yes,Fair
15680587,834,France,Male,23,4,131254.81,1,yes,no,20199.3,no,no,<25,3-5,yes,Excellent
15672821,591,France,Male,28,5,0.0,2,yes,yes,48606.92,no,yes,25-34,3-5,no,Fair
15767681,470,Spain,Male,34,9,0.0,2,no,yes,89013.67,no,yes,25-34,6-10,no,Poor
15600379,608,Spain,Male,34,7,86656.13,1,no,yes,59890.29,no,no,25-34,6-10,no,Fair
15801336,649,Germany,Female,37,8,114737.26,1,yes,yes,106655.88,yes,no,35-44,6-10,no,Fair
15721592,665,France,Female,38,5,0.0,2,yes,no,156439.56,no,yes,35-44,3-5,no,Fair
15581282,651,France,Female,39,6,0.0,1,yes,no,24176.44,no,yes,35-44,6-10,yes,Fair
15746203,555,Germany,Male,62,4,119817.33,1,no,yes,43507.1,yes,no,55-64,3-5,no,Poor
15583137,637,France,Female,48,7,130806.99,2,yes,yes,132005.85,yes,no,45-54,6-10,no,Fair
15680752,675,France,Female,49,0,0.0,1,yes,yes,80496.71,yes,yes,45-54,0,no,Good
15688172,677,Spain,Male,40,5,0.0,2,yes,no,88947.56,no,yes,35-44,3-5,no,Good
15791373,850,Germany,Female,35,2,80931.75,1,no,no,12639.67,yes,no,25-34,1-2,yes,Excellent
15589449,815,France,Female,56,3,0.0,3,yes,yes,94248.16,yes,yes,55-64,3-5,no,Excellent
15692819,665,Germany,Male,32,1,132178.67,1,no,no,11865.76,no,no,25-34,1-2,yes,Fair
15727467,485,France,Female,27,3,0.0,2,yes,no,141449.86,no,yes,25-34,3-5,no,Poor
15734312,577,Spain,Male,43,6,0.0,2,yes,yes,149457.81,no,yes,35-44,6-10,no,Poor
15764604,586,France,Female,35,7,164769.02,3,yes,no,119814.25,yes,no,25-34,6-10,no,Fair
15613014,722,Germany,Male,29,1,107233.85,2,yes,no,24924.92,no,no,25-34,1-2,no,Good
15759684,528,France,Female,27,7,176227.07,2,no,yes,139481.53,no,no,25-34,6-10,no,Poor
15609669,542,France,Female,39,4,109949.39,2,yes,yes,41268.65,no,no,35-44,3-5,no,Poor
15685536,552,France,Female,34,5,0.0,2,yes,yes,1351.41,no,yes,25-34,3-5,no,Poor
15750447,678,France,Female,60,10,117738.81,1,yes,no,147489.76,yes,no,55-64,6-10,yes,Good
15663249,575,Spain,Female,37,9,133292.45,1,yes,no,111175.09,no,no,35-44,6-10,yes,Poor
15638646,669,France,Female,43,1,160474.59,1,yes,yes,95963.14,no,no,35-44,1-2,no,Fair
15734161,636,France,Male,43,6,0.0,2,yes,no,43128.95,no,yes,35-44,6-10,no,Fair
15631070,667,Germany,Male,55,9,154393.43,1,yes,yes,137674.96,yes,no,45-54,6-10,no,Fair
15761950,652,Germany,Female,45,9,110827.49,1,yes,yes,153383.54,yes,no,35-44,6-10,no,Fair
15649668,637,Germany,Female,36,10,145750.45,2,yes,yes,96660.76,no,no,35-44,6-10,no,Fair
15713912,516,Spain,Female,45,8,109044.3,1,no,yes,115818.16,no,no,35-44,6-10,no,Poor
15586757,801,France,Female,32,4,75170.54,1,yes,yes,37898.5,no,no,25-34,3-5,no,Excellent
15596522,692,France,Female,42,2,0.0,2,yes,no,145222.93,no,yes,35-44,1-2,no,Good
15625395,585,France,Female,28,6,105795.9,1,yes,yes,41219.09,no,no,25-34,6-10,no,Fair
15760570,590,France,Male,32,5,0.0,2,yes,no,59249.83,no,yes,25-34,3-5,no,Fair
15566689,554,Spain,Male,66,8,0.0,2,yes,yes,116747.62,no,yes,65+,6-10,no,Poor
15725794,659,France,Female,49,1,0.0,1,yes,no,116249.72,yes,yes,45-54,1-2,yes,Fair
15673539,690,France,Female,26,3,118097.87,1,yes,no,61257.83,no,no,25-34,3-5,yes,Good
15705298,697,Germany,Male,29,0,172693.54,1,no,no,141798.98,no,no,25-34,0,yes,Good
15675791,610,France,Male,36,4,129440.3,2,yes,no,102638.35,no,no,35-44,3-5,no,Fair
15747043,599,Spain,Male,36,4,0.0,2,no,no,13210.56,no,yes,35-44,3-5,no,Fair
15736397,544,France,Male,23,1,96471.2,1,yes,no,35550.97,no,no,<25,1-2,yes,Poor
15678201,548,France,Female,46,1,0.0,1,yes,yes,104469.06,yes,yes,45-54,1-2,no,Poor
15720745,635,Spain,Male,24,4,140197.18,1,yes,yes,142935.83,no,no,<25,3-5,no,Fair
15637593,722,France,Male,20,6,0.0,2,yes,no,195486.28,no,yes,<25,6-10,no,Good
15598070,564,France,Female,33,4,135946.26,1,yes,no,63170.0,no,no,25-34,3-5,yes,Poor
15787550,719,France,Male,69,3,0.0,2,yes,yes,58320.06,no,yes,65+,3-5,no,Good
15603942,547,Germany,Male,50,3,81290.02,3,no,yes,177747.03,yes,no,45-54,3-5,no,Poor
15733973,850,France,Female,42,8,0.0,1,yes,no,19632.64,yes,yes,35-44,6-10,yes,Excellent
15596761,515,Germany,Male,60,9,113715.36,1,yes,no,18424.24,yes,no,55-64,6-10,yes,Poor
15652400,667,Spain,Male,56,2,168883.08,1,no,yes,18897.78,no,no,55-64,1-2,no,Fair
15717893,607,Germany,Male,36,8,143421.74,1,yes,no,97879.02,no,no,35-44,6-10,yes,Fair
15622585,525,France,Male,26,7,153644.39,1,yes,yes,63197.88,no,no,25-34,6-10,no,Poor
15733964,606,Spain,Female,53,1,109330.06,1,yes,yes,75860.01,no,no,45-54,1-2,no,Fair
15753861,686,Germany,Female,27,1,115095.88,2,no,no,78622.46,no,no,25-34,1-2,no,Good
15747097,611,France,Male,35,10,0.0,1,yes,yes,23598.23,yes,yes,25-34,6-10,no,Fair
15594762,827,Spain,Male,46,1,183276.32,1,yes,yes,13460.27,no,no,45-54,1-2,no,Excellent
15667417,572,France,Male,33,9,68193.72,1,yes,no,19998.31,no,no,25-34,6-10,yes,Poor
15684861,726,France,Female,32,8,0.0,2,no,no,185075.63,no,yes,25-34,6-10,no,Good
15742204,579,Germany,Male,31,6,139729.54,1,no,yes,135815.38,no,no,25-34,6-10,no,Poor
15623502,598,Spain,Female,56,4,98365.33,1,yes,yes,44251.33,no,no,55-64,3-5,no,Fair
15774872,663,France,Male,36,10,0.0,2,yes,no,136349.55,no,yes,35-44,6-10,no,Fair
15611191,505,Germany,Female,37,10,122453.97,2,yes,yes,52693.99,no,no,35-44,6-10,no,Poor
15674331,576,Germany,Male,30,7,132174.41,2,no,no,93767.03,no,no,25-34,6-10,no,Poor
15619465,555,Spain,Female,24,2,0.0,2,no,yes,197866.55,no,yes,<25,1-2,no,Poor
15575247,524,France,Male,30,1,0.0,2,yes,no,126812.85,no,yes,25-34,1-2,no,Poor
15695679,776,Spain,Male,39,2,104349.45,1,no,no,79503.05,no,no,35-44,1-2,yes,Very Good
15713463,645,Germany,Female,41,2,138881.04,1,yes,no,129936.53,yes,no,35-44,1-2,yes,Fair
15785170,850,Germany,Female,32,0,116968.91,1,no,no,175094.62,no,no,25-34,0,yes,Excellent
15796351,603,Germany,Male,35,1,105346.03,2,yes,yes,130379.5,no,no,25-34,1-2,no,Fair
15639576,691,France,Male,26,9,136623.19,1,yes,no,153228.0,no,no,25-34,6-10,yes,Good
15693264,583,France,Female,29,10,0.0,2,yes,yes,111285.85,no,yes,25-34,6-10,no,Fair
15589715,584,France,Female,66,5,0.0,1,yes,no,49553.38,yes,yes,65+,3-5,yes,Fair
15769902,679,France,Female,33,6,0.0,2,yes,yes,98015.85,no,yes,25-34,6-10,no,Good
15587177,646,France,Male,36,6,124445.52,1,yes,no,88481.32,no,no,35-44,6-10,yes,Fair
15814553,559,France,Female,34,5,68999.66,2,yes,yes,66879.27,no,no,25-34,3-5,no,Poor
15601550,595,Spain,Male,36,6,85768.42,1,yes,yes,24802.77,no,no,35-44,6-10,no,Fair
15664907,527,France,Male,47,1,0.0,1,yes,no,21312.16,yes,yes,45-54,1-2,yes,Poor
15612465,684,Spain,Male,34,9,100628.0,2,yes,yes,190263.78,no,no,25-34,6-10,no,Good
15810800,673,Spain,Female,32,0,0.0,1,yes,yes,72873.33,no,yes,25-34,0,no,Good
15665760,802,Spain,Male,38,7,0.0,2,no,yes,57764.65,no,yes,35-44,6-10,no,Excellent
15588080,675,France,Male,54,6,0.0,1,yes,no,110273.84,yes,yes,45-54,6-10,yes,Good
15776844,762,Spain,Female,19,6,0.0,2,yes,no,55500.17,no,yes,<25,6-10,no,Very Good
15717560,580,France,Male,50,0,125647.36,1,yes,no,57541.08,yes,no,45-54,0,yes,Poor
15629739,621,Germany,Female,31,8,100375.39,1,yes,yes,90384.26,no,no,25-34,6-10,no,Fair
15729908,411,France,Female,36,10,0.0,1,no,no,120694.35,no,yes,35-44,6-10,yes,Poor
15716781,815,France,Male,24,7,171922.72,1,no,yes,178028.96,no,no,<25,6-10,no,Excellent
15646936,631,Germany,Female,32,2,146810.99,2,yes,yes,180990.29,no,no,25-34,1-2,no,Fair
15768151,514,Germany,Female,45,3,109032.23,1,no,yes,155407.21,yes,no,35-44,3-5,no,Poor
15579212,638,France,Male,57,6,0.0,1,yes,no,33676.48,yes,yes,55-64,6-10,yes,Fair
15721835,791,Spain,Male,25,7,0.0,1,yes,no,89666.28,no,yes,<25,6-10,yes,Very Good
15800515,516,France,Male,35,5,128653.59,1,yes,no,127558.26,no,no,25-34,3-5,yes,Poor
15591279,734,France,Male,37,3,80387.81,1,no,yes,77272.62,no,no,35-44,3-5,no,Good
15587419,611,France,Male,58,8,0.0,2,no,yes,107665.68,yes,yes,55-64,6-10,no,Fair
15750335,850,Germany,Male,43,0,108508.82,3,yes,no,184044.8,yes,no,35-44,0,no,Excellent
15699619,641,France,Male,31,10,155978.17,1,yes,no,91510.71,no,no,25-34,6-10,yes,Fair
15606472,585,France,Female,38,5,0.0,1,yes,yes,87363.56,no,yes,35-44,3-5,no,Fair
15778368,552,Germany,Male,50,4,121175.56,1,yes,no,117505.07,yes,no,45-54,3-5,yes,Poor
15671387,507,France,Female,29,4,89349.47,2,no,no,180626.68,no,no,25-34,3-5,no,Poor
15573926,735,Spain,Male,38,7,86131.71,2,no,no,93478.96,no,no,35-44,6-10,no,Good
15709183,707,France,Female,58,3,102346.86,1,yes,yes,114672.64,no,no,55-64,3-5,no,Good
15577514,698,Germany,Female,36,7,121263.62,1,yes,yes,13387.88,no,no,35-44,6-10,no,Good
15778830,841,France,Male,31,2,0.0,2,yes,no,173240.52,no,yes,25-34,1-2,no,Excellent
15768072,688,Spain,Female,33,2,0.0,1,no,no,27557.18,yes,yes,25-34,1-2,yes,Good
15768293,614,France,Male,51,3,0.0,2,yes,yes,5552.37,no,yes,45-54,3-5,no,Fair
15654456,511,Germany,Male,48,6,149726.08,1,no,no,88307.87,yes,no,45-54,6-10,yes,Poor
15807525,447,France,Male,43,2,0.0,2,yes,no,33879.26,yes,yes,35-44,1-2,no,Poor
15574372,738,France,Male,35,5,161274.05,2,yes,no,181429.87,no,no,25-34,3-5,no,Good
15671249,422,France,Female,33,2,0.0,2,yes,no,102655.31,no,yes,25-34,1-2,no,Poor
15779744,537,Spain,Male,30,1,103138.17,1,yes,yes,96555.42,no,no,25-34,1-2,no,Poor
15624755,707,Germany,Female,40,3,109628.44,1,yes,no,189366.03,no,no,35-44,3-5,yes,Good
15611430,690,France,Male,54,5,0.0,1,yes,no,12847.61,yes,yes,45-54,3-5,yes,Good
15774744,664,Germany,Male,33,7,97286.16,2,yes,no,143433.33,no,no,25-34,6-10,no,Fair
15629885,850,France,Female,33,7,118004.26,1,yes,no,183983.82,no,no,25-34,6-10,yes,Excellent
15708791,584,Spain,Male,32,9,85534.83,1,no,no,169137.24,no,no,25-34,6-10,yes,Fair
15793890,728,France,Female,59,4,0.0,1,yes,yes,163365.85,yes,yes,55-64,3-5,no,Good
15646091,560,Spain,Female,43,4,95140.44,2,yes,no,123181.44,yes,no,35-44,3-5,no,Poor
15596984,629,France,Female,31,6,0.0,1,yes,yes,16447.6,yes,yes,25-34,6-10,no,Fair
15800215,658,France,Male,25,3,0.0,2,no,yes,173948.4,no,yes,<25,3-5,no,Fair
15577806,794,Germany,Female,54,1,75900.84,1,yes,yes,192154.66,no,no,45-54,1-2,no,Very Good
15749381,790,France,Female,41,2,126619.27,1,yes,no,198224.38,no,no,35-44,1-2,yes,Very Good
15683758,640,France,Male,44,7,111833.47,1,yes,no,67202.74,no,no,35-44,6-10,yes,Fair
15670615,652,Spain,Male,37,7,0.0,2,yes,no,68789.93,no,yes,35-44,6-10,no,Fair
15715622,583,France,Female,57,3,238387.56,1,no,yes,147964.99,yes,no,55-64,3-5,no,Fair
15707634,775,France,Female,32,2,108698.96,2,yes,yes,161069.73,no,no,25-34,1-2,no,Very Good
15806901,584,France,Female,39,2,112687.69,1,yes,yes,127749.61,no,no,35-44,1-2,no,Fair
15775335,635,Germany,Female,48,4,81556.89,2,yes,no,191914.37,no,no,45-54,3-5,no,Fair
15724150,814,France,Male,48,9,136596.85,1,yes,yes,185791.9,no,no,45-54,6-10,no,Excellent
15627220,735,Germany,Female,43,9,98807.45,1,no,no,184570.04,yes,no,35-44,6-10,yes,Good
15672330,678,France,Female,31,1,0.0,2,no,yes,130446.65,no,yes,25-34,1-2,no,Good
15668521,693,France,Male,37,1,0.0,2,yes,yes,82867.55,no,yes,35-44,1-2,no,Good
15807837,640,France,Female,30,6,107499.7,1,yes,yes,187632.22,no,no,25-34,6-10,no,Fair
15592570,773,Spain,Female,23,8,0.0,2,yes,no,56759.79,no,yes,<25,6-10,no,Very Good
15748589,736,France,Female,30,9,0.0,2,yes,no,34180.33,no,yes,25-34,6-10,no,Good
15635893,693,France,Female,28,8,0.0,2,yes,yes,158545.25,no,yes,25-34,6-10,no,Good
15757632,496,France,Female,41,1,176024.05,2,yes,no,182337.98,no,no,35-44,1-2,no,Poor
15691863,751,France,Female,39,3,0.0,2,yes,yes,84175.34,no,yes,35-44,3-5,no,Very Good
15706071,528,Germany,Male,39,0,127631.62,1,no,yes,22197.8,yes,no,35-44,0,no,Poor
15654296,754,Spain,Female,19,9,0.0,1,yes,no,189641.11,no,yes,<25,6-10,yes,Very Good
15755018,568,Germany,Female,26,10,109819.16,2,yes,no,154491.39,no,no,25-34,6-10,no,Poor
15594041,592,Spain,Female,41,2,138734.94,1,yes,no,90020.74,no,no,35-44,1-2,yes,Fair
15670587,558,Germany,Male,25,10,111363.1,2,yes,no,197264.35,no,no,<25,6-10,no,Poor
15724527,825,France,Male,34,9,0.0,2,yes,yes,31933.06,no,yes,25-34,6-10,no,Excellent
15801904,677,Germany,Male,28,0,143988.0,2,yes,no,8755.69,yes,no,25-34,0,no,Good
15658195,653,France,Male,34,5,118838.75,1,yes,yes,52820.13,no,no,25-34,3-5,no,Fair
15630113,593,Spain,Male,35,4,161637.75,1,yes,yes,20008.46,no,no,25-34,3-5,no,Fair
15784320,632,France,Female,44,3,133793.89,1,yes,yes,34607.14,yes,no,35-44,3-5,no,Fair
15676513,601,Germany,Male,35,8,71553.83,1,yes,no,177384.45,no,no,25-34,6-10,yes,Fair
15574072,786,France,Female,62,8,0.0,1,yes,yes,165702.64,no,yes,55-64,6-10,no,Very Good
15633854,654,France,Female,40,3,0.0,2,yes,no,167889.1,no,yes,35-44,3-5,no,Fair
15618566,572,France,Female,38,7,0.0,2,yes,yes,133122.62,no,yes,35-44,6-10,no,Poor
15733014,813,France,Female,62,10,64667.95,2,no,yes,140454.14,no,no,55-64,6-10,no,Excellent
15753343,523,France,Female,28,2,121164.11,1,yes,yes,59938.81,no,no,25-34,1-2,no,Poor
15746076,506,Spain,Male,50,3,0.0,2,yes,no,12016.79,no,yes,45-54,3-5,no,Poor
15608226,513,Spain,Male,72,3,98903.06,1,yes,yes,81251.24,no,no,65+,3-5,no,Poor
15605684,664,France,Female,31,7,104158.84,1,yes,no,134169.85,no,no,25-34,6-10,yes,Fair
15638988,684,France,Male,54,6,0.0,2,yes,yes,94888.6,no,yes,45-54,6-10,no,Good
15628767,608,Spain,Female,63,3,139529.93,2,yes,yes,175696.16,yes,no,55-64,3-5,no,Fair
15737977,527,France,Female,25,6,0.0,2,no,yes,96758.58,no,yes,<25,6-10,no,Poor
15758116,666,France,Male,53,5,64646.7,1,yes,no,128019.48,yes,no,45-54,3-5,yes,Fair
15575119,779,France,Male,71,3,0.0,2,yes,yes,146895.36,yes,yes,65+,3-5,no,Very Good
15625126,629,France,Female,40,6,0.0,2,yes,yes,139356.3,no,yes,35-44,6-10,no,Fair
15567114,430,France,Male,35,1,118894.22,1,no,no,2923.61,no,no,25-34,1-2,yes,Poor
15672242,712,France,Male,24,2,0.0,1,no,yes,121232.51,no,yes,<25,1-2,no,Good
15681327,682,France,Male,30,9,0.0,2,yes,yes,2053.42,no,yes,25-34,6-10,no,Good
15802585,634,France,Female,41,8,68213.99,1,yes,yes,6382.46,no,no,35-44,6-10,no,Fair
15740630,487,Spain,Female,31,1,0.0,2,yes,no,158750.13,no,yes,25-34,1-2,no,Poor
15815420,808,Spain,Male,47,8,139196.0,1,no,yes,74028.36,no,no,45-54,6-10,no,Excellent
15711468,527,France,Female,32,7,0.0,2,yes,yes,44099.75,no,yes,25-34,6-10,no,Poor
15799626,637,Germany,Male,50,4,126345.55,1,no,yes,17323.0,yes,no,45-54,3-5,no,Fair
15659325,802,Spain,Male,40,5,0.0,2,yes,yes,175043.69,no,yes,35-44,3-5,no,Excellent
15651352,529,France,Female,38,2,0.0,1,yes,no,146388.85,yes,yes,35-44,1-2,yes,Poor
15684925,850,France,Female,43,3,0.0,2,no,no,2465.8,no,yes,35-44,3-5,no,Excellent
15657439,738,France,Male,18,4,0.0,2,yes,yes,47799.15,no,yes,<25,3-5,no,Good
15574122,817,France,Male,34,5,129278.43,1,no,no,165562.84,no,no,25-34,3-5,yes,Excellent
15720508,735,France,Male,31,3,119558.35,1,no,no,72927.68,no,no,25-34,3-5,yes,Good
15599078,619,Germany,Female,41,5,92467.58,1,yes,no,38270.47,no,no,35-44,3-5,yes,Fair
15702300,671,France,Male,27,5,0.0,2,no,no,120893.07,no,yes,25-34,3-5,no,Good
15660735,581,Spain,Female,31,6,0.0,2,yes,no,188377.21,no,yes,25-34,6-10,no,Fair
15671390,690,Spain,Male,36,10,0.0,2,yes,no,55902.93,no,yes,35-44,6-10,no,Good
15647385,579,Spain,Male,56,4,99340.83,1,no,no,4523.74,yes,no,55-64,3-5,yes,Poor
15739223,688,Spain,Female,24,3,0.0,2,yes,yes,102195.16,no,yes,<25,3-5,no,Good
15631305,599,Spain,Female,28,4,126833.79,2,yes,no,60843.09,yes,no,25-34,3-5,no,Fair
15809263,729,Germany,Male,29,5,109676.52,1,yes,yes,25548.47,no,no,25-34,3-5,no,Good
15640866,718,France,Female,29,3,0.0,1,no,yes,134462.29,no,yes,25-34,3-5,no,Good
15775663,712,Germany,Male,53,6,134729.99,2,yes,yes,132702.64,no,no,45-54,6-10,no,Good
15631800,474,France,Male,37,3,98431.37,1,no,no,75698.44,no,no,35-44,3-5,yes,Poor
15654292,565,Germany,Male,33,8,130368.31,2,yes,no,105642.43,no,no,25-34,6-10,no,Poor
15648320,658,France,Female,31,7,123974.96,1,yes,no,102153.75,no,no,25-34,6-10,yes,Fair
15726747,714,France,Male,63,4,138082.16,1,no,yes,166677.54,no,no,55-64,3-5,no,Good
15694510,725,France,Male,45,1,129855.32,1,no,no,24218.65,no,no,35-44,1-2,yes,Good
15572291,825,France,Male,40,6,132308.22,1,no,no,117122.5,no,no,35-44,6-10,yes,Excellent
15603465,665,Germany,Female,45,5,155447.65,2,yes,no,51871.95,yes,no,35-44,3-5,no,Fair
15685628,670,Spain,Male,35,2,124268.64,2,no,yes,84321.03,no,no,25-34,1-2,no,Fair
15792729,474,Germany,Female,34,9,176311.36,1,yes,no,160213.27,no,no,25-34,6-10,yes,Poor
15767414,591,France,Male,40,2,99886.42,2,yes,yes,88695.19,no,no,35-44,1-2,no,Fair
15568044,508,France,Female,31,7,0.0,2,yes,yes,6123.15,no,yes,25-34,6-10,no,Poor
15751333,695,France,Female,36,2,0.0,2,no,yes,167749.54,no,yes,35-44,1-2,no,Good
15623062,660,Germany,Male,24,5,85089.3,1,yes,yes,71638.0,no,no,<25,3-5,no,Fair
15713621,687,Germany,Male,41,10,134318.21,2,yes,yes,198064.52,no,no,35-44,6-10,no,Good
15670668,658,Germany,Male,29,5,75395.53,2,no,yes,54914.92,no,no,25-34,3-5,no,Fair
15750638,705,Germany,Female,33,5,116765.7,1,no,no,190659.17,yes,no,25-34,3-5,yes,Good
15747878,739,Spain,Male,60,4,0.0,1,yes,yes,51637.67,no,yes,55-64,3-5,no,Good
15726796,844,France,Male,38,7,111501.66,1,yes,yes,119333.38,no,no,35-44,6-10,no,Excellent
15754952,602,Germany,Female,48,7,76595.08,2,no,no,127095.14,no,no,45-54,6-10,no,Fair
15652192,759,France,Female,33,9,160541.36,2,no,no,93541.14,no,no,25-34,6-10,no,Very Good
15681924,747,Germany,Male,38,2,129728.6,1,yes,no,89289.54,no,no,35-44,1-2,yes,Very Good
15763544,673,France,Male,47,1,0.0,2,no,no,108762.16,no,yes,45-54,1-2,no,Good
15764431,671,Spain,Female,34,5,130929.02,4,yes,yes,28238.25,yes,no,25-34,3-5,no,Good
15684010,640,Germany,Female,74,2,116800.25,1,yes,yes,34130.43,no,no,65+,1-2,no,Fair
15648881,581,Germany,Male,40,0,101016.53,1,no,yes,7926.35,yes,no,35-44,0,no,Fair
15733303,630,France,Male,67,5,0.0,2,yes,yes,27330.27,no,yes,65+,3-5,no,Fair
15643294,703,France,Female,33,8,190566.65,1,yes,yes,79997.14,no,no,25-34,6-10,no,Good
15749905,698,Spain,Female,47,6,0.0,1,yes,no,50213.81,yes,yes,45-54,6-10,yes,Good
15625175,742,Germany,Female,43,6,97067.69,1,no,yes,60920.03,yes,no,35-44,6-10,no,Very Good
15643967,652,France,Female,37,4,92208.54,1,no,yes,197699.8,yes,no,35-44,3-5,no,Fair
15578251,644,France,Male,37,2,186347.97,2,yes,no,92809.73,no,no,35-44,1-2,no,Fair
15772573,735,Spain,Male,55,2,103176.62,1,no,yes,163516.16,no,no,45-54,1-2,no,Good
15733234,777,France,Female,58,4,0.0,1,yes,yes,62449.07,yes,yes,55-64,3-5,no,Very Good
15721582,644,Germany,Female,40,4,77270.08,2,yes,yes,115800.1,yes,no,35-44,3-5,no,Fair
15628219,665,Germany,Female,37,3,111911.63,1,yes,yes,110359.68,yes,no,35-44,3-5,no,Fair
15571302,529,Germany,Male,72,5,94216.05,1,yes,yes,78695.68,no,no,65+,3-5,no,Poor
15637178,803,Spain,Female,45,7,0.0,2,yes,yes,128378.04,no,yes,35-44,6-10,no,Excellent
15601184,604,Spain,Female,26,3,0.0,2,yes,no,155248.62,no,yes,25-34,3-5,no,Fair
15629511,738,France,Male,49,6,106770.82,1,yes,no,123499.27,no,no,45-54,6-10,yes,Good
15570629,655,Germany,Female,72,5,138089.97,2,yes,yes,99920.41,no,no,65+,3-5,no,Fair
15665766,698,Germany,Male,39,9,133191.19,2,no,yes,53289.49,no,no,35-44,6-10,no,Good
15693732,775,France,Female,66,9,0.0,2,yes,yes,67622.34,no,yes,65+,6-10,no,Very Good
15765982,735,France,Male,41,7,74135.85,1,yes,yes,11783.1,yes,no,35-44,6-10,no,Good
15582016,766,Spain,Male,41,6,99208.46,2,yes,no,62402.38,no,no,35-44,6-10,no,Very Good
15798024,537,Germany,Male,84,8,92242.34,1,yes,yes,186235.98,no,no,65+,6-10,no,Poor
15588622,599,Germany,Male,25,7,108380.72,1,yes,yes,79005.95,no,no,<25,6-10,no,Fair
15724863,420,Spain,Female,55,4,91893.32,1,yes,no,144870.28,yes,no,45-54,3-5,yes,Poor
15618213,674,France,Female,32,7,85757.93,1,yes,yes,95481.0,no,no,25-34,6-10,no,Good
15780411,570,France,Female,46,3,0.0,2,no,no,820.46,no,yes,45-54,3-5,no,Poor
15725429,623,Germany,Male,33,8,96759.42,1,yes,yes,174777.98,no,no,25-34,6-10,no,Fair
15600626,710,France,Male,30,6,0.0,2,yes,yes,8991.17,no,yes,25-34,6-10,no,Good
15668460,466,France,Male,29,6,0.0,2,yes,yes,2797.27,no,yes,25-34,6-10,no,Poor
15576263,759,France,Female,22,5,0.0,1,yes,no,22303.17,no,yes,<25,3-5,yes,Very Good
15720354,581,France,Male,71,4,0.0,2,yes,yes,197562.08,no,yes,65+,3-5,no,Fair
15691624,820,France,Male,33,2,132150.26,2,yes,no,23067.97,no,no,25-34,1-2,no,Excellent
15793196,759,France,Male,41,9,0.0,2,no,yes,190294.12,no,yes,35-44,6-10,no,Very Good
15633352,628,France,Female,31,6,175443.75,1,yes,no,113167.17,yes,no,25-34,6-10,yes,Fair
15750874,676,France,Male,31,3,78990.15,1,yes,yes,124777.14,no,no,25-34,3-5,no,Good
15588923,591,France,Female,33,4,113743.37,1,yes,no,124625.08,no,no,25-34,3-5,yes,Fair
15715745,690,France,Female,26,5,157624.84,1,yes,yes,49599.27,no,no,25-34,3-5,no,Good
15611800,624,France,Female,62,7,125163.62,2,yes,yes,151411.5,no,no,55-64,6-10,no,Fair
15576928,573,France,Female,23,2,0.0,1,yes,no,122964.18,no,yes,<25,1-2,yes,Poor
15793693,694,France,Male,60,9,0.0,1,yes,yes,57088.97,no,yes,55-64,6-10,no,Good
15581252,632,Spain,Female,29,7,80922.75,1,yes,no,7820.78,no,no,25-34,6-10,yes,Fair
15797760,632,France,Male,40,3,193354.86,2,yes,no,149188.41,no,no,35-44,3-5,no,Fair
15790564,832,Germany,Female,40,9,107648.94,2,yes,yes,134638.97,no,no,35-44,6-10,no,Excellent
15593736,598,Germany,Female,46,7,131769.04,1,no,no,184980.23,yes,no,45-54,6-10,yes,Fair
15595937,430,Germany,Male,36,1,138992.48,2,no,no,122373.42,no,no,35-44,1-2,no,Poor
15815628,711,France,Female,37,8,113899.92,1,no,no,80215.2,no,no,35-44,6-10,yes,Good
15782802,582,Germany,Male,26,6,114450.32,1,yes,yes,14081.64,no,no,25-34,6-10,no,Fair
15627412,605,France,Male,39,3,0.0,2,yes,no,199390.45,no,yes,35-44,3-5,no,Fair
15734609,657,France,Female,37,2,0.0,2,yes,yes,7667.48,no,yes,35-44,1-2,no,Fair
15710689,578,Spain,Male,40,6,63609.92,1,no,no,74965.61,yes,no,35-44,6-10,yes,Poor
15565806,532,France,Male,38,9,0.0,2,no,no,30583.95,no,yes,35-44,6-10,no,Poor
15815530,612,France,Female,42,10,75497.51,1,no,no,149682.78,no,no,35-44,6-10,yes,Fair
15632272,792,France,Female,42,2,0.0,2,yes,no,92664.09,no,yes,35-44,1-2,no,Very Good
15684103,674,France,Female,26,10,0.0,2,yes,yes,138423.1,no,yes,25-34,6-10,no,Good
15654519,680,France,Male,31,1,0.0,2,yes,yes,3148.2,no,yes,25-34,1-2,no,Good
15767722,593,France,Female,39,0,117704.73,1,yes,no,197933.5,no,no,35-44,0,yes,Fair
15654346,679,Germany,Male,35,1,130463.55,2,yes,yes,37341.17,no,no,25-34,1-2,no,Good
15660147,493,Spain,Male,32,8,46161.18,1,yes,yes,79577.4,no,no,25-34,6-10,no,Poor
15814998,688,Spain,Male,42,5,0.0,2,no,no,197602.29,no,yes,35-44,3-5,no,Good
15802207,769,Germany,Male,43,4,110182.54,2,yes,yes,87537.32,no,no,35-44,3-5,no,Very Good
15658668,581,Spain,Male,49,10,0.0,2,no,no,41623.59,no,yes,45-54,6-10,no,Fair
15715079,465,France,Male,41,9,117221.15,1,yes,no,168280.95,no,no,35-44,6-10,yes,Poor
15570360,641,France,Female,35,4,0.0,2,no,no,125986.18,no,yes,25-34,3-5,no,Fair
15674678,731,Germany,Female,43,9,79120.27,1,no,no,548.52,yes,no,35-44,6-10,yes,Good
15780925,625,France,Male,37,1,177069.24,2,yes,yes,96088.54,no,no,35-44,1-2,no,Fair
15688193,468,France,Male,36,3,61636.97,1,no,no,107787.42,no,no,35-44,3-5,yes,Poor
15778219,790,France,Male,26,5,0.0,1,yes,no,20510.79,no,yes,25-34,3-5,yes,Very Good
15696514,587,Germany,Female,37,6,104414.03,1,yes,no,192026.02,no,no,35-44,6-10,yes,Fair
15712303,692,France,Male,66,4,159732.02,1,yes,yes,118188.15,no,no,65+,3-5,no,Good
15719090,676,Germany,Female,34,4,89437.03,1,yes,yes,189540.95,no,no,25-34,3-5,no,Good
15735632,571,France,Male,41,8,0.0,1,yes,yes,63736.17,no,yes,35-44,6-10,no,Poor
15619436,700,France,Female,32,3,0.0,1,no,no,95740.37,no,yes,25-34,3-5,yes,Good
15722404,445,France,Female,30,3,0.0,2,yes,yes,127939.19,no,yes,25-34,3-5,no,Poor
15662063,746,France,Male,36,7,142400.77,1,yes,yes,193438.69,no,no,35-44,6-10,no,Very Good
15745605,722,France,Female,47,2,88011.4,1,yes,yes,90655.94,yes,no,45-54,1-2,no,Good
15636658,596,France,Male,36,2,0.0,2,yes,yes,12067.39,no,yes,35-44,1-2,no,Fair
15784130,850,Germany,Female,30,8,154870.28,1,yes,yes,54191.38,no,no,25-34,6-10,no,Excellent
15606755,597,Spain,Female,46,4,0.0,2,yes,no,58667.16,yes,yes,45-54,3-5,no,Fair
15801699,436,Spain,Male,43,5,0.0,2,yes,yes,35687.43,no,yes,35-44,3-5,no,Poor
15784097,660,Germany,Male,28,1,118402.25,2,yes,no,14288.93,no,no,25-34,1-2,no,Fair
15764654,649,France,Male,37,9,87374.88,2,yes,yes,247.36,no,no,35-44,6-10,no,Fair
15612092,646,Germany,Male,32,8,105397.8,1,yes,no,78111.84,yes,no,25-34,6-10,yes,Fair
15610903,560,Spain,Female,31,5,125341.69,1,yes,no,79547.39,no,no,25-34,3-5,yes,Poor
15705777,710,Germany,Male,49,10,129164.88,1,yes,yes,193266.72,no,no,45-54,6-10,no,Good
15661936,513,France,Male,40,3,141004.46,1,yes,no,105028.46,no,no,35-44,3-5,yes,Poor
15700864,607,France,Female,21,0,0.0,2,yes,no,116106.52,no,yes,<25,0,no,Fair
15722965,757,France,Male,57,3,89079.41,1,yes,yes,53179.21,yes,no,55-64,3-5,no,Very Good
15737521,619,Germany,Male,40,9,103604.31,2,no,no,140947.05,no,no,35-44,6-10,no,Fair
15814465,612,France,Male,24,1,182705.05,1,yes,yes,171837.06,no,no,<25,1-2,no,Fair
15580988,842,France,Male,29,8,0.0,2,yes,yes,123437.05,no,yes,25-34,6-10,no,Excellent
15789974,713,France,Male,33,6,94598.48,1,no,no,197519.66,yes,no,25-34,6-10,yes,Good
15713370,657,Spain,Male,36,8,188241.05,2,no,no,183058.51,yes,no,35-44,6-10,no,Fair
15748673,770,France,Female,37,9,0.0,2,no,no,22710.72,no,yes,35-44,6-10,no,Very Good
15754919,773,France,Female,40,10,0.0,2,no,yes,69303.15,no,yes,35-44,6-10,no,Very Good
15641662,470,Germany,Male,39,5,117469.91,2,no,no,63705.9,no,no,35-44,3-5,no,Poor
15813422,781,Spain,Male,35,4,80790.74,1,yes,no,116429.51,no,no,25-34,3-5,yes,Very Good
15713596,428,France,Female,62,1,107735.93,1,no,yes,58381.77,no,no,55-64,1-2,no,Poor
15791216,600,Germany,Male,43,8,133379.41,1,yes,no,177378.66,yes,no,35-44,6-10,yes,Fair
15689031,697,Spain,Female,37,7,168066.87,1,yes,no,35450.53,no,no,35-44,6-10,yes,Good
15763704,692,Germany,Female,43,2,69014.49,2,no,no,164621.43,no,no,35-44,1-2,no,Good
15631339,791,France,Male,28,4,0.0,1,yes,no,174435.48,no,yes,25-34,3-5,yes,Very Good
15771509,538,Germany,Female,42,1,98548.62,2,no,yes,94047.75,no,no,35-44,1-2,no,Poor
15769586,820,France,Female,49,1,0.0,2,yes,yes,119087.25,no,yes,45-54,1-2,no,Excellent
15656096,679,Spain,Female,26,3,76554.06,1,yes,yes,184800.27,no,no,25-34,3-5,no,Good
15585280,649,France,Female,36,2,0.0,2,no,yes,75035.48,no,yes,35-44,1-2,no,Fair
15743582,632,France,Female,27,3,107375.82,1,yes,yes,62703.38,no,no,25-34,3-5,no,Fair
15761692,594,France,Male,40,9,122417.17,2,no,yes,190882.69,no,no,35-44,6-10,no,Fair
15627840,682,France,Female,42,0,0.0,1,no,yes,91981.85,yes,yes,35-44,0,no,Good
15778861,720,Spain,Male,33,6,97188.62,1,no,no,91881.29,no,no,25-34,6-10,yes,Good
15770554,769,France,Male,31,4,61297.05,2,yes,yes,7118.02,no,no,25-34,3-5,no,Very Good
15806956,746,Spain,Male,30,1,112666.67,1,no,no,11710.4,yes,no,25-34,1-2,yes,Very Good
15701908,623,Spain,Female,40,7,0.0,1,yes,yes,25904.12,no,yes,35-44,6-10,no,Fair
15736990,537,France,Male,28,3,157842.07,1,yes,no,86911.49,no,no,25-34,3-5,yes,Poor
15743714,468,France,Male,46,7,91443.75,1,yes,no,10958.18,no,no,45-54,6-10,yes,Poor
15807993,588,Germany,Female,30,0,110148.49,1,yes,no,5790.9,yes,no,25-34,0,yes,Fair
15644686,729,Spain,Female,34,9,53299.96,2,yes,yes,42855.97,no,no,25-34,6-10,no,Good
15677377,543,Spain,Male,37,3,0.0,2,yes,yes,78915.68,no,yes,35-44,3-5,no,Poor
15626412,499,Spain,Male,39,6,0.0,2,yes,yes,81409.0,no,yes,35-44,6-10,no,Poor
15643679,784,Germany,Male,28,2,70233.74,2,yes,yes,179252.73,no,no,25-34,1-2,no,Very Good
15728456,604,France,Male,33,3,0.0,1,yes,no,42171.13,yes,yes,25-34,3-5,yes,Fair
15630661,614,Spain,Female,25,10,75212.28,1,yes,no,58965.04,no,no,<25,6-10,yes,Fair
15734044,671,France,Female,31,7,41299.03,1,no,yes,102681.32,no,no,25-34,6-10,no,Good
15705001,587,Spain,Female,35,3,83286.56,1,yes,no,125553.52,no,no,25-34,3-5,yes,Fair
15809817,593,Spain,Male,43,10,0.0,2,no,no,53478.02,no,yes,35-44,6-10,no,Fair
15809137,453,France,Male,29,6,0.0,1,no,no,198376.02,yes,yes,25-34,6-10,yes,Poor
15751593,570,Germany,Male,35,6,85668.59,1,yes,no,105525.36,no,no,25-34,6-10,yes,Poor
15626491,655,France,Female,45,7,57327.04,1,no,yes,47349.0,no,no,35-44,6-10,no,Fair
15765461,632,Spain,Male,47,3,0.0,2,yes,no,178822.32,no,yes,45-54,3-5,no,Fair
15568120,681,France,Female,37,7,69609.85,1,yes,yes,72127.83,no,no,35-44,6-10,no,Good
15787161,591,Germany,Male,46,4,129269.27,1,yes,no,163504.33,no,no,45-54,3-5,yes,Fair
15812324,779,France,Male,27,1,0.0,2,yes,yes,190623.02,no,yes,25-34,1-2,no,Very Good
15588944,456,France,Female,63,1,165350.61,2,no,no,140758.07,yes,no,55-64,1-2,no,Poor
15694253,686,France,Female,41,7,152105.57,2,no,yes,132374.41,no,no,35-44,6-10,no,Good
15759566,617,France,Male,74,10,0.0,2,yes,yes,53949.98,no,yes,65+,6-10,no,Fair
15675675,850,France,Female,32,5,106290.64,1,yes,no,121982.73,no,no,25-34,3-5,yes,Excellent
15802060,646,Germany,Female,30,10,100548.67,2,no,no,136983.77,no,no,25-34,6-10,no,Fair
15660505,735,Germany,Male,46,2,106344.95,1,yes,no,114371.33,yes,no,45-54,1-2,yes,Good
15782630,543,France,Male,35,5,137482.19,1,no,no,62389.35,no,no,25-34,3-5,yes,Poor
15700710,490,France,Female,37,3,116465.53,1,no,yes,24435.77,no,no,35-44,3-5,no,Poor
15742834,640,France,Male,45,1,0.0,1,yes,yes,10908.33,no,yes,35-44,1-2,no,Fair
15806511,445,Spain,Male,45,10,0.0,2,no,yes,90977.48,no,yes,35-44,6-10,no,Poor
15608166,761,France,Male,36,9,127637.92,1,yes,yes,81062.93,no,no,35-44,6-10,no,Very Good
15614230,426,France,Female,34,3,0.0,2,yes,yes,61230.83,no,yes,25-34,3-5,no,Poor
15729958,777,France,Male,37,1,0.0,1,yes,yes,126837.72,no,yes,35-44,1-2,no,Very Good
15800814,534,France,Male,35,2,81951.74,2,yes,no,115668.53,no,no,25-34,1-2,no,Poor
15674727,777,France,Female,42,5,147531.82,1,yes,yes,38819.45,no,no,35-44,3-5,no,Very Good
15657779,806,Spain,Male,18,3,0.0,2,yes,yes,86994.54,no,yes,<25,3-5,no,Excellent
15801395,790,France,Female,33,10,135120.72,1,no,no,195204.99,no,no,25-34,6-10,yes,Very Good
15757911,643,Spain,Female,32,2,0.0,1,no,no,131301.74,no,yes,25-34,1-2,yes,Fair
15665340,584,Spain,Female,37,8,0.0,2,no,yes,100835.19,no,yes,35-44,6-10,no,Fair
15787151,638,France,Female,34,7,0.0,2,yes,yes,198969.78,no,yes,25-34,6-10,no,Fair
15757821,771,Spain,Male,18,1,0.0,2,no,no,41542.95,no,yes,<25,1-2,no,Very Good
15600688,600,France,Female,39,5,0.0,2,no,no,118272.07,no,yes,35-44,3-5,no,Fair
15594878,661,Spain,Female,41,5,28082.95,1,yes,no,69586.27,yes,no,35-44,3-5,yes,Fair
15569248,554,France,Female,43,10,0.0,2,yes,no,149629.13,yes,yes,35-44,6-10,no,Poor
15812706,627,Spain,Male,49,4,111087.5,1,no,yes,146680.25,no,no,45-54,3-5,no,Fair
15645045,659,France,Female,38,9,0.0,2,yes,yes,132809.18,no,yes,35-44,6-10,no,Fair
15766746,835,France,Male,35,6,127120.07,1,yes,no,28707.69,no,no,25-34,6-10,yes,Excellent
15700383,763,France,Female,35,7,115651.6,2,yes,yes,104706.29,no,no,25-34,6-10,no,Very Good
15632551,625,Germany,Male,31,4,77743.01,2,yes,no,75335.68,no,no,25-34,3-5,no,Fair
15795129,799,France,Female,30,9,0.0,2,yes,no,136827.96,no,yes,25-34,6-10,no,Very Good
15650545,849,France,Male,69,7,71996.09,1,yes,yes,139065.94,no,no,65+,6-10,no,Excellent
15612769,692,France,Male,28,5,61581.97,1,yes,yes,70179.91,no,no,25-34,3-5,no,Good
15710853,623,France,Female,24,5,0.0,2,yes,no,116160.04,no,yes,<25,3-5,no,Fair
15623712,453,Spain,Female,42,5,0.0,3,yes,no,83008.49,yes,yes,35-44,3-5,no,Poor
15653251,408,France,Female,84,8,87873.39,1,no,no,188484.52,yes,no,65+,6-10,yes,Poor
15755077,778,Germany,Female,37,0,105617.73,2,yes,yes,133699.82,yes,no,35-44,0,no,Very Good
15808557,695,France,Female,42,5,0.0,1,no,yes,72172.13,yes,yes,35-44,3-5,no,Good
15614687,677,Germany,Female,44,4,148770.61,2,yes,yes,191057.76,no,no,35-44,3-5,no,Good
15626882,662,Spain,Male,37,5,94901.09,1,yes,yes,48233.75,no,no,35-44,3-5,no,Fair
15748034,534,France,Male,29,7,174851.9,1,yes,yes,79178.31,no,no,25-34,6-10,no,Poor
15632324,602,France,Male,59,7,0.0,2,yes,yes,162347.05,no,yes,55-64,6-10,no,Fair
15761023,554,Germany,Female,43,2,120847.11,1,yes,no,7611.61,yes,no,35-44,1-2,yes,Poor
15761453,667,France,Male,42,6,0.0,1,yes,no,88890.05,no,yes,35-44,6-10,yes,Fair
15646726,672,France,Male,43,5,0.0,1,no,no,63833.09,no,yes,35-44,3-5,yes,Good
15637169,838,Spain,Female,67,4,103267.8,1,yes,yes,78310.04,no,no,65+,3-5,no,Excellent
15636024,692,Spain,Female,34,4,109699.08,1,yes,yes,37898.91,no,no,25-34,3-5,no,Good
15801218,675,France,Male,49,8,135133.39,1,no,yes,179521.24,yes,no,45-54,6-10,no,Good
15642655,731,Spain,Male,33,1,0.0,1,yes,no,130726.96,no,yes,25-34,1-2,yes,Good
15690130,468,France,Female,32,8,137649.47,1,no,no,198714.29,no,no,25-34,6-10,yes,Poor
15653753,542,Spain,Male,43,6,113567.94,1,yes,no,89543.25,no,no,35-44,6-10,yes,Poor
15641359,662,Spain,Female,35,6,0.0,2,no,no,2423.9,yes,yes,25-34,6-10,no,Fair
15776827,770,Germany,Male,37,5,141547.26,2,no,yes,180326.83,no,no,35-44,3-5,no,Very Good
15647725,675,France,Female,61,5,62055.17,3,yes,no,166305.16,yes,no,55-64,3-5,no,Good
15648455,647,Germany,Male,51,4,131156.76,1,yes,no,29883.63,no,no,45-54,3-5,yes,Fair
15580629,604,France,Male,31,6,134837.58,1,yes,no,192029.19,no,no,25-34,6-10,yes,Fair
15730161,833,France,Female,39,3,0.0,2,yes,no,1710.89,no,yes,35-44,3-5,no,Excellent
15626612,741,Spain,Male,40,4,104784.23,1,yes,no,135163.76,yes,no,35-44,3-5,yes,Very Good
15662865,658,Spain,Male,36,1,0.0,2,no,yes,84927.42,no,yes,35-44,1-2,no,Fair
15629094,528,France,Female,36,1,156948.41,1,yes,yes,149912.28,yes,no,35-44,1-2,no,Poor
15651823,590,France,Female,60,6,147751.75,1,yes,no,88206.04,yes,no,55-64,6-10,yes,Fair
15594827,675,France,Male,34,1,124619.33,2,no,yes,163667.56,no,no,25-34,1-2,no,Good
15786392,765,France,Male,41,4,124182.21,1,no,no,100153.43,no,no,35-44,3-5,yes,Very Good
15727353,650,France,Female,64,7,142028.36,1,yes,no,32275.09,yes,no,55-64,6-10,yes,Fair
15733777,817,France,Male,44,8,0.0,1,no,no,65501.91,yes,yes,35-44,6-10,yes,Excellent
15614302,699,Germany,Female,31,10,125837.86,2,yes,no,189392.66,no,no,25-34,6-10,no,Good
15723263,495,Germany,Female,34,9,117160.32,1,yes,yes,116069.24,yes,no,25-34,6-10,no,Poor
15687270,491,Spain,Female,61,8,0.0,2,no,yes,139861.53,no,yes,55-64,6-10,no,Poor
15803121,847,France,Male,51,5,97565.74,1,no,no,144184.06,yes,no,45-54,3-5,yes,Excellent
15598700,676,Spain,Female,30,5,0.0,2,no,yes,157888.5,no,yes,25-34,3-5,no,Good
15741875,746,Spain,Female,25,3,104833.79,1,no,no,71911.3,no,no,<25,3-5,yes,Very Good
15631709,470,Spain,Female,31,2,101675.22,2,yes,no,45033.75,no,no,25-34,1-2,no,Poor
15672970,714,Spain,Male,20,3,0.0,2,no,yes,150465.93,no,yes,<25,3-5,no,Good
15761670,695,France,Female,50,8,0.0,1,yes,no,126381.6,yes,yes,45-54,6-10,yes,Good
15706005,674,France,Male,46,2,174701.05,1,yes,no,90189.72,yes,no,45-54,1-2,yes,Good
15790336,664,Germany,Male,36,6,71142.77,2,yes,no,122433.09,no,no,35-44,6-10,no,Fair
15754267,697,Germany,Male,31,3,108805.42,2,no,yes,123825.83,no,no,25-34,3-5,no,Good
15791988,670,France,Male,68,4,0.0,2,yes,yes,11426.7,no,yes,65+,3-5,no,Fair
15683375,541,France,Female,32,4,0.0,1,yes,yes,114951.42,no,yes,25-34,3-5,no,Poor
15625151,640,France,Female,66,9,116037.76,1,no,yes,184636.05,no,no,65+,6-10,no,Fair
15635285,647,France,Male,28,8,0.0,2,yes,yes,91055.27,no,yes,25-34,6-10,no,Fair
15574296,757,France,Male,23,2,80673.96,2,yes,no,93991.65,no,no,<25,1-2,no,Very Good
15711618,704,Germany,Female,39,1,124640.51,1,yes,no,116511.12,yes,no,35-44,1-2,yes,Good
15670943,778,Germany,Male,31,9,182275.23,2,yes,no,190631.23,no,no,25-34,6-10,no,Very Good
15634359,639,Germany,Female,41,5,98635.77,1,yes,no,199970.74,no,no,35-44,3-5,yes,Fair
15586629,637,France,Male,33,5,0.0,2,yes,no,139947.17,no,yes,25-34,3-5,no,Fair
15588461,686,France,Male,35,4,0.0,1,yes,no,8816.37,no,yes,25-34,3-5,yes,Good
15773221,577,Spain,Male,43,8,79757.21,1,yes,no,135650.72,yes,no,35-44,6-10,yes,Poor
15664227,506,Germany,Male,28,8,53053.76,1,no,yes,24577.34,no,no,25-34,6-10,no,Poor
15741745,757,France,Male,28,7,120911.75,2,yes,yes,131249.46,no,no,25-34,6-10,no,Very Good
15652626,826,France,Male,55,4,115285.85,1,yes,no,140126.17,no,no,45-54,3-5,yes,Excellent
15599410,721,France,Male,41,2,0.0,2,yes,no,168219.75,no,yes,35-44,1-2,no,Good
15571958,489,Spain,Male,40,3,221532.8,1,yes,no,171867.08,no,no,35-44,3-5,yes,Poor
15785406,446,France,Female,51,4,105056.13,1,no,no,70613.52,no,no,45-54,3-5,yes,Poor
15687884,677,France,Male,37,3,88363.03,1,no,yes,117946.3,no,no,35-44,3-5,no,Good
15621685,769,France,Male,29,2,123757.52,2,yes,no,84872.66,no,no,25-34,1-2,no,Very Good
15628886,677,Spain,Male,56,5,123959.97,1,yes,yes,60590.72,yes,no,55-64,3-5,no,Good
15699325,555,Germany,Female,62,10,114822.64,1,no,yes,8444.5,no,no,55-64,6-10,no,Poor
15578369,652,Germany,Female,37,9,145219.3,1,yes,no,159132.83,no,no,35-44,6-10,yes,Fair
15654156,722,Germany,Female,32,5,106807.64,1,yes,yes,76998.69,no,no,25-34,3-5,no,Good
15707199,643,France,Male,36,0,148159.71,1,no,no,55835.66,no,no,35-44,0,yes,Fair
15671630,796,Germany,Female,40,1,99745.95,1,yes,no,177524.19,no,no,35-44,1-2,yes,Very Good
15632079,720,Germany,Female,37,8,156282.79,1,yes,no,45985.52,no,no,35-44,6-10,yes,Good
15767921,613,France,Male,41,7,0.0,2,yes,no,60297.72,no,yes,35-44,6-10,no,Fair
15573599,506,France,Female,57,6,0.0,2,no,yes,194421.12,yes,yes,55-64,6-10,no,Poor
15747208,608,France,Male,50,6,0.0,1,yes,no,93568.77,yes,yes,45-54,6-10,yes,Fair
15582762,667,Spain,Male,77,2,0.0,1,yes,yes,34702.92,no,yes,65+,1-2,no,Fair
15772528,750,France,Female,47,7,121376.15,2,yes,no,54473.6,yes,no,45-54,6-10,no,Very Good
15755798,610,France,Male,33,4,111582.11,1,no,no,113943.17,no,no,25-34,3-5,yes,Fair
15788683,588,Germany,Female,34,10,129417.82,1,yes,no,153727.32,no,no,25-34,6-10,yes,Fair
15616922,479,France,Female,26,1,0.0,2,yes,yes,19116.97,no,yes,25-34,1-2,no,Poor
15771855,682,France,Male,37,5,0.0,2,no,yes,112554.68,no,yes,35-44,3-5,no,Good
15601873,677,France,Female,36,7,0.0,1,yes,no,47318.75,no,yes,35-44,6-10,yes,Good
15657868,850,Germany,Male,40,6,94607.08,1,yes,no,36690.49,no,no,35-44,6-10,yes,Excellent
15711716,580,France,Female,56,1,131368.3,1,yes,no,106918.67,yes,no,55-64,1-2,yes,Poor
15734246,746,France,Female,21,8,166883.07,2,no,yes,194563.65,no,no,<25,6-10,no,Very Good
15792151,635,Spain,Female,37,3,0.0,2,yes,no,91086.73,no,yes,35-44,3-5,no,Fair
15770159,664,Germany,Male,25,6,172812.72,2,yes,yes,108008.65,no,no,<25,6-10,no,Fair
15747649,558,Germany,Female,36,0,126606.63,2,yes,yes,172363.52,no,no,35-44,0,no,Poor
15639357,415,France,Male,46,9,134950.19,3,no,no,178587.36,yes,no,45-54,6-10,no,Poor
15738907,798,France,Female,60,6,96956.1,1,yes,no,31907.44,yes,no,55-64,6-10,yes,Very Good
15663446,792,Germany,Female,29,4,107601.79,1,yes,no,18922.18,yes,no,25-34,3-5,yes,Very Good
15750867,489,Germany,Female,46,8,92060.06,1,yes,no,147222.95,yes,no,45-54,6-10,yes,Poor
15715939,730,France,Male,33,0,0.0,2,yes,no,1474.79,no,yes,25-34,0,no,Good
15763806,773,France,Male,41,4,0.0,2,yes,yes,24924.92,no,yes,35-44,3-5,no,Very Good
15637993,711,France,Male,36,9,137688.71,1,yes,yes,46884.1,no,no,35-44,6-10,no,Good
15720338,592,Spain,Male,55,8,85845.43,2,yes,yes,128918.42,no,no,45-54,6-10,no,Fair
15627162,695,Germany,Male,27,6,125552.96,1,yes,no,105291.26,no,no,25-34,6-10,yes,Good
15596710,640,France,Female,33,1,167298.42,1,no,yes,145381.65,no,no,25-34,1-2,no,Fair
15781678,470,Spain,Male,31,4,55732.92,2,yes,yes,103792.53,no,no,25-34,3-5,no,Poor
15634968,789,Germany,Female,37,6,110689.07,1,yes,yes,71121.04,yes,no,35-44,6-10,no,Very Good
15609475,604,Spain,Female,39,7,98544.11,1,yes,yes,52327.57,no,no,35-44,6-10,no,Fair
15573319,493,Germany,Female,35,8,178317.6,1,no,no,197428.64,no,no,25-34,6-10,yes,Poor
15738291,671,France,Female,48,8,115713.84,2,no,no,83210.84,no,no,45-54,6-10,no,Good
15782456,656,France,Male,46,9,143267.14,2,no,no,193099.43,no,no,45-54,6-10,no,Fair
15794841,739,Spain,Male,19,5,89750.21,1,yes,no,193008.52,no,no,<25,3-5,yes,Good
15684696,560,Spain,Female,26,3,116576.45,1,yes,no,157567.37,no,no,25-34,3-5,yes,Poor
15629846,827,Germany,Female,47,8,143001.5,2,yes,no,108977.5,no,no,45-54,6-10,no,Excellent
15674442,681,France,Male,23,7,157761.56,1,no,no,147759.84,no,no,<25,6-10,yes,Good
15571689,740,France,Female,37,5,0.0,2,yes,yes,27528.4,no,yes,35-44,3-5,no,Good
15730469,663,Spain,Male,31,4,103430.11,2,no,yes,36479.27,no,no,25-34,3-5,no,Fair
15809320,845,Spain,Female,52,0,0.0,1,yes,no,31726.76,yes,yes,45-54,0,yes,Excellent
15684367,555,Spain,Male,27,5,0.0,2,no,no,96398.51,no,yes,25-34,3-5,no,Poor
15793049,680,Germany,Female,48,8,115115.38,1,yes,no,139558.6,yes,no,45-54,6-10,yes,Good
15603665,638,Germany,Female,39,0,122501.28,2,yes,yes,95007.8,no,no,35-44,0,no,Fair
15613623,640,Spain,Male,62,3,0.0,1,yes,yes,101663.47,no,yes,55-64,3-5,no,Fair
15569572,778,France,Male,42,6,0.0,2,yes,yes,106197.44,no,yes,35-44,6-10,no,Very Good
15698791,679,France,Male,45,3,146758.24,1,yes,no,48466.89,no,no,35-44,3-5,yes,Good
15626233,593,France,Female,32,3,0.0,2,yes,yes,151978.36,no,yes,25-34,3-5,no,Fair
15607263,788,France,Male,55,3,0.0,1,no,yes,13288.46,yes,yes,45-54,3-5,no,Very Good
15610900,770,France,Female,70,9,110738.89,1,yes,no,22666.77,yes,no,65+,6-10,yes,Very Good
15624775,729,France,Male,67,2,94203.8,1,no,yes,102391.06,no,no,65+,1-2,no,Good
15691703,545,France,Male,47,8,105792.49,1,no,yes,67830.2,yes,no,45-54,6-10,no,Poor
15745355,597,France,Male,41,4,153198.23,1,yes,yes,92090.36,no,no,35-44,3-5,no,Fair
15724955,537,France,Male,38,3,0.0,2,no,no,141023.01,no,yes,35-44,3-5,no,Poor
15628999,732,France,Male,79,10,61811.23,1,yes,yes,104222.8,no,no,65+,6-10,no,Good
15654341,542,France,Male,34,8,101116.06,1,yes,no,196395.05,no,no,25-34,6-10,yes,Poor
15744240,688,Germany,Female,46,0,74458.25,1,no,yes,6866.31,no,no,45-54,0,no,Good
15632365,542,Germany,Male,33,8,142871.27,2,no,no,77737.86,no,no,25-34,6-10,no,Poor
15729689,754,Germany,Male,35,6,98585.94,2,no,yes,106116.84,no,no,25-34,6-10,no,Very Good
15759284,750,France,Female,37,6,0.0,1,yes,yes,117948.0,yes,yes,35-44,6-10,no,Very Good
15602124,731,France,Male,30,7,0.0,2,yes,yes,184581.68,no,yes,25-34,6-10,no,Good
15661903,699,France,Female,43,3,80764.03,1,yes,no,199378.58,yes,no,35-44,3-5,yes,Good
15664668,534,France,Female,42,9,144801.97,1,no,yes,12483.39,yes,no,35-44,6-10,no,Poor
15736431,494,Spain,Male,27,2,0.0,2,yes,no,22404.64,no,yes,25-34,1-2,no,Poor
15748639,497,Germany,Male,35,7,110053.62,2,yes,yes,92887.06,no,no,25-34,6-10,no,Poor
15628123,632,France,Female,28,5,118890.81,1,no,yes,145157.97,no,no,25-34,3-5,no,Fair
15602731,724,France,Male,31,5,0.0,1,yes,no,134889.95,yes,yes,25-34,3-5,yes,Good
15794137,751,Germany,Female,37,0,151218.98,1,yes,yes,109309.29,no,no,35-44,0,no,Very Good
15748696,733,France,Male,42,9,150507.21,1,no,yes,169964.12,no,no,35-44,6-10,no,Good
15725068,701,Spain,Female,21,9,0.0,2,yes,yes,26327.42,no,yes,<25,6-10,no,Good
15807340,525,Germany,Male,33,4,131023.76,2,no,no,55072.93,no,no,25-34,3-5,no,Poor
15586133,666,Germany,Female,44,2,122314.5,1,no,no,68574.88,yes,no,35-44,1-2,yes,Fair
15576185,653,France,Male,29,2,0.0,2,yes,yes,41671.81,no,yes,25-34,1-2,no,Fair
15660809,850,France,Male,28,4,0.0,2,yes,yes,12409.01,no,yes,25-34,3-5,no,Excellent
15616666,646,Germany,Female,52,6,111739.4,2,no,yes,68367.18,no,no,45-54,6-10,no,Fair
15706904,750,France,Male,43,6,113882.31,1,yes,yes,74564.41,no,no,35-44,6-10,no,Very Good
15606915,764,France,Male,24,7,98148.61,1,yes,no,26843.76,no,no,<25,6-10,yes,Very Good
15749693,658,France,Female,32,9,0.0,2,yes,no,156774.75,no,yes,25-34,6-10,no,Fair
15791743,727,France,Male,32,1,59271.82,1,yes,yes,46019.43,no,no,25-34,1-2,no,Good
15796480,687,France,Female,31,2,0.0,2,no,yes,145411.39,no,yes,25-34,1-2,no,Good
15790442,631,Spain,Male,33,2,0.0,2,yes,yes,158268.84,no,yes,25-34,1-2,no,Fair
15609458,797,France,Male,30,10,69413.44,1,yes,yes,74637.57,no,no,25-34,6-10,no,Very Good
15593897,650,Spain,Male,25,7,160599.06,2,yes,yes,28391.52,no,no,<25,6-10,no,Fair
15604576,850,Spain,Male,22,3,0.0,1,yes,yes,144385.54,no,yes,<25,3-5,no,Excellent
15666270,676,France,Female,40,2,147803.48,1,yes,no,95181.06,yes,no,35-44,1-2,yes,Good
15572626,620,Spain,Male,44,8,0.0,2,yes,yes,15627.51,no,yes,35-44,6-10,no,Fair
15727197,576,France,Female,52,9,170228.59,2,no,no,148477.57,yes,no,45-54,6-10,no,Poor
15714006,482,France,Female,35,2,133111.73,1,no,yes,79957.95,no,no,25-34,1-2,no,Poor
15642137,695,Spain,Female,39,5,0.0,2,no,no,102763.69,no,yes,35-44,3-5,no,Good
15665327,706,France,Male,18,2,176139.5,2,yes,no,129654.22,no,no,<25,1-2,no,Good
15626806,668,France,Female,32,2,0.0,2,yes,yes,40652.33,no,yes,25-34,1-2,no,Fair
15662578,679,Germany,Male,35,1,110245.13,1,yes,yes,178291.09,no,no,25-34,1-2,no,Good
15790829,703,France,Female,45,5,0.0,2,yes,no,131906.44,no,yes,35-44,3-5,no,Good
15654959,670,Spain,Male,67,6,158719.57,1,yes,yes,118607.4,no,no,65+,6-10,no,Fair
15760244,590,France,Female,76,5,160979.68,1,no,yes,13848.58,no,no,65+,3-5,no,Fair
15715394,613,Spain,Male,35,4,123557.65,2,no,yes,170903.4,no,no,25-34,3-5,no,Fair
15722246,742,France,Female,60,4,0.0,1,yes,yes,13161.66,yes,yes,55-64,3-5,no,Very Good
15609704,608,France,Female,33,4,0.0,1,yes,no,79304.38,yes,yes,25-34,3-5,yes,Fair
15757628,571,France,Male,40,10,112896.86,1,yes,yes,121402.53,no,no,35-44,6-10,no,Poor
15633586,595,France,Female,39,7,120962.13,1,no,no,23305.01,no,no,35-44,6-10,yes,Fair
15565796,745,Germany,Male,48,10,96048.55,1,yes,no,74510.65,no,no,45-54,6-10,yes,Very Good
15717935,589,France,Female,21,3,0.0,2,no,yes,55601.44,no,yes,<25,3-5,no,Fair
15577700,749,France,Male,37,10,185063.7,2,yes,yes,134526.87,no,no,35-44,6-10,no,Very Good
15747345,678,France,Female,22,6,118064.93,2,yes,yes,195424.01,no,no,<25,6-10,no,Good
15678317,603,France,Male,46,2,0.0,2,yes,yes,59563.49,no,yes,45-54,1-2,no,Fair
15698335,504,France,Female,73,8,0.0,1,yes,yes,34595.58,no,yes,65+,6-10,no,Poor
15768451,739,Germany,Male,40,5,149131.03,3,yes,yes,60036.99,yes,no,35-44,3-5,no,Good
15753213,604,France,Female,34,7,0.0,2,yes,no,193021.49,no,yes,25-34,6-10,no,Fair
15769645,612,France,Female,35,3,0.0,1,yes,yes,48108.72,no,yes,25-34,3-5,no,Fair
15657565,629,Spain,Female,44,6,125512.98,2,no,no,79082.76,no,no,35-44,6-10,no,Fair
15620323,652,Spain,Female,42,3,83492.07,2,yes,no,37914.12,no,no,35-44,3-5,no,Fair
15679983,565,France,Male,34,7,0.0,1,no,no,74593.84,no,yes,25-34,6-10,yes,Poor
15812616,707,France,Female,49,10,0.0,1,yes,no,82967.97,yes,yes,45-54,6-10,yes,Good
15601796,645,France,Male,30,1,125739.26,1,yes,yes,193441.23,no,no,25-34,1-2,no,Fair
15729489,762,Germany,Female,34,8,98592.88,1,no,yes,191790.29,yes,no,25-34,6-10,no,Very Good
15613216,639,Spain,Female,39,1,141789.15,1,yes,no,92455.96,no,no,35-44,1-2,yes,Fair
15657937,709,Germany,Male,22,0,112949.71,1,no,no,155231.55,no,no,<25,0,yes,Good
15815428,823,France,Male,34,3,105057.33,1,yes,no,9217.92,no,no,25-34,3-5,yes,Excellent
15640409,817,Germany,Female,46,0,89087.89,1,no,yes,87941.85,yes,no,45-54,0,no,Excellent
15699492,665,Germany,Female,27,2,147435.96,1,no,no,187508.06,no,no,25-34,1-2,yes,Fair
15623536,646,Germany,Male,39,0,154439.86,1,yes,no,171519.06,no,no,35-44,0,yes,Fair
15707551,568,France,Male,30,8,73054.37,2,yes,yes,27012.0,no,no,25-34,6-10,no,Poor
15577999,850,France,Female,62,1,124678.35,1,yes,no,70916.0,yes,no,55-64,1-2,yes,Excellent
15788775,473,Germany,Male,40,8,152576.25,2,yes,no,73073.68,no,no,35-44,6-10,no,Poor
15758362,731,France,Female,41,9,152243.57,1,yes,yes,88783.59,no,no,35-44,6-10,no,Good
15807961,619,France,Male,25,4,0.0,1,yes,no,145524.36,no,yes,<25,3-5,yes,Fair
15710978,715,Germany,Male,42,2,88120.97,2,yes,yes,21333.22,no,no,35-44,1-2,no,Good
15703541,772,Germany,Female,51,9,143930.92,1,no,yes,46675.51,yes,no,45-54,6-10,no,Very Good
15626474,686,France,Female,31,1,0.0,2,yes,no,4802.25,no,yes,25-34,1-2,no,Good
15608344,749,Germany,Female,29,7,137059.05,3,yes,no,102975.72,yes,no,25-34,6-10,no,Very Good
15768367,781,France,Female,27,7,186558.55,1,yes,yes,175071.29,yes,no,25-34,6-10,no,Very Good
15806210,675,Spain,Male,66,5,115654.47,2,yes,yes,131970.86,no,no,65+,3-5,no,Good
15697702,730,Spain,Male,29,2,0.0,2,yes,no,14174.09,no,yes,25-34,1-2,no,Good
15689152,683,Spain,Male,38,3,126152.84,1,no,no,15378.75,no,no,35-44,3-5,yes,Good
15568573,554,Germany,Female,51,7,105701.91,1,no,yes,179797.79,yes,no,45-54,6-10,no,Poor
15689598,722,France,Male,46,6,0.0,1,yes,yes,93917.68,yes,yes,45-54,6-10,no,Good
15713374,689,Germany,Male,67,9,157094.78,1,yes,yes,99490.01,no,no,65+,6-10,no,Good
15679733,796,Germany,Male,40,2,113228.38,2,yes,yes,46415.09,no,no,35-44,1-2,no,Very Good
15759274,447,France,Female,32,10,0.0,1,yes,yes,151815.76,no,yes,25-34,6-10,no,Poor
15607748,498,Germany,Male,37,8,108432.88,2,yes,yes,14865.05,no,no,35-44,6-10,no,Poor
15607577,663,Spain,Male,27,8,0.0,1,yes,yes,188007.99,no,yes,25-34,6-10,no,Fair
15813697,498,Germany,Female,44,2,120702.67,2,yes,yes,98175.74,no,no,35-44,1-2,no,Poor
15801125,627,France,Female,32,1,0.0,1,yes,no,106851.7,no,yes,25-34,1-2,yes,Fair
15777855,649,France,Male,45,7,0.0,2,no,yes,75204.21,no,yes,35-44,6-10,no,Fair
15635396,738,Germany,Female,29,9,139106.19,1,yes,no,141872.05,yes,no,25-34,6-10,yes,Good
15698031,587,Germany,Female,39,6,101851.8,2,yes,no,7103.71,no,no,35-44,6-10,no,Fair
15678944,655,Germany,Female,32,6,130935.56,1,yes,no,9241.83,yes,no,25-34,6-10,yes,Fair
15718507,647,Germany,Male,37,3,116509.99,1,yes,yes,149517.71,yes,no,35-44,3-5,no,Fair
15808334,776,Germany,Female,37,1,93124.04,2,yes,yes,196079.32,no,no,35-44,1-2,no,Very Good
15804709,688,Germany,Male,35,5,111578.18,1,no,no,166165.93,yes,no,25-34,3-5,yes,Good
15645835,605,France,Male,32,9,0.0,2,yes,yes,55724.24,no,yes,25-34,6-10,no,Fair
15738166,596,France,Female,39,10,86546.29,1,no,yes,131768.98,no,no,35-44,6-10,no,Fair
15675360,427,France,Male,33,8,0.0,1,yes,yes,13858.95,no,yes,25-34,6-10,no,Poor
15793042,629,France,Male,39,2,129669.32,2,yes,no,82774.07,no,no,35-44,1-2,no,Fair
15630106,496,Spain,Male,29,2,0.0,2,yes,no,55389.59,no,yes,25-34,1-2,no,Poor
15810385,717,Spain,Female,36,2,164557.95,1,no,yes,82336.73,no,no,35-44,1-2,no,Good
15578211,777,France,Male,23,6,0.0,2,yes,yes,163225.48,no,yes,<25,6-10,no,Very Good
15572792,535,Spain,Male,35,8,118989.92,1,yes,yes,135536.72,no,no,25-34,6-10,no,Poor
15620030,744,France,Male,29,1,0.0,1,no,no,82422.97,no,yes,25-34,1-2,yes,Very Good
15783541,755,France,Male,31,5,0.0,2,no,yes,194660.78,no,yes,25-34,3-5,no,Very Good
15679284,593,Spain,Female,45,6,79259.75,1,yes,no,55347.28,no,no,35-44,6-10,yes,Fair
15582910,514,France,Male,38,4,112230.38,1,yes,no,16717.11,yes,no,35-44,3-5,yes,Poor
15688337,721,France,Male,40,9,118129.87,1,yes,yes,160277.65,no,no,35-44,6-10,no,Good
15734970,835,Spain,Male,38,7,86824.09,1,no,no,175905.97,no,no,35-44,6-10,yes,Excellent
15759140,682,France,Female,64,10,128306.7,1,no,yes,66040.83,no,no,55-64,6-10,no,Good
15643042,590,Germany,Female,40,2,117641.43,2,no,no,92198.05,no,no,35-44,1-2,no,Fair
15773868,653,Germany,Female,37,3,125734.2,2,yes,no,134625.09,yes,no,35-44,3-5,no,Fair
15615820,837,France,Male,49,8,103302.37,1,yes,yes,50974.57,no,no,45-54,6-10,no,Excellent
15730273,841,France,Male,27,8,0.0,1,yes,no,171922.72,no,yes,25-34,6-10,yes,Excellent
15724890,584,Spain,Male,36,4,82696.09,2,no,no,83058.14,no,no,35-44,3-5,no,Fair
15765952,769,France,Male,29,4,145471.37,1,yes,no,188382.77,no,no,25-34,3-5,yes,Very Good
15685920,599,Spain,Male,34,2,101506.66,1,no,no,198030.24,no,no,25-34,1-2,yes,Fair
15663263,698,France,Male,47,5,156265.31,2,no,no,1055.66,no,no,45-54,3-5,no,Good
15568953,477,France,Male,27,1,128554.98,1,yes,yes,133173.19,no,no,25-34,1-2,no,Poor
15643361,477,Germany,Male,34,8,139959.55,2,yes,yes,189875.83,no,no,25-34,6-10,no,Poor
15699486,745,Spain,Male,34,7,132944.53,1,yes,yes,31802.92,no,no,25-34,6-10,no,Very Good
15747854,749,France,Female,35,3,0.0,3,yes,yes,132649.85,no,yes,25-34,3-5,no,Very Good
15691785,850,France,Male,61,1,0.0,1,yes,no,53067.83,yes,yes,55-64,1-2,yes,Excellent
15709004,528,Germany,Male,22,5,93547.23,2,no,yes,961.57,no,no,<25,3-5,no,Poor
15652218,750,France,Male,33,2,152302.72,1,yes,no,71333.44,no,no,25-34,1-2,yes,Very Good
15697127,543,France,Female,31,2,147674.26,1,yes,yes,16658.76,no,no,25-34,1-2,no,Poor
15658486,579,Spain,Female,59,3,148021.12,1,yes,yes,74878.22,no,no,55-64,3-5,no,Poor
15694160,624,France,Male,37,0,0.0,2,no,no,112104.55,no,yes,35-44,0,no,Fair
15685290,595,Germany,Male,46,5,142360.62,2,yes,no,48421.4,yes,no,45-54,3-5,no,Fair
15701042,596,Germany,Female,27,2,151027.56,1,yes,no,170320.58,no,no,25-34,1-2,yes,Fair
15680449,431,Germany,Female,44,2,138843.7,1,yes,no,37688.31,yes,no,35-44,1-2,yes,Poor
15599860,647,Spain,Female,26,8,109958.15,1,yes,yes,136592.24,yes,no,25-34,6-10,no,Fair
15723169,640,France,Female,31,9,138857.59,1,yes,no,48640.77,no,no,25-34,6-10,yes,Fair
15803842,752,Germany,Female,45,3,105426.5,2,no,yes,89773.45,no,no,35-44,3-5,no,Very Good
15728224,710,Germany,Female,41,9,149155.53,2,yes,no,42131.26,yes,no,35-44,6-10,no,Good
15644174,638,Germany,Male,27,4,135096.05,1,yes,yes,186523.72,yes,no,25-34,3-5,no,Fair
15707110,660,Germany,Male,28,2,170890.05,2,yes,no,41758.9,no,no,25-34,1-2,no,Fair
15765415,609,Spain,Female,45,4,89122.3,1,yes,yes,199256.98,no,no,35-44,3-5,no,Fair
15756751,596,Spain,Female,54,0,78126.28,1,yes,yes,153482.91,yes,no,45-54,0,no,Fair
15795151,705,France,Female,38,3,123894.43,1,yes,no,21177.1,no,no,35-44,3-5,yes,Good
15632859,444,France,Male,36,7,0.0,2,no,yes,138743.86,no,yes,35-44,6-10,no,Poor
15584037,727,Germany,Male,58,5,106913.43,1,yes,no,25881.0,yes,no,55-64,3-5,yes,Good
15621409,496,France,Male,32,4,127845.83,1,yes,no,66469.2,no,no,25-34,3-5,yes,Poor
15581102,554,France,Female,22,8,0.0,2,no,yes,142670.61,no,yes,<25,6-10,no,Poor
15578096,537,France,Male,26,7,106397.75,1,no,no,103563.23,no,no,25-34,6-10,yes,Poor
15669887,839,France,Female,51,3,0.0,1,yes,yes,69101.23,yes,yes,45-54,3-5,no,Excellent
15621834,700,Spain,Female,43,0,0.0,2,yes,no,59475.35,no,yes,35-44,0,no,Good
15655341,458,Spain,Female,35,5,166492.48,1,yes,no,135287.74,no,no,25-34,3-5,yes,Poor
15685314,850,France,Female,28,2,0.0,2,yes,yes,38773.74,no,yes,25-34,1-2,no,Excellent
15653997,699,Spain,Male,31,6,114493.68,1,no,no,138396.32,no,no,25-34,6-10,yes,Good
15629551,615,Germany,Female,44,9,126104.98,2,no,yes,110718.02,no,no,35-44,6-10,no,Fair
15651264,850,Germany,Male,51,4,124425.99,1,no,no,118545.49,yes,no,45-54,3-5,yes,Excellent
15760825,604,France,Female,40,1,0.0,2,yes,no,123207.17,no,yes,35-44,1-2,no,Fair
15597394,668,Spain,Male,34,0,0.0,1,no,no,99984.86,no,yes,25-34,0,yes,Fair
15740383,594,Spain,Female,38,10,0.0,2,yes,no,58332.91,no,yes,35-44,6-10,no,Fair
15670562,470,France,Male,30,3,101140.76,1,yes,yes,50906.65,no,no,25-34,3-5,no,Poor
15698117,701,Germany,Male,41,0,150844.94,1,no,yes,127623.36,no,no,35-44,0,no,Good
15694805,664,Spain,Male,35,1,115024.5,1,no,yes,169665.79,no,no,25-34,1-2,no,Fair
15746802,477,France,Female,30,6,131286.46,1,yes,no,194144.45,no,no,25-34,6-10,yes,Poor
15589428,756,France,Female,42,9,0.0,2,yes,no,35673.42,no,yes,35-44,6-10,no,Very Good
15790267,625,France,Female,40,7,141267.67,1,no,yes,177397.49,no,no,35-44,6-10,no,Fair
15665402,703,Spain,Male,73,5,137761.55,1,yes,yes,159677.46,no,no,65+,3-5,no,Good
15642093,646,France,Male,30,7,0.0,2,yes,no,153566.97,no,yes,25-34,6-10,no,Fair
15666181,650,France,Male,33,0,98064.97,1,yes,no,52411.99,no,no,25-34,0,yes,Fair
15602554,664,France,Female,31,9,114519.57,2,no,yes,79222.02,no,no,25-34,6-10,no,Fair
15724251,682,Germany,Female,29,6,101012.77,1,no,no,32589.89,yes,no,25-34,6-10,yes,Good
15740147,725,France,Female,44,10,0.0,1,no,yes,93777.61,no,yes,35-44,6-10,no,Good
15718289,553,Germany,Male,46,3,82291.1,1,yes,no,112549.99,yes,no,45-54,3-5,yes,Poor
15763148,576,France,Male,39,9,84719.98,1,no,no,191063.36,no,no,35-44,6-10,yes,Poor
15685245,608,Spain,Female,56,5,0.0,2,no,yes,153810.41,no,yes,55-64,3-5,no,Fair
15626985,850,France,Female,39,0,104386.53,1,yes,no,105886.77,no,no,35-44,0,yes,Excellent
15585823,627,France,Male,31,8,128131.73,1,yes,no,96131.47,no,no,25-34,6-10,yes,Fair
15728167,667,France,Male,44,2,122806.95,1,no,no,15120.86,no,no,35-44,1-2,yes,Fair
15762928,548,Spain,Male,44,8,0.0,1,yes,no,16989.77,no,yes,35-44,6-10,yes,Poor
15751774,774,France,Male,76,4,112510.89,1,yes,yes,143133.18,no,no,65+,3-5,no,Very Good
15654733,794,Germany,Male,57,3,117056.46,1,yes,no,93336.93,yes,no,55-64,3-5,yes,Very Good
15809777,497,Germany,Female,55,7,131778.66,1,yes,yes,9972.64,no,no,45-54,6-10,no,Poor
15744200,587,France,Female,36,1,70784.27,1,yes,no,30579.82,no,no,35-44,1-2,yes,Fair
15720713,850,France,Female,29,10,0.0,2,yes,yes,199775.67,no,yes,25-34,6-10,no,Excellent
15695356,722,France,Male,46,5,0.0,2,yes,no,179908.71,no,yes,45-54,3-5,no,Good
15653315,555,Spain,Female,35,1,0.0,2,yes,no,101667.0,no,yes,25-34,1-2,no,Poor
15604792,609,Germany,Male,38,6,140752.06,2,no,yes,171430.16,no,no,35-44,6-10,no,Fair
15704819,734,Spain,Female,39,6,92126.26,2,no,no,112973.34,no,no,35-44,6-10,no,Good
15670859,718,Germany,Female,39,7,93148.74,2,yes,yes,190746.38,no,no,35-44,6-10,no,Good
15602797,645,Spain,Female,49,5,110132.55,3,no,yes,187689.91,yes,no,45-54,3-5,no,Fair
15662533,598,Spain,Female,23,6,0.0,2,yes,no,153229.19,no,yes,<25,6-10,no,Fair
15778154,628,Germany,Male,50,4,122227.71,1,no,yes,14217.77,yes,no,45-54,3-5,no,Fair
15806230,629,Germany,Male,40,2,121647.54,2,yes,yes,64849.74,yes,no,35-44,1-2,no,Fair
15662884,739,Germany,Male,58,1,110597.76,1,no,yes,160122.66,yes,no,55-64,1-2,no,Good
15750778,653,France,Female,60,2,120731.39,4,yes,yes,138160.11,yes,no,55-64,1-2,no,Fair
15717185,711,France,Male,28,8,0.0,2,yes,yes,64286.39,no,yes,25-34,6-10,no,Good
15677804,783,Spain,Male,38,1,0.0,3,yes,yes,80178.54,yes,yes,35-44,1-2,no,Very Good
15568915,681,France,Male,38,6,153722.47,1,yes,no,101319.76,no,no,35-44,6-10,yes,Good
15736495,712,France,Male,34,8,114088.32,1,yes,no,92794.61,no,no,25-34,6-10,yes,Good
15737354,554,France,Female,48,7,0.0,2,yes,yes,63708.07,no,yes,45-54,6-10,no,Poor
15667889,611,France,Female,37,6,0.0,2,yes,no,110782.88,no,yes,35-44,6-10,no,Fair
15577831,560,Germany,Male,41,4,152532.3,1,no,no,10779.69,no,no,35-44,3-5,yes,Poor
15729836,646,Spain,Male,32,1,0.0,2,yes,no,183289.22,no,yes,25-34,1-2,no,Fair
15775293,680,France,Male,34,3,143292.95,1,yes,no,66526.01,no,no,25-34,3-5,yes,Good
15697597,631,France,Male,26,1,149144.61,1,no,yes,123697.95,no,no,25-34,1-2,no,Fair
15639669,746,France,Male,36,9,127157.04,1,yes,yes,155700.15,no,no,35-44,6-10,no,Very Good
15631392,654,Germany,Male,43,9,84673.17,2,no,yes,82081.35,no,no,35-44,6-10,no,Fair
15580935,687,Germany,Male,33,9,135962.4,2,yes,no,121747.96,no,no,25-34,6-10,no,Good
15590344,708,Germany,Male,32,3,151691.44,2,yes,yes,172810.51,no,no,25-34,3-5,no,Good
15653306,679,Germany,Female,32,0,88335.05,1,no,no,159584.81,no,no,25-34,0,yes,Good
15805025,636,France,Female,45,7,139859.23,1,yes,yes,108402.54,no,no,35-44,6-10,no,Fair
15658449,695,France,Male,45,9,43134.65,1,no,yes,77330.35,no,no,35-44,6-10,no,Good
15694450,677,France,Male,42,5,99580.13,1,yes,no,21007.96,no,no,35-44,3-5,yes,Good
15605666,720,France,Female,34,6,110717.38,1,yes,yes,9398.45,no,no,25-34,6-10,no,Good
15615126,780,France,Female,37,3,0.0,2,no,no,182156.81,yes,yes,35-44,3-5,no,Very Good
15726588,653,Spain,Female,36,3,0.0,2,no,no,110525.6,no,yes,35-44,3-5,no,Fair
15645095,674,France,Female,28,3,0.0,1,yes,no,51536.99,no,yes,25-34,3-5,yes,Good
15808960,620,Germany,Male,40,5,108197.11,2,yes,no,49722.34,no,no,35-44,3-5,no,Fair
15729435,623,France,Male,40,6,0.0,2,yes,yes,66119.07,no,yes,35-44,6-10,no,Fair
15656840,547,France,Female,29,6,104450.86,1,yes,yes,37160.28,no,no,25-34,6-10,no,Poor
15659149,530,France,Male,39,2,0.0,2,yes,no,197923.05,no,yes,35-44,1-2,no,Poor
15585490,746,France,Female,34,4,0.0,1,no,yes,65166.6,no,yes,25-34,3-5,no,Very Good
15674929,512,France,Female,31,7,0.0,2,no,no,49326.07,no,yes,25-34,6-10,no,Poor
15746341,630,France,Male,40,8,0.0,2,yes,yes,42495.81,no,yes,35-44,6-10,no,Fair
15662091,570,Spain,Male,21,7,116099.82,1,yes,yes,148087.62,no,no,<25,6-10,no,Poor
15620123,605,France,Male,39,6,111169.91,1,no,no,9641.4,no,no,35-44,6-10,yes,Fair
15616240,530,Spain,Male,37,4,0.0,2,yes,yes,164844.37,no,yes,35-44,3-5,no,Poor
15624186,813,Germany,Female,25,5,123616.43,1,no,yes,132959.33,no,no,<25,3-5,no,Excellent
15605036,704,Spain,Female,37,9,155619.58,1,yes,yes,135088.58,no,no,35-44,6-10,no,Good
15805151,565,Germany,Male,31,2,89558.39,2,yes,yes,4441.54,no,no,25-34,1-2,no,Poor
15753847,645,Spain,Male,45,4,0.0,1,no,yes,174916.85,yes,yes,35-44,3-5,no,Fair
15653222,526,Germany,Female,32,6,131938.92,2,yes,yes,1795.93,no,no,25-34,6-10,no,Poor
15757541,778,France,Female,33,9,151772.63,2,no,no,180249.94,yes,no,25-34,6-10,no,Very Good
15726945,677,France,Female,72,8,0.0,2,yes,yes,153604.44,no,yes,65+,6-10,no,Good
15794276,588,France,Female,64,3,0.0,1,yes,yes,189703.65,no,yes,55-64,3-5,no,Fair
15568328,488,France,Female,22,6,0.0,2,yes,yes,66393.89,no,yes,<25,6-10,no,Poor
15604355,519,France,Male,39,1,97700.02,1,yes,yes,30709.03,no,no,35-44,1-2,no,Poor
15735788,709,France,Male,31,6,0.0,2,yes,yes,71009.84,no,yes,25-34,6-10,no,Good
15618255,642,Germany,Female,56,6,103244.86,2,yes,no,143049.72,yes,no,55-64,6-10,no,Fair
15720941,710,Germany,Male,34,8,147833.3,2,no,yes,1561.58,no,no,25-34,6-10,no,Good
15769110,653,France,Female,46,5,0.0,2,yes,no,49707.85,no,yes,45-54,3-5,no,Fair
15576094,743,France,Male,71,0,0.0,2,no,yes,29837.65,no,yes,65+,0,no,Very Good
15756150,418,France,Female,39,2,0.0,2,no,no,9041.71,no,yes,35-44,1-2,no,Poor
15719579,670,Germany,Female,33,9,84521.48,2,no,yes,198017.05,no,no,25-34,6-10,no,Fair
15748854,723,Germany,Female,28,5,91938.31,1,yes,no,143481.85,no,no,25-34,3-5,yes,Good
15612455,549,Germany,Male,45,6,124240.93,1,yes,yes,146372.51,no,no,35-44,6-10,no,Poor
15664802,543,France,Female,42,5,0.0,2,no,no,101905.34,no,yes,35-44,3-5,no,Poor
15735687,595,Spain,Male,37,2,157084.99,1,yes,no,134767.13,no,no,35-44,1-2,yes,Fair
15664734,673,Germany,Female,25,3,108244.82,2,yes,yes,103573.96,no,no,<25,3-5,no,Good
15767894,741,France,Female,21,9,0.0,2,no,yes,139259.54,no,yes,<25,6-10,no,Very Good
15666884,508,Germany,Female,41,5,82161.7,2,yes,no,187776.49,no,no,35-44,3-5,no,Poor
15750156,662,Germany,Male,59,2,104568.41,1,yes,no,8059.44,yes,no,55-64,1-2,yes,Fair
15751120,752,France,Female,36,2,119912.46,1,yes,no,124354.92,no,no,35-44,1-2,yes,Very Good
15575748,809,France,Male,36,9,68881.59,2,no,yes,109135.11,no,no,35-44,6-10,no,Excellent
15714610,575,Spain,Male,30,2,0.0,2,yes,yes,82222.86,no,yes,25-34,1-2,no,Poor
15720305,591,Spain,Female,40,1,86376.29,1,no,yes,136767.16,yes,no,35-44,1-2,no,Fair
15678129,643,Spain,Female,45,9,150840.03,2,yes,no,155516.35,no,no,35-44,6-10,no,Fair
15566633,698,Germany,Male,55,8,155059.1,2,yes,yes,144584.29,no,no,45-54,6-10,no,Good
15680436,496,France,Female,29,4,0.0,2,yes,no,164806.89,no,yes,25-34,3-5,no,Poor
15674343,597,France,Male,44,8,78128.13,2,no,yes,109153.04,no,no,35-44,6-10,no,Fair
15658890,603,Germany,Male,46,4,98899.76,2,yes,yes,86190.34,no,no,45-54,3-5,no,Fair
15599004,655,Spain,Male,37,1,0.0,1,yes,yes,106040.97,no,yes,35-44,1-2,no,Fair
15726487,431,France,Male,63,6,160982.89,1,yes,yes,168008.17,no,no,55-64,6-10,no,Poor
15698716,620,France,Female,70,3,87926.24,2,yes,no,33350.26,yes,no,65+,3-5,no,Fair
15710527,782,France,Female,35,4,0.0,1,yes,yes,119565.34,no,yes,25-34,3-5,no,Very Good
15655590,581,Spain,Male,46,2,79385.21,2,no,no,188492.82,no,no,45-54,1-2,no,Fair
15732266,553,Germany,Male,53,5,127997.83,1,yes,no,165378.66,yes,no,45-54,3-5,yes,Poor
15669326,658,France,Male,44,2,168396.34,1,yes,yes,14178.73,no,no,35-44,1-2,no,Fair
15672246,686,Germany,Male,43,2,134896.03,1,yes,yes,97847.05,no,no,35-44,1-2,no,Good
15620276,539,Spain,Male,36,6,0.0,3,yes,yes,118959.64,no,yes,35-44,6-10,no,Poor
15640258,685,France,Female,50,6,94238.75,2,yes,yes,50664.07,yes,no,45-54,6-10,no,Good
15740283,850,France,Male,29,1,0.0,2,no,no,152996.89,no,yes,25-34,1-2,no,Excellent
15759717,763,Spain,Female,39,7,0.0,2,yes,no,19458.75,no,yes,35-44,6-10,no,Very Good
15620268,634,Germany,Male,43,3,212696.32,1,yes,no,115268.86,no,no,35-44,3-5,yes,Fair
15743871,567,France,Male,59,3,0.0,2,yes,no,25843.7,yes,yes,55-64,3-5,no,Poor
15614491,539,France,Male,39,3,139153.68,2,yes,no,147662.33,no,no,35-44,3-5,no,Poor
15595047,764,France,Male,41,7,0.0,2,no,no,134878.34,no,yes,35-44,6-10,no,Very Good
15732334,653,France,Female,40,0,0.0,2,yes,no,35795.85,no,yes,35-44,0,no,Fair
15701206,566,Spain,Male,44,5,0.0,2,yes,no,66462.79,no,yes,35-44,3-5,no,Poor
15581280,714,Germany,Male,29,6,92887.13,1,yes,yes,69578.49,no,no,25-34,6-10,no,Good
15651943,580,Spain,Female,65,1,0.0,2,no,yes,103182.46,no,yes,55-64,1-2,no,Poor
15609545,548,France,Male,29,5,83442.98,1,no,yes,177017.39,no,no,25-34,3-5,no,Poor
15658548,646,Germany,Female,36,6,144773.29,2,yes,no,53217.3,no,no,35-44,6-10,no,Fair
15626008,622,Germany,Female,52,9,111973.97,1,yes,yes,162756.29,yes,no,45-54,6-10,no,Fair
15774133,706,France,Female,35,8,178032.53,1,no,yes,42181.68,no,no,25-34,6-10,no,Good
15763798,680,France,Male,23,5,140007.19,1,no,yes,31714.08,no,no,<25,3-5,no,Good
15758013,698,France,Male,37,5,98400.61,2,no,no,25017.28,no,no,35-44,3-5,no,Good
15705765,581,Spain,Female,46,1,0.0,2,yes,no,104272.04,no,yes,45-54,1-2,no,Fair
15648362,728,Germany,Male,45,3,108924.33,2,yes,no,84300.4,yes,no,35-44,3-5,no,Good
15761102,707,Spain,Female,32,4,132835.56,1,no,no,136877.24,no,no,25-34,3-5,yes,Good
15610165,761,France,Female,26,1,0.0,2,yes,yes,199409.19,no,yes,25-34,1-2,no,Very Good
15723717,483,Germany,Male,41,1,118334.44,1,no,no,163147.99,yes,no,35-44,1-2,yes,Poor
15654611,736,Germany,Female,25,9,81732.88,2,yes,no,136497.28,no,no,<25,6-10,no,Good
15659736,716,Germany,Male,66,5,121411.9,1,no,no,10070.4,yes,no,65+,3-5,yes,Good
15603170,654,France,Male,32,9,121455.65,1,yes,no,190068.53,yes,no,25-34,6-10,yes,Fair
15786167,649,Spain,Male,20,5,0.0,2,yes,yes,58309.54,no,yes,<25,3-5,no,Fair
15671915,649,France,Male,46,5,0.0,2,yes,yes,76946.6,no,yes,45-54,3-5,no,Fair
15794792,612,France,Female,31,8,117989.76,1,yes,yes,54129.86,no,no,25-34,6-10,no,Fair
15652789,657,Spain,Male,40,10,0.0,2,yes,yes,52990.7,no,yes,35-44,6-10,no,Fair
15739168,511,France,Female,31,5,137411.29,1,no,yes,161854.98,no,no,25-34,3-5,no,Poor
15719950,682,France,Male,61,10,73688.2,1,yes,yes,172141.33,no,no,55-64,6-10,no,Good
15743818,748,Spain,Male,58,9,122330.7,2,no,yes,124429.19,no,no,55-64,6-10,no,Very Good
15717937,554,Germany,Male,43,5,99906.89,1,no,no,24983.39,no,no,35-44,3-5,yes,Poor
15602841,794,Spain,Female,28,5,0.0,2,no,yes,86699.98,no,yes,25-34,3-5,no,Very Good
15619972,807,France,Female,47,9,167664.83,1,no,no,125440.11,yes,no,45-54,6-10,yes,Excellent
15796114,594,France,Female,34,7,141525.55,1,no,no,9443.15,no,no,25-34,6-10,yes,Fair
15633546,652,Spain,Female,33,3,124832.51,1,yes,no,195877.06,no,no,25-34,3-5,yes,Fair
15758755,729,France,Female,34,9,132121.71,1,no,yes,105409.31,no,no,25-34,6-10,no,Good
15695168,625,France,Male,39,2,0.0,2,yes,no,100403.05,no,yes,35-44,1-2,no,Fair
15754342,597,Germany,Female,60,0,78539.84,1,no,yes,48502.88,no,no,55-64,0,no,Fair
15756610,657,Germany,Female,38,5,123770.46,1,no,no,47019.66,yes,no,35-44,3-5,yes,Fair
15640917,633,France,Male,43,5,0.0,2,yes,yes,48249.88,no,yes,35-44,3-5,no,Fair
15663164,663,Germany,Male,49,7,116150.65,3,yes,yes,84358.71,yes,no,45-54,6-10,no,Fair
15616811,535,France,Male,47,0,160729.1,1,no,yes,145986.35,no,no,45-54,0,no,Poor
15610781,702,France,Female,29,10,88378.6,1,yes,no,88550.28,no,no,25-34,6-10,yes,Good
15600911,712,France,Male,33,2,182888.08,1,yes,no,3061.0,no,no,25-34,1-2,yes,Good
15629603,607,France,Male,31,8,0.0,2,yes,yes,43196.5,no,yes,25-34,6-10,no,Fair
15714981,476,France,Male,37,4,0.0,1,yes,yes,55775.84,yes,yes,35-44,3-5,no,Poor
15775892,748,Spain,Female,23,8,85600.08,1,no,no,134077.71,no,no,<25,6-10,yes,Very Good
15782778,815,France,Male,35,4,0.0,2,no,yes,198490.33,no,yes,25-34,3-5,no,Excellent
15786643,602,France,Male,32,10,0.0,2,yes,yes,116052.92,no,yes,25-34,6-10,no,Fair
15595657,649,Germany,Male,40,4,95001.33,1,no,yes,123202.99,no,no,35-44,3-5,no,Fair
15743673,551,Spain,Male,27,2,113873.22,1,yes,yes,85129.77,yes,no,25-34,1-2,no,Poor
15634310,509,France,Male,30,6,0.0,2,yes,no,180598.86,no,yes,25-34,6-10,no,Poor
15790809,685,Spain,Male,40,7,74896.92,1,yes,no,198694.2,no,no,35-44,6-10,yes,Good
15668695,536,France,Female,22,5,89492.62,1,no,no,42934.43,no,no,<25,3-5,yes,Poor
15669281,711,Spain,Male,38,3,128718.78,1,no,no,114793.45,no,no,35-44,3-5,yes,Good
15621031,761,Spain,Male,27,8,0.0,2,yes,no,63297.7,no,yes,25-34,6-10,no,Very Good
15720071,535,France,Female,49,3,0.0,1,no,no,61820.41,yes,yes,45-54,3-5,yes,Poor
15792180,566,Germany,Male,22,7,144954.75,2,yes,no,102246.0,no,no,<25,6-10,no,Poor
15813894,620,Spain,Male,21,9,0.0,2,no,no,154882.79,no,yes,<25,6-10,no,Fair
15669490,837,Germany,Male,37,6,94001.61,2,yes,no,140723.05,no,no,35-44,6-10,no,Excellent
15783030,685,France,Female,40,7,0.0,1,yes,no,72852.74,yes,yes,35-44,6-10,yes,Good
15695792,673,France,Male,65,0,0.0,1,yes,yes,85733.33,no,yes,55-64,0,no,Good
15575676,638,France,Male,24,1,0.0,2,no,yes,162597.15,no,yes,<25,1-2,no,Fair
15627665,614,France,Male,46,4,0.0,1,yes,no,74379.57,yes,yes,45-54,3-5,yes,Fair
15814092,626,France,Female,44,2,0.0,1,no,yes,173117.22,yes,yes,35-44,1-2,no,Fair
15695225,834,Spain,Male,38,8,0.0,2,yes,yes,66485.26,no,yes,35-44,6-10,no,Excellent
15615091,691,France,Male,24,6,0.0,2,yes,yes,92811.2,no,yes,<25,6-10,no,Good
15794345,706,Spain,Male,38,8,0.0,2,no,yes,46635.11,no,yes,35-44,6-10,no,Good
15726484,633,France,Male,37,7,141546.35,1,yes,yes,124830.11,no,no,35-44,6-10,no,Fair
15650442,644,Germany,Female,32,8,141528.88,1,yes,yes,167087.34,yes,no,25-34,6-10,no,Fair
15714256,666,France,Male,30,7,109805.3,1,no,yes,163625.56,no,no,25-34,6-10,no,Fair
15778752,708,France,Male,32,10,86614.06,2,yes,yes,172129.26,no,no,25-34,6-10,no,Good
15601659,496,Germany,Female,59,7,91680.1,2,yes,no,163141.18,yes,no,55-64,6-10,no,Poor
15602811,730,Germany,Male,38,0,38848.19,2,no,no,94003.11,no,no,35-44,0,no,Good
15779414,696,Spain,Male,40,3,153639.11,1,yes,yes,138351.68,no,no,35-44,3-5,no,Good
15763097,809,Spain,Male,80,8,0.0,2,no,yes,34164.05,no,yes,65+,6-10,no,Excellent
15633666,701,Spain,Female,33,7,123870.07,1,yes,no,97794.71,no,no,25-34,6-10,yes,Good
15718789,604,France,Male,30,5,0.0,2,yes,no,75786.55,no,yes,25-34,3-5,no,Fair
15690620,665,France,Male,39,10,46323.57,1,yes,no,136812.02,no,no,35-44,6-10,yes,Fair
15737071,639,France,Female,60,5,162039.78,1,yes,yes,84361.72,yes,no,55-64,3-5,no,Fair
15665062,696,France,Male,19,1,110928.51,1,yes,yes,2766.63,no,no,<25,1-2,no,Good
15600692,520,France,Male,38,5,0.0,2,yes,no,163185.76,no,yes,35-44,3-5,no,Poor
15792064,545,Germany,Male,53,5,114421.55,1,yes,no,180598.28,yes,no,45-54,3-5,yes,Poor
15811486,634,Germany,Female,29,8,130036.21,2,no,yes,69849.55,no,no,25-34,6-10,no,Fair
15626141,750,France,Female,26,1,151510.17,2,yes,yes,19921.72,no,no,25-34,1-2,no,Very Good
15738546,530,Spain,Female,41,4,0.0,2,no,yes,147606.71,no,yes,35-44,3-5,no,Poor
15677052,589,France,Female,59,2,0.0,2,yes,yes,126160.24,yes,yes,55-64,1-2,no,Fair
15656454,654,France,Male,37,6,83568.55,1,yes,no,47046.72,no,no,35-44,6-10,yes,Fair
15645496,648,France,Female,43,7,139972.18,1,yes,no,143668.58,no,no,35-44,6-10,yes,Fair
15612505,835,Spain,Male,45,3,100212.13,1,yes,no,152577.62,no,no,35-44,3-5,yes,Excellent
15708513,446,France,Female,39,1,90217.07,1,yes,no,191350.48,no,no,35-44,1-2,yes,Poor
15685654,514,Spain,Male,66,9,0.0,2,yes,yes,14234.31,no,yes,65+,6-10,no,Poor
15732307,694,Germany,Male,33,4,124067.32,1,yes,yes,77906.87,no,no,25-34,3-5,no,Good
15726814,554,Spain,Male,46,4,0.0,2,no,yes,57320.92,no,yes,45-54,3-5,no,Poor
15653776,720,Germany,Female,57,1,162082.31,4,no,no,27145.73,yes,no,55-64,1-2,no,Good
15597914,641,Germany,Female,51,2,117306.69,4,yes,yes,26912.72,yes,no,45-54,1-2,no,Fair
15631603,813,France,Male,32,1,122889.88,1,yes,yes,26476.18,no,no,25-34,1-2,no,Excellent
15789753,480,France,Male,40,6,148790.61,1,no,yes,79329.7,no,no,35-44,6-10,no,Poor
15678034,811,France,Male,46,9,180226.24,1,yes,no,13464.64,yes,no,45-54,6-10,yes,Excellent
15690209,715,Germany,Female,32,3,104857.19,2,yes,no,114149.8,no,no,25-34,3-5,no,Good
15592091,620,Spain,Male,31,2,166833.86,2,yes,yes,135171.6,no,no,25-34,1-2,no,Fair
15647453,721,France,Male,42,4,102936.72,1,no,no,1187.88,no,no,35-44,3-5,yes,Good
15697100,772,Germany,Female,48,6,108736.52,1,yes,no,184564.67,yes,no,45-54,6-10,yes,Very Good
15811290,680,Germany,Male,44,0,129974.79,2,yes,yes,33391.38,no,no,35-44,0,no,Good
15629187,535,France,Male,38,8,85982.07,1,yes,no,9238.35,no,no,35-44,6-10,yes,Poor
15758073,655,France,Female,20,7,134397.61,1,no,no,28029.54,no,no,<25,6-10,yes,Fair
15640769,660,France,Male,63,8,137841.53,1,yes,yes,42790.29,no,no,55-64,6-10,no,Fair
15606641,762,Germany,Male,56,10,100260.88,3,yes,yes,77142.42,yes,no,55-64,6-10,no,Very Good
15718280,662,Germany,Male,39,5,139822.11,2,yes,yes,146219.9,no,no,35-44,3-5,no,Fair
15764335,463,Germany,Female,41,8,123151.51,2,yes,no,70127.93,no,no,35-44,6-10,no,Poor
15634218,501,Germany,Male,27,4,95331.83,2,yes,no,132104.76,no,no,25-34,3-5,no,Poor
15808760,603,Spain,Female,42,6,0.0,1,yes,yes,90437.87,no,yes,35-44,6-10,no,Fair
15648461,688,Spain,Male,37,7,138162.41,2,yes,yes,113926.31,no,no,35-44,6-10,no,Good
15593555,430,France,Male,38,9,0.0,2,yes,yes,12050.77,no,yes,35-44,6-10,no,Poor
15569079,632,Germany,Male,48,6,126066.26,1,yes,no,64345.61,yes,no,45-54,6-10,yes,Fair
15800736,601,Spain,Female,42,4,96763.89,1,yes,yes,199242.65,no,no,35-44,3-5,no,Fair
15792607,769,France,Female,38,2,0.0,2,no,no,75578.67,no,yes,35-44,1-2,no,Very Good
15640034,551,France,Male,42,2,139561.46,1,yes,no,43435.43,yes,no,35-44,1-2,yes,Poor
15807563,841,France,Female,52,5,0.0,1,no,no,183239.71,yes,yes,45-54,3-5,yes,Excellent
15684461,469,Spain,Female,31,6,0.0,1,yes,no,146213.75,yes,yes,25-34,6-10,yes,Poor
15580134,479,Spain,Male,27,2,172463.45,1,yes,yes,40315.27,no,no,25-34,1-2,no,Poor
15679075,701,France,Male,37,8,107798.85,1,yes,no,16966.73,no,no,35-44,6-10,yes,Good
15742504,593,France,Male,36,2,70181.48,2,yes,no,80608.12,no,no,35-44,1-2,no,Fair
15567328,738,Spain,Male,38,5,177997.07,1,no,yes,19233.41,no,no,35-44,3-5,no,Good
15698294,635,Spain,Male,31,1,0.0,2,yes,no,135382.23,no,yes,25-34,1-2,no,Fair
15607142,658,France,Male,32,8,0.0,1,yes,yes,80410.68,no,yes,25-34,6-10,no,Fair
15738516,687,Spain,Female,36,5,0.0,1,yes,no,17696.22,no,yes,35-44,3-5,yes,Good
15806403,650,France,Male,37,9,0.0,2,yes,no,17974.08,no,yes,35-44,6-10,no,Fair
15656707,720,Spain,Male,21,2,123200.78,1,yes,yes,180712.28,no,no,<25,1-2,no,Good
15653715,602,France,Female,63,7,0.0,2,yes,yes,56323.21,no,yes,55-64,6-10,no,Fair
15806184,618,Spain,Male,33,4,0.0,2,yes,yes,77550.18,no,yes,25-34,3-5,no,Fair
15585734,803,Germany,Male,41,9,137742.9,2,yes,yes,166957.82,no,no,35-44,6-10,no,Excellent
15725639,793,France,Female,63,9,116270.72,1,yes,yes,184243.25,no,no,55-64,6-10,no,Very Good
15618401,616,Germany,Male,41,10,113220.2,2,yes,yes,114072.91,no,no,35-44,6-10,no,Fair
15785385,550,Spain,Male,51,5,0.0,2,yes,no,153917.41,no,yes,45-54,3-5,no,Poor
15734762,602,France,Female,56,3,115895.22,3,yes,no,4176.17,yes,no,55-64,3-5,no,Fair
15767129,452,France,Female,60,6,121730.49,1,yes,yes,142963.29,no,no,55-64,6-10,no,Poor
15797204,655,Spain,Female,28,3,113811.85,2,no,yes,76844.23,no,no,25-34,3-5,no,Fair
15769272,510,France,Female,26,6,136214.08,1,no,no,159742.33,no,no,25-34,6-10,yes,Poor
15771966,557,France,Male,39,8,146200.01,1,yes,no,177944.64,no,no,35-44,6-10,yes,Poor
15691952,676,France,Male,37,10,106242.67,1,yes,yes,166678.28,no,no,35-44,6-10,no,Good
15593250,640,France,Female,29,4,0.0,2,yes,no,44904.26,no,yes,25-34,3-5,no,Fair
15605333,529,Spain,Male,31,6,0.0,1,yes,no,10625.91,no,yes,25-34,6-10,yes,Poor
15800083,559,France,Male,45,8,24043.45,1,no,yes,169781.45,yes,no,35-44,6-10,no,Poor
15575691,689,France,Female,58,5,0.0,2,no,yes,49848.86,no,yes,55-64,3-5,no,Good
15689886,626,Germany,Male,39,10,132287.92,3,yes,yes,51467.92,yes,no,35-44,6-10,no,Fair
15809838,697,Spain,Male,30,1,0.0,2,no,no,735.79,no,yes,25-34,1-2,no,Good
15736154,823,France,Female,44,1,0.0,2,no,yes,182495.7,no,yes,35-44,1-2,no,Excellent
15767391,565,Germany,Female,32,4,90322.99,2,no,yes,118740.37,no,no,25-34,3-5,no,Poor
15704910,631,Spain,Male,23,3,0.0,2,yes,no,13813.24,no,yes,<25,3-5,no,Fair
15656613,646,France,Female,34,3,131283.11,1,no,no,130500.65,no,no,25-34,3-5,yes,Fair
15611551,676,Spain,Male,48,1,131659.59,2,no,yes,14152.15,no,no,45-54,1-2,no,Good
15732430,850,Spain,Female,54,4,120952.74,1,yes,no,66963.15,no,no,45-54,3-5,yes,Excellent
15741865,810,France,Female,38,9,153166.17,1,yes,yes,93261.69,no,no,35-44,6-10,no,Excellent
15634143,581,Spain,Male,30,0,53291.86,1,no,no,196582.28,no,no,25-34,0,yes,Fair
15609676,718,France,Female,35,2,167924.95,1,yes,no,43024.64,no,no,25-34,1-2,yes,Good
15761600,713,France,Male,43,5,86394.14,1,yes,yes,130001.13,no,no,35-44,3-5,no,Good
15676404,672,France,Female,50,1,0.0,1,yes,no,12106.82,yes,yes,45-54,1-2,yes,Good
15659236,781,Spain,Male,33,3,0.0,2,yes,yes,42556.33,no,yes,25-34,3-5,no,Very Good
15690440,656,Spain,Male,47,1,0.0,2,yes,yes,197961.93,no,yes,45-54,1-2,no,Fair
15694601,583,France,Female,31,4,158978.79,1,yes,no,12538.92,no,no,25-34,3-5,yes,Fair
15812262,808,Germany,Female,37,2,100431.84,1,yes,no,35140.49,yes,no,35-44,1-2,yes,Excellent
15762821,721,Spain,Male,33,5,0.0,2,no,yes,117626.9,no,yes,25-34,3-5,no,Good
15669301,778,Germany,Female,29,6,150358.97,1,yes,no,62454.01,yes,no,25-34,6-10,yes,Very Good
15672640,850,Spain,Female,45,4,114347.85,2,yes,yes,109089.04,no,no,35-44,3-5,no,Excellent
15750458,693,France,Female,39,4,0.0,2,no,yes,142331.39,no,yes,35-44,3-5,no,Good
15627251,520,France,Male,34,4,134007.9,1,yes,yes,193209.11,no,no,25-34,3-5,no,Poor
15764294,759,Germany,Male,31,4,98899.91,1,yes,yes,47832.82,no,no,25-34,3-5,no,Very Good
15659962,637,France,Male,60,3,0.0,2,yes,yes,70174.03,no,yes,55-64,3-5,no,Fair
15788536,755,Germany,Male,40,2,137430.82,2,no,no,176768.59,no,no,35-44,1-2,no,Very Good
15596979,662,France,Female,47,6,0.0,2,yes,yes,129392.75,no,yes,45-54,6-10,no,Fair
15681220,503,France,Female,37,8,0.0,2,yes,yes,97893.32,no,yes,35-44,6-10,no,Poor
15635097,599,Germany,Male,39,2,188976.89,2,no,yes,176142.09,no,no,35-44,1-2,no,Fair
15780779,583,Spain,Female,40,4,0.0,2,yes,no,114093.73,no,yes,35-44,3-5,no,Fair
15798470,764,Spain,Female,48,1,75990.97,1,yes,no,158323.81,yes,no,45-54,1-2,yes,Very Good
15760880,513,France,Male,29,10,0.0,2,no,yes,25514.77,no,yes,25-34,6-10,no,Poor
15616929,730,Spain,Male,62,5,112181.08,1,no,yes,61513.87,no,no,55-64,3-5,no,Good
15758775,820,Spain,Male,34,10,97208.46,1,yes,yes,59553.34,no,no,25-34,6-10,no,Excellent
15663386,597,Spain,Female,26,7,0.0,2,yes,no,110253.2,no,yes,25-34,6-10,no,Fair
15621267,637,France,Male,32,5,0.0,1,no,no,148769.08,no,yes,25-34,3-5,yes,Fair
15720509,696,France,Male,34,9,150856.79,1,no,yes,8236.78,no,no,25-34,6-10,no,Good
15693322,635,Germany,Female,37,9,146748.07,1,no,yes,11407.58,no,no,35-44,6-10,no,Fair
15589544,673,Spain,Female,57,4,0.0,2,yes,yes,49684.09,no,yes,55-64,3-5,no,Good
15772030,662,Spain,Male,33,3,0.0,2,no,yes,68064.83,no,yes,25-34,3-5,no,Fair
15693337,683,Spain,Male,41,0,148863.17,1,yes,yes,163911.32,no,no,35-44,0,no,Good
15676571,850,France,Male,55,6,0.0,1,yes,no,944.41,yes,yes,45-54,6-10,yes,Excellent
15701392,815,Spain,Male,28,6,0.0,2,no,yes,185547.71,no,yes,25-34,6-10,no,Excellent
15741092,671,Spain,Male,34,10,153360.02,1,yes,no,140509.86,no,no,25-34,6-10,yes,Good
15643865,601,France,Female,40,3,92055.36,1,no,yes,164652.02,yes,no,35-44,3-5,no,Fair
15769389,709,Germany,Female,39,9,124723.92,1,yes,no,73641.86,no,no,35-44,6-10,yes,Good
15807768,702,Germany,Male,28,1,103033.83,1,yes,yes,40321.87,no,no,25-34,1-2,no,Good
15801630,558,France,Male,40,6,0.0,2,yes,no,173844.89,no,yes,35-44,6-10,no,Poor
15705034,691,Spain,Male,40,1,0.0,2,yes,yes,145613.17,no,yes,35-44,1-2,no,Good
15763107,700,France,Female,30,9,0.0,1,yes,yes,174971.64,no,yes,25-34,6-10,no,Good
15667085,667,France,Male,33,4,0.0,2,yes,yes,131834.75,no,yes,25-34,3-5,no,Fair
15647008,624,Germany,Male,54,3,116726.22,1,yes,no,110498.1,yes,no,45-54,3-5,yes,Fair
15584505,580,France,Female,23,5,113923.81,2,no,no,196241.43,no,no,<25,3-5,no,Poor
15748068,571,Spain,Female,31,3,0.0,2,yes,yes,194667.92,no,yes,25-34,3-5,no,Poor
15663964,561,France,Male,37,5,0.0,2,yes,no,83093.25,no,yes,35-44,3-5,no,Poor
15782311,529,France,Male,28,9,0.0,2,yes,yes,52545.24,no,yes,25-34,6-10,no,Poor
15588197,670,France,Male,36,7,0.0,2,no,no,59571.5,no,yes,35-44,6-10,no,Fair
15610105,666,Germany,Female,21,1,121827.43,2,yes,yes,99818.31,no,no,<25,1-2,no,Fair
15606133,628,Spain,Male,42,7,0.0,2,no,yes,172967.87,no,yes,35-44,6-10,no,Fair
15599403,577,France,Male,60,10,125389.7,2,yes,yes,178616.73,no,no,55-64,6-10,no,Poor
15648225,652,Spain,Female,38,1,103895.31,1,no,yes,159649.44,no,no,35-44,1-2,no,Fair
15608406,678,France,Male,26,5,111128.04,1,yes,no,60941.27,yes,no,25-34,3-5,yes,Good
15633378,692,Spain,Female,49,9,0.0,2,yes,no,178342.63,no,yes,45-54,6-10,no,Good
15664759,675,Spain,Male,32,10,0.0,2,yes,no,191545.65,no,yes,25-34,6-10,no,Good
15625545,712,Spain,Male,52,9,0.0,1,yes,yes,117977.45,yes,yes,45-54,6-10,no,Good
15772148,639,Germany,Female,37,5,151242.48,1,no,yes,49637.65,no,no,35-44,3-5,no,Fair
15810829,618,France,Male,48,7,0.0,1,yes,no,13921.82,yes,yes,45-54,6-10,yes,Fair
15731669,554,France,Male,39,2,129709.62,1,yes,no,173197.12,no,no,35-44,1-2,yes,Poor
15738634,533,France,Male,47,9,83347.25,1,yes,yes,137696.25,no,no,45-54,6-10,no,Poor
15737571,540,Spain,Female,28,6,84121.04,1,no,yes,80698.54,no,no,25-34,6-10,no,Poor
15667602,704,Spain,Male,33,3,0.0,2,yes,no,73018.74,no,yes,25-34,3-5,no,Good
15684147,678,France,Male,43,5,102338.19,1,yes,yes,79649.62,no,no,35-44,3-5,no,Good
15789874,712,France,Female,29,3,87375.78,2,no,no,166194.53,no,no,25-34,3-5,no,Good
15757952,651,France,Male,44,2,0.0,3,yes,no,102530.35,yes,yes,35-44,1-2,no,Fair
15698732,789,Germany,Male,51,3,104677.09,1,yes,no,74265.38,no,no,45-54,3-5,yes,Very Good
15714355,775,Germany,Male,32,8,121669.23,1,no,yes,125898.39,no,no,25-34,6-10,no,Very Good
15599090,564,Germany,Male,40,7,108407.34,1,yes,yes,83681.2,no,no,35-44,6-10,no,Poor
15762048,841,Germany,Female,33,7,154969.79,2,yes,yes,99505.75,no,no,25-34,6-10,no,Excellent
15790596,850,Spain,Male,39,0,141829.67,1,yes,yes,92748.16,no,no,35-44,0,no,Excellent
15609623,637,France,Female,63,5,0.0,1,yes,no,28092.77,yes,yes,55-64,3-5,yes,Fair
15711901,500,France,Male,45,2,109162.82,1,yes,yes,126145.08,no,no,35-44,1-2,no,Poor
15779809,655,France,Male,44,8,87471.63,1,no,yes,188593.98,no,no,35-44,6-10,no,Fair
15729018,666,France,Female,33,2,147229.65,1,yes,yes,56410.17,no,no,25-34,1-2,no,Fair
15698246,658,France,Female,24,2,0.0,2,yes,yes,84694.49,no,yes,<25,1-2,no,Fair
15712409,749,Germany,Male,66,6,182532.23,2,yes,yes,195429.92,no,no,65+,6-10,no,Very Good
15758306,654,France,Male,32,6,0.0,2,yes,yes,137898.57,no,yes,25-34,6-10,no,Fair
15621435,623,France,Female,39,1,160903.2,1,no,no,78774.36,no,no,35-44,1-2,yes,Fair
15566295,761,France,Female,33,6,138053.79,2,yes,no,148779.41,no,no,25-34,6-10,no,Very Good
15569098,627,France,Male,44,6,153548.12,1,no,no,35300.08,yes,no,35-44,6-10,yes,Fair
15662532,757,Germany,Male,31,8,149085.9,2,yes,yes,197077.36,no,no,25-34,6-10,no,Very Good
15664001,695,Germany,Female,53,8,95231.91,1,no,no,70140.8,yes,no,45-54,6-10,yes,Good
15703437,726,France,Male,34,3,0.0,2,yes,no,196288.46,no,yes,25-34,3-5,no,Good
15708003,587,Spain,Male,41,8,85109.21,1,yes,no,1557.82,no,no,35-44,6-10,yes,Fair
15599452,605,Germany,Female,43,8,125338.8,2,yes,no,23970.13,no,no,35-44,6-10,no,Fair
15719793,850,Spain,Male,62,5,0.0,2,yes,yes,180243.56,no,yes,55-64,3-5,no,Excellent
15771580,850,France,Female,38,0,106831.69,1,no,yes,148977.72,no,no,35-44,0,no,Excellent
15732268,751,France,Male,29,3,159597.45,1,yes,no,39934.41,no,no,25-34,3-5,yes,Very Good
15722350,627,Germany,Female,37,7,147361.57,1,yes,yes,133031.96,no,no,35-44,6-10,no,Fair
15611371,736,France,Male,43,4,176134.54,1,yes,yes,52856.88,no,no,35-44,3-5,no,Good
15673584,652,France,Female,74,5,0.0,2,yes,yes,937.15,no,yes,65+,3-5,no,Fair
15636396,627,France,Female,35,7,0.0,2,no,yes,193022.44,no,yes,25-34,6-10,no,Fair
15706170,636,France,Male,34,1,84055.43,1,no,no,37490.84,no,no,25-34,1-2,yes,Fair
15725478,775,France,Male,60,7,0.0,2,yes,yes,111558.7,no,yes,55-64,6-10,no,Very Good
15654562,850,Spain,Female,45,5,174088.3,4,yes,no,5669.31,yes,no,35-44,3-5,no,Excellent
15737509,850,Spain,Male,34,8,199229.14,1,no,no,68106.29,no,no,25-34,6-10,yes,Excellent
15690796,516,France,Male,37,8,0.0,1,yes,no,101834.58,no,yes,35-44,6-10,yes,Poor
15716728,513,Spain,Female,42,10,0.0,2,no,yes,73151.25,no,yes,35-44,6-10,no,Poor
15605665,673,Germany,Female,69,3,78833.15,2,yes,yes,37196.15,no,no,65+,3-5,no,Good
15748481,564,France,Female,27,6,0.0,1,no,no,7819.76,no,yes,25-34,6-10,yes,Poor
15757777,636,France,Female,35,2,0.0,2,yes,yes,23129.46,no,yes,25-34,1-2,no,Fair
15747808,712,France,Male,29,3,102540.61,1,yes,yes,189680.79,no,no,25-34,3-5,no,Good
15810593,568,France,Male,51,4,0.0,3,yes,yes,66586.56,no,yes,45-54,3-5,no,Poor
15693376,741,Spain,Male,43,0,0.0,2,yes,yes,2920.63,yes,yes,35-44,0,no,Very Good
15579808,754,Germany,Female,39,8,129401.87,1,yes,yes,87684.93,no,no,35-44,6-10,no,Very Good
15598275,709,France,Female,32,7,0.0,2,yes,yes,199418.02,no,yes,25-34,6-10,no,Good
15737080,510,France,Female,32,1,0.0,2,no,yes,28515.17,no,yes,25-34,1-2,no,Poor
15668580,716,Spain,Male,33,2,0.0,2,yes,yes,92916.53,no,yes,25-34,1-2,no,Good
15569438,607,Germany,Male,36,10,106702.94,2,no,no,198313.69,no,no,35-44,6-10,no,Fair
15675842,656,Spain,Male,26,4,139584.57,1,yes,no,36308.93,no,no,25-34,3-5,yes,Fair
15577587,550,Germany,Male,52,5,121016.23,1,yes,yes,41730.37,yes,no,45-54,3-5,no,Poor
15625592,486,France,Male,26,2,0.0,2,yes,yes,31399.4,no,yes,25-34,1-2,no,Poor
15635141,598,Germany,Male,59,8,118210.42,2,no,no,60192.14,yes,no,55-64,6-10,no,Fair
15642570,675,Spain,Male,35,8,0.0,2,yes,no,29062.25,no,yes,25-34,6-10,no,Good
15702175,755,France,Female,29,4,148654.84,2,yes,yes,28805.09,no,no,25-34,3-5,no,Very Good
15677785,656,Spain,Male,32,5,136963.12,1,yes,no,133814.28,no,no,25-34,3-5,yes,Fair
15786153,644,Germany,Male,47,9,137774.11,2,yes,no,151902.78,no,no,45-54,6-10,no,Fair
15759499,598,France,Female,32,4,111156.52,1,yes,yes,167376.26,no,no,25-34,3-5,no,Fair
15659568,850,Spain,Female,31,3,121237.65,1,yes,yes,31022.56,no,no,25-34,3-5,no,Excellent
15715597,679,France,Male,36,1,97234.58,1,yes,no,188997.08,no,no,35-44,1-2,yes,Good
15610147,632,France,Male,60,2,0.0,2,no,yes,2085.32,no,yes,55-64,1-2,no,Fair
15802362,550,Spain,Male,45,0,0.0,2,no,yes,70399.71,no,yes,35-44,0,no,Poor
15660524,572,Germany,Female,54,9,97382.53,1,yes,yes,195771.95,no,no,45-54,6-10,no,Poor
15747168,626,Germany,Female,47,2,103108.8,1,no,yes,166475.44,yes,no,45-54,1-2,no,Fair
15796910,625,Spain,Female,57,7,0.0,1,no,no,84106.17,yes,yes,55-64,6-10,yes,Fair
15707674,515,France,Female,58,2,131852.81,1,yes,no,81436.68,yes,no,55-64,1-2,yes,Poor
15565706,612,Spain,Male,35,1,0.0,1,yes,yes,83256.26,yes,yes,25-34,1-2,no,Fair
15587596,628,Spain,Female,39,8,107553.33,1,yes,no,117523.41,no,no,35-44,6-10,yes,Fair
15751943,529,Spain,Female,43,5,0.0,2,no,no,79476.63,no,yes,35-44,3-5,no,Poor
15621227,668,Germany,Female,46,7,161806.09,1,yes,yes,173052.19,no,no,45-54,6-10,no,Fair
15757588,526,France,Male,30,9,0.0,2,no,no,100995.68,no,yes,25-34,6-10,no,Poor
15640922,791,France,Female,52,7,0.0,1,yes,yes,122782.5,no,yes,45-54,6-10,no,Very Good
15567557,573,France,Male,27,2,128243.03,1,yes,yes,11631.34,no,no,25-34,1-2,no,Poor
15670103,565,France,Female,38,5,126645.13,1,yes,yes,168303.55,no,no,35-44,3-5,no,Poor
15720929,604,France,Female,47,8,62094.71,3,no,no,9308.1,yes,no,45-54,6-10,no,Fair
15732774,656,France,Male,37,7,112291.34,1,yes,no,153157.97,no,no,35-44,6-10,yes,Fair
15628558,447,France,Female,44,5,89188.83,1,yes,yes,75408.24,no,no,35-44,3-5,no,Poor
15729201,682,France,Male,55,9,0.0,1,yes,no,153356.8,yes,yes,45-54,6-10,yes,Good
15731117,437,Spain,Male,28,2,109161.25,1,yes,no,152987.42,no,no,25-34,1-2,yes,Poor
15615207,792,Spain,Male,47,0,0.0,1,yes,yes,5557.88,yes,yes,45-54,0,no,Very Good
15773512,627,Spain,Female,25,4,0.0,1,yes,yes,194313.93,no,yes,<25,3-5,no,Fair
15572145,767,France,Female,34,8,0.0,2,yes,no,94767.77,no,yes,25-34,6-10,no,Very Good
15642710,686,France,Male,26,7,0.0,2,yes,no,1540.89,no,yes,25-34,6-10,no,Good
15574213,789,France,Female,53,1,158271.74,1,yes,yes,5036.39,yes,no,45-54,1-2,no,Very Good
15718852,794,France,Male,56,9,96951.21,1,yes,yes,71776.76,no,no,55-64,6-10,no,Very Good
15583840,587,Germany,Male,35,5,121863.61,1,yes,yes,23481.69,yes,no,25-34,3-5,no,Fair
15782418,589,Germany,Female,19,9,83495.11,1,yes,yes,143022.31,yes,no,<25,6-10,no,Fair
15813504,543,Germany,Female,25,1,146566.01,1,no,yes,161407.48,no,no,<25,1-2,no,Poor
15711314,589,Spain,Female,45,1,0.0,1,no,no,125939.22,yes,yes,35-44,1-2,yes,Fair
15621064,701,Germany,Male,23,5,186101.18,2,yes,yes,76611.33,no,no,<25,3-5,no,Good
15627847,850,France,Male,40,6,0.0,1,yes,no,136985.08,yes,yes,35-44,6-10,yes,Excellent
15588090,726,Germany,Female,51,8,107494.86,2,yes,no,140937.91,yes,no,45-54,6-10,no,Good
15735270,767,Spain,Male,47,2,0.0,1,yes,no,48161.18,yes,yes,45-54,1-2,yes,Very Good
15671804,648,Spain,Male,36,8,146943.38,2,yes,yes,130041.45,no,no,35-44,6-10,no,Fair
15753215,651,Spain,Female,36,8,0.0,2,yes,no,91652.43,no,yes,35-44,6-10,no,Fair
15789941,633,France,Female,36,6,125130.28,1,no,no,125961.48,no,no,35-44,6-10,yes,Fair
15691061,740,France,Female,37,9,0.0,2,yes,yes,73225.31,no,yes,35-44,6-10,no,Good
15808326,592,France,Female,34,9,0.0,2,yes,yes,20460.2,no,yes,25-34,6-10,no,Fair
15566660,670,France,Female,41,10,0.0,3,yes,no,81602.02,no,yes,35-44,6-10,no,Fair
15778947,628,France,Male,36,3,0.0,2,yes,yes,8742.91,no,yes,35-44,3-5,no,Fair
15632977,745,France,Male,47,5,0.0,2,no,no,145789.71,no,yes,45-54,3-5,no,Very Good
15591747,705,France,Male,32,3,0.0,2,no,no,129576.99,no,yes,25-34,3-5,no,Good
15567335,559,France,Female,42,7,0.0,2,yes,yes,190040.29,no,yes,35-44,6-10,no,Poor
15609299,595,France,Male,29,6,150685.79,1,yes,no,87771.06,no,no,25-34,6-10,yes,Fair
15669945,492,France,Male,35,4,141359.37,2,yes,no,39519.53,no,no,25-34,3-5,no,Poor
15736271,498,France,Female,29,9,0.0,1,yes,no,190035.83,no,yes,25-34,6-10,yes,Poor
15710390,655,France,Female,39,6,94631.26,2,yes,yes,148948.52,no,no,35-44,6-10,no,Fair
15756481,636,France,Female,39,3,118336.14,1,yes,no,184691.77,no,no,35-44,3-5,yes,Fair
15736730,634,France,Female,45,2,0.0,1,yes,yes,143458.31,no,yes,35-44,1-2,no,Fair
15626040,793,Spain,Male,63,0,0.0,2,no,yes,27166.75,no,yes,55-64,0,no,Very Good
15746553,526,Germany,Male,50,5,124233.24,1,no,yes,159456.87,yes,no,45-54,3-5,no,Poor
15622518,768,France,Female,26,5,51116.26,1,yes,yes,70454.79,yes,no,25-34,3-5,no,Very Good
15684908,540,Germany,Male,64,1,91869.69,1,no,yes,95421.0,no,no,55-64,1-2,no,Poor
15569446,732,France,Female,34,8,122338.43,2,yes,no,187985.85,no,no,25-34,6-10,no,Good
15777504,617,France,Female,30,8,0.0,1,yes,yes,92621.9,no,yes,25-34,6-10,no,Fair
15677906,637,Spain,Female,54,5,0.0,1,no,yes,150836.98,no,yes,45-54,3-5,no,Fair
15703292,573,France,Male,26,8,86270.93,2,yes,yes,90177.3,no,no,25-34,6-10,no,Poor
15712938,531,France,Male,44,3,0.0,2,yes,yes,34416.79,no,yes,35-44,3-5,no,Poor
15631359,489,France,Female,38,5,117289.92,1,no,no,85231.88,no,no,35-44,3-5,yes,Poor
15720847,601,France,Male,35,2,0.0,2,yes,yes,118983.18,no,yes,25-34,1-2,no,Fair
15787830,452,Germany,Male,33,7,153663.27,1,yes,no,111868.23,no,no,25-34,6-10,yes,Poor
15599869,728,Spain,Female,29,1,0.0,1,yes,yes,83056.22,no,yes,25-34,1-2,no,Good
15592078,590,Germany,Female,27,8,123599.49,2,yes,no,1676.92,no,no,25-34,6-10,no,Fair
15596228,490,France,Male,29,4,0.0,2,yes,no,32089.57,no,yes,25-34,3-5,no,Poor
15578462,596,Spain,Female,76,9,134208.25,1,yes,yes,13455.43,no,no,65+,6-10,no,Fair
15756894,635,France,Male,29,1,0.0,1,no,yes,24865.54,no,yes,25-34,1-2,no,Fair
15796167,782,Germany,Male,35,7,98556.89,2,yes,no,117644.36,no,no,25-34,6-10,no,Very Good
15664808,790,Spain,Female,37,3,0.0,3,no,no,98897.32,no,yes,35-44,3-5,no,Very Good
15664555,587,France,Male,40,2,0.0,4,no,yes,106174.7,yes,yes,35-44,1-2,no,Fair
15607278,794,Spain,Female,46,8,134593.79,1,yes,yes,46386.37,no,no,45-54,6-10,no,Very Good
15585222,515,France,Male,41,8,0.0,2,yes,yes,185054.14,no,yes,35-44,6-10,no,Poor
15750299,746,Spain,Male,24,10,68781.82,1,no,yes,47997.39,no,no,<25,6-10,no,Very Good
15761294,667,Germany,Female,56,8,137464.04,1,yes,no,130846.79,yes,no,55-64,6-10,yes,Fair
15810454,709,France,Male,32,4,147307.91,1,no,yes,40861.55,no,no,25-34,3-5,no,Good
15673984,536,France,Female,35,8,0.0,1,yes,no,171840.24,yes,yes,25-34,6-10,yes,Poor
15609319,711,France,Female,41,3,145754.91,1,yes,yes,101455.07,no,no,35-44,3-5,no,Good
15709941,753,France,Male,46,8,0.0,3,yes,no,90747.94,yes,yes,45-54,6-10,no,Very Good
15580252,748,France,Male,44,4,112610.77,1,no,yes,2048.55,no,no,35-44,3-5,no,Very Good
15741275,623,France,Female,57,7,71481.79,2,yes,yes,84421.34,no,no,55-64,6-10,no,Fair
15707132,465,France,Male,33,5,0.0,2,no,yes,78698.09,no,yes,25-34,3-5,no,Poor
15600708,640,Spain,Female,34,3,77826.8,1,yes,yes,168544.85,no,no,25-34,3-5,no,Fair
15804787,562,France,Male,75,5,87140.85,1,yes,yes,39351.64,no,no,65+,3-5,no,Poor
15690021,502,Germany,Female,42,0,132002.7,1,no,yes,28204.98,yes,no,35-44,0,no,Poor
15763895,536,France,Male,32,7,178011.5,2,yes,no,22375.14,no,no,25-34,6-10,no,Poor
15623478,670,Germany,Female,32,4,102954.68,2,no,yes,134942.45,no,no,25-34,3-5,no,Fair
15797910,775,Germany,Male,51,2,123783.25,1,yes,yes,134901.57,no,no,45-54,1-2,no,Very Good
15577751,759,Germany,Male,30,4,101802.67,1,no,no,8693.8,no,no,25-34,3-5,yes,Very Good
15781777,604,France,Male,33,3,148659.48,1,no,no,42437.75,no,no,25-34,3-5,yes,Fair
15740527,766,Germany,Female,62,7,142724.48,1,no,yes,5893.23,yes,no,55-64,6-10,no,Very Good
15721251,554,Spain,Female,41,4,112152.89,1,no,yes,36242.19,no,no,35-44,3-5,no,Poor
15602994,487,France,Female,53,10,89550.85,1,no,yes,90076.85,no,no,45-54,6-10,no,Poor
15750769,725,France,Male,35,7,75915.75,1,yes,no,150507.43,no,no,25-34,6-10,yes,Good
15740175,732,Germany,Female,42,2,118889.66,2,no,no,87422.15,no,no,35-44,1-2,no,Good
15679968,623,France,Male,40,5,118788.57,1,yes,no,192867.4,no,no,35-44,3-5,yes,Fair
15694404,781,France,Female,42,3,156555.54,1,yes,yes,175674.01,no,no,35-44,3-5,no,Very Good
15657529,714,Germany,Male,53,1,99141.86,1,yes,yes,72496.05,yes,no,45-54,1-2,no,Good
15762882,577,Germany,Female,31,4,61211.18,1,yes,yes,145250.43,no,no,25-34,3-5,no,Poor
15642579,731,Spain,Female,37,1,128932.4,1,yes,yes,180712.52,no,no,35-44,1-2,no,Good
15598884,650,Spain,Female,23,5,0.0,1,yes,yes,180622.43,no,yes,<25,3-5,no,Fair
15770185,779,France,Male,32,10,80728.15,1,yes,no,86306.75,no,no,25-34,6-10,yes,Very Good
15800287,706,Spain,Female,46,2,127660.46,2,yes,no,150156.82,yes,no,45-54,1-2,no,Good
15665861,733,Spain,Male,44,3,106070.89,1,no,yes,101617.43,no,no,35-44,3-5,no,Good
15662203,579,Germany,Female,42,3,137560.38,2,yes,yes,85424.34,no,no,35-44,3-5,no,Poor
15616454,476,Germany,Female,34,8,111905.43,1,no,yes,197221.81,yes,no,25-34,6-10,no,Poor
15702788,775,France,Male,40,9,126212.64,1,yes,no,70196.57,no,no,35-44,6-10,yes,Very Good
15778149,538,Spain,Male,68,9,0.0,2,yes,no,110440.5,yes,yes,65+,6-10,no,Poor
15680001,602,France,Male,38,7,111835.94,2,yes,no,124389.61,no,no,35-44,6-10,no,Fair
15711991,615,France,Male,30,8,0.0,2,no,no,3183.15,no,yes,25-34,6-10,no,Fair
15633834,700,Germany,Female,28,3,99705.69,2,no,no,146723.72,no,no,25-34,3-5,no,Good
15765266,615,France,Male,32,1,0.0,2,no,no,2139.25,no,yes,25-34,1-2,no,Fair
15791867,544,Germany,Male,44,2,108895.93,1,no,no,69228.2,yes,no,35-44,1-2,yes,Poor
15675380,573,Spain,Male,56,3,154669.77,1,no,yes,115462.27,yes,no,55-64,3-5,no,Poor
15770576,555,Spain,Male,50,7,128061.0,2,yes,yes,62375.1,no,no,45-54,6-10,no,Poor
15775294,692,France,Female,31,2,0.0,2,yes,no,91829.17,yes,yes,25-34,1-2,no,Good
15727059,476,France,Female,40,4,0.0,2,no,no,182547.04,no,yes,35-44,3-5,no,Poor
15702499,770,Spain,Male,46,9,190678.02,1,yes,yes,14725.36,no,no,45-54,6-10,no,Very Good
15611699,641,France,Female,40,7,0.0,1,yes,no,126996.67,no,yes,35-44,6-10,yes,Fair
15654000,705,France,Female,35,5,0.0,1,yes,no,133991.11,yes,yes,25-34,3-5,yes,Good
15657881,784,France,Male,38,5,136712.91,1,no,yes,169920.92,no,no,35-44,3-5,no,Very Good
15719991,727,Spain,Female,52,1,154733.97,1,yes,no,80259.67,yes,no,45-54,1-2,yes,Good
15720687,576,France,Female,41,4,112609.91,1,no,no,191035.18,yes,no,35-44,3-5,yes,Poor
15687079,646,Spain,Male,69,10,115462.44,1,yes,no,40421.87,no,no,65+,6-10,yes,Fair
15582276,638,France,Male,34,5,133501.36,1,no,yes,155643.04,no,no,25-34,3-5,no,Fair
15763980,632,Germany,Male,30,1,58668.02,1,yes,yes,78670.52,no,no,25-34,1-2,no,Fair
15720774,850,Spain,Male,44,7,89118.26,1,yes,no,104240.77,yes,no,35-44,6-10,yes,Excellent
15592194,492,France,Female,28,9,0.0,2,yes,no,95957.09,no,yes,25-34,6-10,no,Poor
15803685,673,Germany,Female,77,10,76510.52,2,no,yes,59595.66,no,no,65+,6-10,no,Good
15759456,609,Spain,Male,34,7,140694.78,2,yes,no,46266.63,no,no,25-34,6-10,no,Fair
15611544,701,Germany,Male,36,7,95448.32,2,yes,no,189085.07,no,no,35-44,6-10,no,Good
15794257,651,France,Male,34,4,91562.99,1,yes,yes,123954.15,no,no,25-34,3-5,no,Fair
15681697,508,France,Male,31,8,72541.48,1,yes,no,129803.08,no,no,25-34,6-10,yes,Poor
15579566,616,Spain,Female,43,3,120867.18,1,yes,no,18761.92,yes,no,35-44,3-5,yes,Fair
15577970,489,France,Male,34,5,0.0,1,no,no,43540.59,no,yes,25-34,3-5,yes,Poor
15727489,567,Spain,Female,45,1,157320.51,1,yes,no,62193.92,no,no,35-44,1-2,yes,Poor
15764284,714,Spain,Male,27,3,0.0,3,yes,yes,129130.09,no,yes,25-34,3-5,no,Good
15581811,678,Germany,Female,30,1,139676.95,2,no,yes,16146.0,no,no,25-34,1-2,no,Good
15622527,581,France,Female,55,6,0.0,1,yes,yes,22442.13,no,yes,45-54,6-10,no,Fair
15753362,748,Spain,Male,60,3,0.0,2,yes,yes,78194.37,no,yes,55-64,3-5,no,Very Good
15666652,781,France,Female,19,3,0.0,2,yes,yes,124297.32,no,yes,<25,3-5,no,Very Good
15789714,691,Spain,Male,21,3,103000.94,1,yes,yes,104648.58,no,no,<25,3-5,no,Good
15771543,507,Germany,Male,31,2,134237.07,1,yes,yes,166423.66,yes,no,25-34,1-2,no,Poor
15748327,724,Germany,Male,34,6,118235.7,2,no,no,157137.23,no,no,25-34,6-10,no,Good
15754649,705,Spain,Female,57,3,0.0,2,yes,yes,34134.14,no,yes,55-64,3-5,no,Good
15810460,708,Spain,Female,64,5,0.0,3,no,yes,112520.07,yes,yes,55-64,3-5,no,Good
15771742,580,Germany,Male,38,9,115442.19,2,yes,no,128481.5,yes,no,35-44,6-10,no,Poor
15642160,850,France,Male,38,5,0.0,2,yes,no,16491.64,no,yes,35-44,3-5,no,Excellent
15798439,714,Spain,Male,25,2,0.0,1,yes,yes,132979.43,no,yes,<25,1-2,no,Good
15605293,559,France,Female,43,1,0.0,2,yes,yes,196645.87,no,yes,35-44,1-2,no,Poor
15692631,577,Spain,Female,44,8,115557.0,1,no,yes,127506.76,no,no,35-44,6-10,no,Poor
15665376,647,Germany,Female,35,3,166518.63,2,yes,no,147930.46,no,no,25-34,3-5,no,Fair
15772412,554,Spain,Male,30,6,135370.12,1,yes,yes,179689.05,yes,no,25-34,6-10,no,Poor
15654577,549,Germany,Male,54,5,92877.33,1,yes,no,2619.64,yes,no,45-54,3-5,yes,Poor
15585427,528,France,Female,26,10,102073.67,2,no,no,166799.93,no,no,25-34,6-10,no,Poor
15584536,720,Germany,Male,46,3,97042.6,1,yes,yes,133516.51,yes,no,45-54,3-5,no,Good
15585853,743,Spain,Male,41,7,0.0,1,yes,no,163736.09,yes,yes,35-44,6-10,yes,Very Good
15645271,615,Germany,Male,24,8,108528.07,2,no,no,179488.41,yes,no,<25,6-10,no,Fair
15579387,635,Germany,Female,44,2,79064.85,2,no,yes,113291.75,no,no,35-44,1-2,no,Fair
15623107,686,Spain,Male,45,3,74274.87,3,yes,no,64907.48,yes,no,35-44,3-5,no,Good
15754072,840,Spain,Female,36,6,0.0,2,yes,no,141364.27,no,yes,35-44,6-10,no,Excellent
15666163,695,France,Male,43,1,100421.1,1,yes,yes,101141.28,no,no,35-44,1-2,no,Good
15765192,564,France,Male,26,7,84006.88,2,no,no,183490.99,no,no,25-34,6-10,no,Poor
15804822,805,France,Female,31,4,0.0,2,yes,no,4798.12,no,yes,25-34,3-5,no,Excellent
15612893,558,Spain,Male,45,4,0.0,1,yes,no,131807.14,no,yes,35-44,3-5,yes,Poor
15593636,657,France,Female,39,4,80293.81,1,yes,no,97192.76,no,no,35-44,3-5,yes,Fair
15693326,641,France,Female,42,7,125437.14,2,no,no,164128.58,no,no,35-44,6-10,no,Fair
15809901,755,France,Male,36,8,0.0,2,yes,no,176809.87,no,yes,35-44,6-10,no,Very Good
15759751,483,France,Male,48,1,0.0,2,yes,yes,110059.38,no,yes,45-54,1-2,no,Poor
15605425,545,Germany,Female,44,2,127536.44,1,yes,no,108398.63,no,no,35-44,1-2,yes,Poor
15801934,678,France,Male,66,8,0.0,2,yes,yes,47117.03,no,yes,65+,6-10,no,Good
15592000,781,Germany,Female,48,9,82794.18,1,yes,no,124720.68,yes,no,45-54,6-10,yes,Very Good
15618695,571,Spain,Female,22,3,108117.1,1,no,yes,53328.7,no,no,<25,3-5,no,Poor
15637110,634,Spain,Female,35,10,0.0,1,yes,no,82634.41,no,yes,25-34,6-10,yes,Fair
15727408,523,Germany,Male,27,8,61688.61,2,yes,no,147059.16,no,no,25-34,6-10,no,Poor
15716328,501,France,Female,40,2,0.0,2,no,no,141946.92,no,yes,35-44,1-2,no,Poor
15669060,662,France,Male,74,6,0.0,2,yes,no,123583.85,no,yes,65+,6-10,no,Fair
15675854,573,Spain,Male,50,0,159304.07,1,no,yes,155915.24,yes,no,45-54,0,no,Poor
15621116,648,Germany,Male,33,5,138664.24,1,yes,no,29076.27,no,no,25-34,3-5,yes,Fair
15781495,662,France,Female,22,2,126362.57,2,yes,yes,97382.8,no,no,<25,1-2,no,Fair
15740470,725,France,Male,39,4,160652.45,2,yes,no,57643.55,no,no,35-44,3-5,no,Good
15714391,563,France,Female,35,2,183572.84,1,yes,yes,66006.75,yes,no,25-34,1-2,no,Poor
15730137,628,France,Male,31,0,88421.81,1,no,no,72350.47,no,no,25-34,0,yes,Fair
15596455,546,Spain,Female,45,2,0.0,1,no,no,197789.83,yes,yes,35-44,1-2,yes,Poor
15717290,688,Germany,Male,41,2,112871.19,2,no,yes,65520.74,no,no,35-44,1-2,no,Good
15616555,850,Germany,Male,41,8,60880.68,1,yes,no,31825.84,no,no,35-44,6-10,yes,Excellent
15659820,614,France,Female,34,5,0.0,2,yes,no,185561.89,no,yes,25-34,3-5,no,Fair
15696301,719,France,Female,37,9,101455.7,1,yes,no,25803.59,yes,no,35-44,6-10,yes,Good
15771087,757,France,Female,71,0,88084.13,2,yes,yes,154337.47,no,no,65+,0,no,Very Good
15808831,669,France,Male,29,7,0.0,2,yes,yes,138145.62,no,yes,25-34,6-10,no,Fair
15812241,438,Germany,Male,59,7,127197.14,1,yes,no,51565.98,yes,no,55-64,6-10,yes,Poor
15680370,492,France,Male,39,7,0.0,2,no,yes,71323.23,no,yes,35-44,6-10,no,Poor
15780561,622,France,Female,39,9,83456.79,2,no,no,38882.34,no,no,35-44,6-10,no,Fair
15800784,645,France,Male,42,4,98298.18,1,yes,yes,676.06,no,no,35-44,3-5,no,Fair
15715796,728,France,Male,37,0,0.0,2,yes,yes,72203.8,no,yes,35-44,0,no,Good
15605375,651,France,Male,35,2,86911.8,1,yes,no,174094.24,no,no,25-34,1-2,yes,Fair
15621520,783,Germany,Female,42,2,139707.28,1,yes,no,2150.22,no,no,35-44,1-2,yes,Very Good
15665460,732,Spain,Female,67,1,0.0,2,yes,yes,177783.04,no,yes,65+,1-2,no,Good
15801152,553,Spain,Female,39,1,142876.98,2,yes,no,44363.42,no,no,35-44,1-2,no,Poor
15756425,660,France,Male,30,7,146301.31,1,no,no,96847.91,no,no,25-34,6-10,yes,Fair
15674328,670,France,Female,40,3,47364.45,1,yes,yes,148579.43,yes,no,35-44,3-5,no,Fair
15742404,718,France,Male,38,7,0.0,2,yes,no,38308.34,no,yes,35-44,6-10,no,Good
15757140,787,France,Male,51,0,58137.08,1,no,yes,142538.31,no,no,45-54,0,no,Very Good
15570051,775,Germany,Female,38,6,179886.41,2,no,no,153122.58,no,no,35-44,6-10,no,Very Good
15669175,479,Germany,Male,24,6,107637.97,2,no,yes,169505.83,no,no,<25,6-10,no,Poor
15790324,660,France,Female,20,6,167685.56,1,yes,no,57929.9,no,no,<25,6-10,yes,Fair
15691119,721,Germany,Male,68,4,136525.99,1,no,no,175399.14,no,no,65+,3-5,yes,Good
15743478,659,Germany,Male,39,8,52106.33,2,yes,yes,107964.36,no,no,35-44,6-10,no,Fair
15707007,743,France,Female,39,8,0.0,1,yes,no,94263.44,no,yes,35-44,6-10,yes,Very Good
15572547,670,France,Female,45,9,104930.38,1,yes,no,155921.81,yes,no,35-44,6-10,yes,Fair
15567063,766,Germany,Female,34,6,106434.94,1,no,yes,137995.66,yes,no,25-34,6-10,no,Very Good
15689633,845,Spain,Female,38,2,112803.92,1,yes,no,179631.85,no,no,35-44,1-2,yes,Excellent
15720637,710,Germany,Female,46,10,120530.34,1,yes,no,166586.99,yes,no,45-54,6-10,yes,Good
15616859,602,Germany,Female,43,2,113641.49,4,yes,no,115116.35,yes,no,35-44,1-2,no,Fair
15766166,604,Spain,Male,43,2,145081.72,1,yes,yes,23881.62,no,no,35-44,1-2,no,Fair
15617655,564,Spain,Female,35,9,0.0,2,yes,yes,105837.38,no,yes,25-34,6-10,no,Poor
15623450,637,Germany,Female,27,7,135842.89,1,yes,yes,101418.05,no,no,25-34,6-10,no,Fair
15796612,527,France,Female,31,1,112203.25,1,yes,no,182266.01,no,no,25-34,1-2,yes,Poor
15795963,687,France,Male,34,7,129895.19,1,no,yes,28698.17,no,no,25-34,6-10,no,Good
15781598,756,Germany,Male,41,6,149049.92,1,no,yes,50422.36,yes,no,35-44,6-10,no,Very Good
15691871,503,Germany,Male,42,9,153279.39,1,yes,yes,151336.96,no,no,35-44,6-10,no,Poor
15740345,657,Spain,Male,42,5,41473.33,1,yes,no,112979.6,yes,no,35-44,3-5,yes,Fair
15662626,666,France,Female,40,2,0.0,2,no,no,36371.27,no,yes,35-44,1-2,no,Fair
15596575,615,Germany,Male,39,5,113193.51,2,yes,yes,52166.25,no,no,35-44,3-5,no,Fair
15657321,712,Germany,Male,27,8,113174.21,2,yes,no,147261.58,no,no,25-34,6-10,no,Good
15575955,764,France,Female,24,0,0.0,2,yes,no,88724.49,no,yes,<25,0,no,Very Good
15743893,471,France,Male,42,3,164951.56,1,yes,no,190531.77,no,no,35-44,3-5,yes,Poor
15697270,608,Spain,Male,27,4,153325.1,1,yes,yes,199953.33,no,no,25-34,3-5,no,Fair
15644356,682,Spain,Female,47,10,134032.01,1,yes,no,144290.97,no,no,45-54,6-10,yes,Good
15677586,587,Germany,Female,32,3,125445.04,2,yes,yes,130514.78,no,no,25-34,3-5,no,Fair
15571261,714,Germany,Female,35,6,126077.43,2,yes,yes,53954.24,no,no,25-34,6-10,no,Good
15698758,630,Spain,Female,31,1,0.0,2,yes,yes,169802.73,no,yes,25-34,1-2,no,Fair
15787014,648,Germany,Female,28,8,90371.09,1,yes,yes,146851.73,no,no,25-34,6-10,no,Fair
15739857,785,France,Female,40,3,0.0,2,yes,yes,96832.82,no,yes,35-44,3-5,no,Very Good
15774630,601,Germany,Female,47,1,142802.02,1,yes,yes,57553.02,no,no,45-54,1-2,no,Fair
15805523,717,France,Female,28,1,90537.16,1,no,yes,74800.99,no,no,25-34,1-2,no,Good
15749557,707,France,Female,44,6,0.0,2,yes,yes,192542.17,no,yes,35-44,6-10,no,Good
15681180,771,France,Female,23,7,156123.73,1,yes,no,72990.62,no,no,<25,6-10,yes,Very Good
15742028,602,France,Female,35,5,0.0,2,yes,no,31050.02,no,yes,25-34,3-5,no,Fair
15686463,626,France,Male,38,7,141074.59,1,yes,no,52795.56,yes,no,35-44,6-10,yes,Fair
15654379,588,Spain,Male,59,4,0.0,2,yes,yes,27435.41,no,yes,55-64,3-5,no,Fair
15783629,616,Germany,Female,42,6,117899.95,2,no,no,150266.81,no,no,35-44,6-10,no,Fair
15751193,621,Spain,Male,33,4,0.0,2,yes,yes,40299.23,no,yes,25-34,3-5,no,Fair
15724099,674,France,Male,26,6,166257.96,1,yes,yes,149369.41,no,no,25-34,6-10,no,Good
15568429,633,Spain,Female,46,3,0.0,2,yes,no,120250.58,no,yes,45-54,3-5,no,Fair
15648967,698,Germany,Female,64,1,169362.43,1,yes,no,84760.32,yes,no,55-64,1-2,yes,Good
15664498,508,France,Male,26,7,205962.0,1,yes,no,156424.4,no,no,25-34,6-10,yes,Poor
15779522,736,France,Female,24,0,0.0,2,yes,no,109355.73,yes,yes,<25,0,no,Good
15583850,672,Germany,Male,68,0,126061.51,2,yes,yes,184936.77,no,no,65+,0,no,Good
15696539,613,France,Female,21,7,105627.95,1,yes,yes,36560.51,no,no,<25,6-10,no,Fair
15760121,712,France,Male,32,9,100606.02,1,yes,no,165693.06,no,no,25-34,6-10,yes,Good
15628279,624,France,Female,38,3,0.0,2,yes,yes,163666.85,no,yes,35-44,3-5,no,Fair
15766163,676,France,Male,38,1,0.0,2,no,yes,35644.79,no,yes,35-44,1-2,no,Good
15566467,683,Germany,Female,32,0,138171.1,2,yes,yes,188203.58,no,no,25-34,0,no,Good
15639049,489,France,Female,31,7,139395.08,1,no,yes,6120.84,no,no,25-34,6-10,no,Poor
15736413,739,France,Male,29,1,0.0,2,yes,yes,164484.78,no,yes,25-34,1-2,no,Good
15634815,701,France,Female,37,3,0.0,2,yes,yes,164268.28,no,yes,35-44,3-5,no,Good
15716381,666,Germany,Female,50,7,109062.28,1,yes,yes,140136.1,yes,no,45-54,6-10,no,Fair
15708162,565,Germany,Female,40,1,89994.71,2,no,yes,121084.27,no,no,35-44,1-2,no,Poor
15569364,666,France,Male,36,3,0.0,2,yes,no,35156.54,no,yes,35-44,3-5,no,Fair
15791191,633,France,Male,59,2,103996.74,1,yes,yes,103159.11,no,no,55-64,1-2,no,Fair
15621205,578,France,Male,34,4,175111.11,1,yes,yes,74858.3,no,no,25-34,3-5,no,Poor
15704788,812,Spain,Female,49,8,66079.45,2,no,no,91556.57,yes,no,45-54,6-10,no,Excellent
15775756,809,Germany,Male,33,8,148055.74,1,no,no,199203.21,no,no,25-34,6-10,yes,Excellent
15641312,615,France,Male,36,6,0.0,1,yes,yes,27011.8,yes,yes,35-44,6-10,no,Fair
15782531,684,Spain,Female,31,8,0.0,2,yes,no,188637.05,no,yes,25-34,6-10,no,Good
15724428,544,France,Male,40,8,0.0,2,yes,no,61581.2,no,yes,35-44,6-10,no,Poor
15743617,713,Germany,Male,47,1,95994.98,1,yes,no,197529.23,no,no,45-54,1-2,yes,Good
15585839,633,France,Male,37,2,0.0,2,yes,no,182258.17,no,yes,35-44,1-2,no,Fair
15658158,672,Germany,Female,23,10,110741.56,1,yes,no,80778.5,no,no,<25,6-10,yes,Good
15637678,661,France,Male,35,5,0.0,1,yes,no,155394.52,no,yes,25-34,3-5,yes,Fair
15701809,749,Spain,Female,28,3,0.0,1,yes,no,3408.7,no,yes,25-34,3-5,yes,Very Good
15676937,635,Spain,Female,32,8,0.0,2,yes,yes,19367.98,yes,yes,25-34,6-10,no,Fair
15778975,850,Germany,Female,70,1,96947.58,3,yes,no,62282.99,yes,no,65+,1-2,no,Excellent
15710375,641,France,Male,41,6,0.0,2,yes,no,65396.79,no,yes,35-44,6-10,no,Fair
15579914,633,Germany,Male,30,2,109786.82,2,yes,yes,139712.81,no,no,25-34,1-2,no,Fair
15595160,413,Spain,Male,35,2,0.0,2,yes,yes,60972.84,no,yes,25-34,1-2,no,Poor
15595391,538,France,Male,31,1,0.0,2,yes,no,1375.46,no,yes,25-34,1-2,no,Poor
15630363,437,France,Female,39,0,102721.49,1,no,no,22191.82,no,no,35-44,0,yes,Poor
15692443,612,Spain,Male,33,5,69478.57,1,yes,no,8973.67,yes,no,25-34,3-5,yes,Fair
15593795,516,Germany,Female,53,1,156674.2,1,yes,no,118502.34,yes,no,45-54,1-2,yes,Poor
15642824,826,Spain,Female,56,8,174506.1,2,no,yes,161802.82,yes,no,55-64,6-10,no,Excellent
15683524,660,Germany,Female,23,6,166070.48,2,no,no,90494.72,no,no,<25,6-10,no,Fair
15713532,646,Germany,Female,29,4,105957.44,1,yes,no,15470.91,no,no,25-34,3-5,yes,Fair
15719827,767,France,Male,36,3,0.0,1,no,no,65147.27,no,yes,35-44,3-5,yes,Very Good
15578435,640,France,Male,40,8,110340.68,1,yes,yes,157886.6,no,no,35-44,6-10,no,Fair
15723028,778,France,Male,33,1,0.0,2,yes,no,85439.73,no,yes,25-34,1-2,no,Very Good
15595609,679,Germany,Male,52,9,135870.01,2,no,no,54038.62,no,no,45-54,6-10,no,Good
15622443,549,France,Male,31,4,0.0,2,no,yes,25684.85,no,yes,25-34,3-5,no,Poor
15579112,598,France,Male,47,2,0.0,2,yes,yes,186116.54,no,yes,45-54,1-2,no,Fair
15648479,655,France,Female,45,0,0.0,2,yes,no,166830.71,no,yes,35-44,0,no,Fair
15659234,494,France,Male,30,3,85704.95,1,no,yes,27886.06,no,no,25-34,3-5,no,Poor
15811970,653,France,Female,42,1,0.0,2,yes,yes,5768.32,no,yes,35-44,1-2,no,Fair
15774192,539,Germany,Female,38,8,105435.74,1,no,no,80575.44,yes,no,35-44,6-10,yes,Poor
15595136,645,France,Female,37,1,0.0,2,yes,yes,68987.55,no,yes,35-44,1-2,no,Fair
15630580,751,Germany,Male,34,9,108513.25,2,yes,yes,27097.82,no,no,25-34,6-10,no,Very Good
15660646,528,France,Male,35,3,156687.1,1,yes,no,199320.77,no,no,25-34,3-5,yes,Poor
15614365,696,Germany,Male,31,3,150604.52,1,no,no,5566.6,no,no,25-34,3-5,yes,Good
15776128,716,France,Female,44,6,155114.9,1,no,no,133871.83,no,no,35-44,6-10,yes,Good
15787035,602,France,Female,35,8,0.0,2,yes,yes,152843.53,no,yes,25-34,6-10,no,Fair
15792646,647,Spain,Female,64,1,91216.0,1,yes,yes,41800.18,no,no,55-64,1-2,no,Fair
15726832,850,Germany,Male,61,3,141784.02,1,yes,yes,92053.75,no,no,55-64,3-5,no,Excellent
15773260,590,France,Female,32,0,127763.24,1,yes,no,100717.54,no,no,25-34,0,yes,Fair
15624437,825,Spain,Female,32,1,0.0,2,yes,yes,42935.15,no,yes,25-34,1-2,no,Excellent
15717138,850,Spain,Male,31,6,82613.56,2,yes,no,149170.92,no,no,25-34,6-10,no,Excellent
15657317,789,France,Female,32,7,69423.52,1,yes,no,107499.39,no,no,25-34,6-10,yes,Very Good
15626948,701,France,Female,42,6,86167.82,1,yes,no,153342.38,no,no,35-44,6-10,yes,Good
15758901,713,Spain,Female,47,1,0.0,1,yes,no,107825.08,yes,yes,45-54,1-2,yes,Good
15777759,570,France,Male,30,2,131406.56,1,yes,yes,47952.45,no,no,25-34,1-2,no,Poor
15773322,536,Germany,Female,44,4,121898.82,1,no,no,131007.18,no,no,35-44,3-5,yes,Poor
15697318,771,Germany,Male,32,9,77487.2,1,no,no,33143.04,no,no,25-34,6-10,yes,Very Good
15678916,512,France,Female,75,2,0.0,1,yes,no,123304.62,no,yes,65+,1-2,yes,Poor
15632118,698,Spain,Male,45,5,164450.94,1,yes,no,141970.02,yes,no,35-44,3-5,yes,Good
15788118,656,France,Male,33,7,138705.02,2,yes,no,37136.15,no,no,25-34,6-10,no,Fair
15788930,761,Spain,Male,37,7,132730.17,1,yes,no,199293.01,no,no,35-44,6-10,yes,Very Good
15628583,709,France,Female,30,5,0.0,2,no,yes,161388.22,no,yes,25-34,3-5,no,Good
15635177,597,Spain,Female,66,3,0.0,1,yes,yes,70532.53,no,yes,65+,3-5,no,Fair
15587690,592,France,Male,28,2,116498.22,1,yes,no,144290.25,no,no,25-34,1-2,yes,Fair
15627630,599,France,Female,41,1,0.0,2,yes,no,96069.82,no,yes,35-44,1-2,no,Fair
15610930,572,Germany,Female,35,1,139979.07,1,yes,no,185662.84,no,no,25-34,1-2,yes,Poor
15657747,611,Germany,Female,43,9,127216.31,2,no,yes,17913.25,no,no,35-44,6-10,no,Fair
15568006,634,France,Female,45,2,0.0,4,yes,no,101039.53,yes,yes,35-44,1-2,no,Fair
15751748,666,France,Male,51,2,148222.65,1,no,no,156953.54,yes,no,45-54,1-2,yes,Fair
15722212,696,France,Female,41,8,0.0,2,no,no,28276.83,no,yes,35-44,6-10,no,Good
15658670,669,France,Female,38,8,0.0,2,yes,no,84049.16,no,yes,35-44,6-10,no,Fair
15761654,726,Spain,Male,30,8,134152.29,1,yes,yes,147822.44,no,no,25-34,6-10,no,Good
15812210,497,Germany,Female,32,8,111537.23,4,yes,yes,9497.99,yes,no,25-34,6-10,no,Poor
15787051,750,Spain,Female,39,7,119565.92,1,yes,no,87067.73,no,no,35-44,6-10,yes,Very Good
15642991,850,Spain,Female,29,7,0.0,2,yes,no,23237.25,no,yes,25-34,6-10,no,Excellent
15713769,617,Spain,Male,38,7,0.0,1,yes,yes,27239.28,no,yes,35-44,6-10,no,Fair
15605826,652,Germany,Male,46,10,121063.8,3,yes,no,151481.86,yes,no,45-54,6-10,no,Fair
15648898,560,Spain,Female,27,7,124995.98,1,yes,yes,114669.79,no,no,25-34,6-10,no,Poor
15705309,629,Spain,Male,39,5,0.0,2,no,no,116748.14,no,yes,35-44,3-5,no,Fair
15734202,660,Germany,Female,52,4,86891.84,1,yes,no,90877.76,no,no,45-54,3-5,yes,Fair
15658852,676,France,Male,38,8,0.0,2,yes,yes,133692.88,no,yes,35-44,6-10,no,Good
15612633,581,Spain,Male,43,9,78022.61,1,no,yes,30662.91,no,no,35-44,6-10,no,Fair
15604818,798,France,Male,34,9,154495.79,1,yes,no,191395.88,no,no,25-34,6-10,yes,Very Good
15593900,705,France,Male,38,1,189443.72,1,no,yes,106648.58,no,no,35-44,1-2,no,Good
15624995,714,Spain,Female,31,6,152926.6,1,yes,yes,50899.91,no,no,25-34,6-10,no,Good
15570087,664,France,Female,44,8,142989.69,1,yes,yes,115452.51,yes,no,35-44,6-10,no,Fair
15802617,697,Germany,Male,43,7,115371.94,2,yes,no,64139.1,no,no,35-44,6-10,no,Good
15656029,609,France,Male,37,6,0.0,2,no,yes,22030.72,no,yes,35-44,6-10,no,Fair
15739194,548,Spain,Male,38,0,178056.54,2,yes,no,38434.73,no,no,35-44,0,no,Poor
15607275,850,Spain,Male,39,6,206014.94,2,no,yes,42774.84,yes,no,35-44,6-10,no,Excellent
15629475,656,France,Male,41,2,0.0,2,yes,no,158973.77,no,yes,35-44,1-2,no,Fair
15635034,727,Germany,Male,37,9,101191.83,1,yes,yes,34551.35,yes,no,35-44,6-10,no,Good
15756333,642,France,Female,55,7,0.0,2,yes,yes,101515.76,no,yes,45-54,6-10,no,Fair
15777436,710,Spain,Female,31,5,0.0,2,yes,no,9561.73,no,yes,25-34,3-5,no,Good
15676835,710,Spain,Male,33,1,0.0,2,yes,no,168313.17,no,yes,25-34,1-2,no,Good
15574206,718,France,Female,37,7,0.0,2,yes,yes,55100.09,no,yes,35-44,6-10,no,Good
15613017,586,Germany,Male,32,1,149814.54,1,yes,no,31830.06,no,no,25-34,1-2,yes,Fair
15815131,617,Spain,Female,36,7,115617.24,1,yes,yes,71519.4,no,no,35-44,6-10,no,Fair
15585455,630,France,Male,28,9,0.0,2,no,no,32599.35,no,yes,25-34,6-10,no,Fair
15692929,791,Germany,Female,42,10,113657.41,2,no,yes,139946.68,yes,no,35-44,6-10,no,Very Good
15758081,673,Spain,Male,39,8,138160.0,1,yes,yes,110468.51,no,no,35-44,6-10,no,Good
15667476,477,Germany,Female,36,3,117700.86,1,no,no,74042.0,no,no,35-44,3-5,yes,Poor
15738248,662,France,Female,37,5,0.0,2,yes,no,151871.84,no,yes,35-44,3-5,no,Fair
15672152,850,Germany,Male,37,9,122506.38,1,no,yes,199693.84,yes,no,35-44,6-10,no,Excellent
15673372,635,France,Female,58,1,0.0,1,yes,yes,58907.08,yes,yes,55-64,1-2,no,Fair
15587611,537,France,Male,59,9,0.0,2,no,no,103799.77,yes,yes,55-64,6-10,no,Poor
15803415,579,France,Female,39,3,166501.17,2,yes,no,93835.64,no,no,35-44,3-5,no,Poor
15715673,651,Spain,Female,46,4,89743.05,1,yes,no,156425.57,yes,no,45-54,3-5,yes,Fair
15655648,610,France,Female,25,2,0.0,2,yes,no,123723.83,no,yes,<25,1-2,no,Fair
15763613,581,France,Male,30,1,0.0,2,yes,no,199464.08,no,yes,25-34,1-2,no,Fair
15660385,592,France,Male,39,7,0.0,2,yes,no,83084.33,no,yes,35-44,6-10,no,Fair
15733261,688,Spain,Female,35,6,0.0,1,yes,no,25488.43,yes,yes,25-34,6-10,yes,Good
15796231,681,France,Female,18,1,98894.39,1,yes,yes,9596.4,no,no,<25,1-2,no,Good
15624866,658,Germany,Male,37,3,168735.74,2,no,no,70370.24,no,no,35-44,3-5,no,Fair
15623730,792,France,Male,34,1,0.0,1,no,yes,86330.32,no,yes,25-34,1-2,no,Very Good
15668248,528,Germany,Female,62,7,133201.17,1,no,no,168507.68,yes,no,55-64,6-10,yes,Poor
15694518,624,Spain,Female,36,0,0.0,2,yes,no,111605.9,no,yes,35-44,0,no,Fair
15638028,562,Germany,Male,31,4,127237.25,2,no,yes,143317.42,no,no,25-34,3-5,no,Poor
15795895,678,Germany,Male,36,1,117864.85,2,yes,no,27619.06,no,no,35-44,1-2,no,Good
15694376,705,Germany,Female,64,3,153469.26,3,no,no,146573.66,yes,no,55-64,3-5,no,Good
15669204,650,Germany,Male,23,4,93911.3,2,yes,no,69055.45,no,no,<25,3-5,no,Fair
15773779,593,Spain,Female,46,2,76597.79,1,yes,yes,54453.72,no,no,45-54,1-2,no,Fair
15580682,652,France,Female,40,4,79927.36,2,yes,yes,33524.6,no,no,35-44,3-5,no,Fair
15768530,554,Spain,Female,27,4,0.0,2,yes,yes,135083.73,no,yes,25-34,3-5,no,Poor
15672875,584,Germany,Male,32,8,40172.91,1,yes,yes,137439.34,no,no,25-34,6-10,no,Fair
15617082,516,France,Male,33,7,115195.58,1,yes,yes,11205.5,no,no,25-34,6-10,no,Poor
15760514,789,Germany,Female,43,9,116644.29,2,yes,yes,60176.1,no,no,35-44,6-10,no,Very Good
15761775,598,Germany,Male,20,8,180293.84,2,yes,yes,29552.7,no,no,<25,6-10,no,Fair
15799964,669,Germany,Female,30,7,139872.81,1,yes,no,188795.85,no,no,25-34,6-10,yes,Fair
15693906,645,France,Female,24,3,34547.82,1,yes,yes,11638.17,no,no,<25,3-5,no,Fair
15739514,659,France,Female,32,9,0.0,2,yes,yes,93155.75,no,yes,25-34,6-10,no,Fair
15756926,833,Germany,Male,29,1,96462.25,2,no,yes,48986.18,no,no,25-34,1-2,no,Excellent
15770984,697,Spain,Female,40,7,130334.35,2,no,yes,116951.1,no,no,35-44,6-10,no,Good
15703979,580,Germany,Male,39,3,119688.81,1,yes,no,137041.26,no,no,35-44,3-5,yes,Poor
15801821,691,France,Male,38,1,0.0,2,no,no,44653.5,no,yes,35-44,1-2,no,Good
15711028,534,France,Male,52,1,0.0,3,yes,yes,104035.41,yes,yes,45-54,1-2,no,Poor
15791842,478,France,Female,32,6,71187.24,1,yes,yes,110593.62,no,no,25-34,6-10,no,Poor
15746127,572,France,Female,47,2,0.0,2,yes,no,36099.7,no,yes,45-54,1-2,no,Poor
15663625,501,France,Male,37,4,0.0,2,no,no,12470.3,no,yes,35-44,3-5,no,Poor
15604891,624,Spain,Female,38,8,0.0,2,yes,no,95403.41,no,yes,35-44,6-10,no,Fair
15589666,595,France,Female,39,9,136422.41,1,yes,yes,151757.81,no,no,35-44,6-10,no,Fair
15627881,603,France,Male,30,8,0.0,2,yes,yes,47536.46,no,yes,25-34,6-10,no,Fair
15664895,602,France,Female,25,0,0.0,2,yes,yes,101274.17,no,yes,<25,0,no,Fair
15676094,500,France,Female,34,6,0.0,1,yes,yes,140268.45,no,yes,25-34,6-10,no,Poor
15761720,422,France,Male,41,6,153238.88,1,yes,no,11663.09,no,no,35-44,6-10,yes,Poor
15611961,615,France,Male,35,7,0.0,2,yes,no,150784.29,no,yes,25-34,6-10,no,Fair
15680167,635,France,Female,78,6,47536.4,1,yes,yes,119400.08,no,no,65+,6-10,no,Fair
15762543,711,France,Female,32,1,0.0,2,yes,no,126188.42,no,yes,25-34,1-2,no,Good
15658475,834,France,Male,36,8,142882.49,1,yes,no,89983.02,yes,no,35-44,6-10,yes,Excellent
15779743,633,France,Female,44,7,0.0,2,yes,no,29761.29,no,yes,35-44,6-10,no,Fair
15661532,650,France,Female,31,1,160566.11,2,no,no,27073.81,no,no,25-34,1-2,no,Fair
15782360,743,Germany,Male,65,2,131935.51,1,yes,yes,96399.67,yes,no,55-64,1-2,no,Very Good
15767908,567,France,Male,38,6,127678.8,2,no,no,45422.89,no,no,35-44,6-10,no,Poor
15677105,706,Germany,Female,46,4,105214.58,1,yes,no,108699.59,yes,no,45-54,3-5,yes,Good
15641474,638,France,Male,46,9,139859.54,1,yes,no,38967.29,no,no,45-54,6-10,yes,Fair
15624451,641,France,Female,38,3,0.0,2,yes,no,116466.19,no,yes,35-44,3-5,no,Fair
15577985,574,France,Female,34,5,112324.45,2,yes,yes,17993.43,no,no,25-34,3-5,no,Poor
15571666,642,Germany,Male,30,8,134497.27,1,no,no,43250.54,no,no,25-34,6-10,yes,Fair
15783691,722,Spain,Female,35,1,120171.58,1,yes,no,125240.8,no,no,25-34,1-2,yes,Good
15671172,623,France,Male,23,1,106012.2,2,no,yes,191415.94,no,no,<25,1-2,no,Fair
15731760,681,France,Male,25,5,0.0,1,no,yes,90860.97,no,yes,<25,3-5,no,Good
15585599,530,France,Female,34,8,0.0,2,no,yes,141872.52,no,yes,25-34,6-10,no,Poor
15784958,797,France,Female,55,10,0.0,4,yes,yes,49418.87,yes,yes,45-54,6-10,no,Very Good
15734524,653,France,Male,51,3,0.0,1,yes,no,170426.65,yes,yes,45-54,3-5,yes,Fair
15614103,850,Germany,Male,42,8,119839.69,1,no,yes,51016.02,yes,no,35-44,6-10,no,Excellent
15794895,581,Spain,Male,34,1,0.0,2,no,yes,81175.25,no,yes,25-34,1-2,no,Fair
15772381,589,Germany,Male,38,8,92219.21,1,yes,no,99106.97,no,no,35-44,6-10,yes,Fair
15710553,555,Germany,Male,48,3,142055.41,2,no,yes,79134.78,no,no,45-54,3-5,no,Poor
15649292,748,France,Female,49,7,29602.08,1,no,no,163550.58,yes,no,45-54,6-10,yes,Very Good
15792565,745,France,Female,46,7,0.0,2,yes,yes,67769.94,no,yes,45-54,6-10,no,Very Good
15718245,730,France,Male,34,1,0.0,2,yes,yes,126592.01,no,yes,25-34,1-2,no,Good
15703117,565,France,Female,44,1,0.0,2,no,yes,89602.81,no,yes,35-44,1-2,no,Poor
15758136,778,France,Male,37,3,141803.77,1,no,yes,179421.84,no,no,35-44,3-5,no,Very Good
15799932,812,France,Male,24,10,0.0,2,yes,yes,156906.15,no,yes,<25,6-10,no,Excellent
15633516,526,France,Male,42,1,0.0,1,no,yes,168486.02,no,yes,35-44,1-2,no,Poor
15622532,708,France,Female,47,0,126589.12,2,no,yes,132730.07,yes,no,45-54,0,no,Good
15798960,680,France,Male,33,2,108393.35,1,no,yes,39057.67,no,no,25-34,1-2,no,Good
15698664,567,Spain,Male,43,2,115643.58,2,no,no,174606.35,no,no,35-44,1-2,no,Poor
15703614,564,Spain,Male,48,5,132876.23,1,yes,no,79259.77,no,no,45-54,3-5,yes,Poor
15699195,709,France,Female,24,3,110949.41,1,yes,yes,168515.61,no,no,<25,3-5,no,Good
15710543,629,France,Male,46,1,130666.2,1,yes,yes,161125.67,yes,no,45-54,1-2,no,Fair
15695499,510,France,Female,45,10,103821.47,2,no,yes,77878.62,no,no,35-44,6-10,no,Poor
15622321,506,France,Female,32,3,0.0,1,yes,yes,80823.02,no,yes,25-34,3-5,no,Poor
15715744,605,France,Male,39,7,0.0,1,no,yes,119348.28,no,yes,35-44,6-10,no,Fair
15788151,650,Spain,Male,32,1,132187.73,2,yes,yes,178331.36,no,no,25-34,1-2,no,Fair
15687153,850,Germany,Male,49,8,98649.55,1,yes,no,119174.88,yes,no,45-54,6-10,yes,Excellent
15684958,489,Germany,Male,38,2,126444.08,2,yes,yes,82662.73,no,no,35-44,1-2,no,Poor
15706116,659,Germany,Female,30,8,154159.51,1,yes,no,40441.1,no,no,25-34,6-10,yes,Fair
15740557,753,France,Female,43,5,0.0,2,yes,no,109881.71,no,yes,35-44,3-5,no,Very Good
15707291,477,Germany,Male,48,8,129250.0,2,yes,yes,157937.35,no,no,45-54,6-10,no,Poor
15583353,610,Spain,Female,45,3,0.0,1,yes,no,38276.84,yes,yes,35-44,3-5,yes,Fair
15761024,619,France,Female,33,2,167733.51,2,yes,yes,65222.48,no,no,25-34,1-2,no,Fair
15630709,619,Germany,Female,31,2,56116.3,2,no,no,2181.94,no,no,25-34,1-2,no,Fair
15639590,758,France,Female,30,3,141581.08,1,yes,no,156249.06,no,no,25-34,3-5,yes,Very Good
15659399,516,Germany,Male,50,7,139675.07,2,yes,no,45591.23,no,no,45-54,6-10,no,Poor
15567078,789,France,Female,27,8,66201.96,1,yes,yes,79458.12,no,no,25-34,6-10,no,Very Good
15696373,687,France,Female,44,9,0.0,2,no,no,103042.2,yes,yes,35-44,6-10,no,Good
15786617,485,Germany,Male,34,3,133658.24,1,yes,no,70209.83,no,no,25-34,3-5,yes,Poor
15657449,446,Germany,Male,25,3,136202.78,1,yes,no,176743.51,no,no,<25,3-5,yes,Poor
15672594,597,France,Female,60,0,131778.08,1,no,no,10703.53,yes,no,55-64,0,yes,Fair
15714240,712,Spain,Male,74,5,0.0,2,no,no,151425.82,no,yes,65+,3-5,no,Good
15782144,522,France,Female,34,3,0.0,2,yes,yes,3894.34,no,yes,25-34,3-5,no,Poor
15665008,805,Germany,Female,26,8,42712.87,2,yes,yes,28861.69,no,no,25-34,6-10,no,Excellent
15581733,781,France,Female,28,4,0.0,2,yes,no,177703.15,no,yes,25-34,3-5,no,Very Good
15751392,689,Spain,Female,57,4,0.0,2,yes,no,136649.8,yes,yes,55-64,3-5,no,Good
15785815,670,Germany,Male,31,1,142631.54,2,yes,yes,175894.24,no,no,25-34,1-2,no,Fair
15664214,670,France,Male,33,2,141204.65,2,yes,no,76257.46,no,no,25-34,1-2,no,Fair
15579996,524,Germany,Female,25,7,131402.21,1,no,no,193668.49,no,no,<25,6-10,yes,Poor
15675252,734,Spain,Female,39,3,92636.96,2,yes,yes,125671.29,no,no,35-44,3-5,no,Good
15579617,489,France,Female,51,3,0.0,2,no,yes,174098.28,yes,yes,45-54,3-5,no,Poor
15593976,578,Germany,Female,31,5,102088.68,4,no,no,187866.21,yes,no,25-34,3-5,no,Poor
15716041,622,Spain,Male,39,9,0.0,2,no,yes,100862.36,no,yes,35-44,6-10,no,Fair
15654489,843,France,Female,38,8,134887.53,1,yes,yes,10804.04,no,no,35-44,6-10,no,Excellent
15736302,687,France,Male,48,4,0.0,2,yes,yes,170893.85,no,yes,45-54,3-5,no,Good
15805909,700,Spain,Male,28,8,159900.38,1,no,no,22698.56,no,no,25-34,6-10,yes,Good
15572762,410,Germany,Female,50,2,102278.79,2,yes,no,89822.48,no,no,45-54,1-2,no,Poor
15724632,537,France,Female,41,0,0.0,2,no,yes,175262.49,no,yes,35-44,0,no,Poor
15670416,780,France,Female,43,0,0.0,1,no,yes,15705.27,no,yes,35-44,0,no,Very Good
15749528,652,Spain,Male,58,6,0.0,2,no,yes,170025.43,no,yes,55-64,6-10,no,Fair
15578783,620,Germany,Male,35,0,76989.97,1,yes,yes,17242.79,no,no,25-34,0,no,Fair
15580719,697,France,Female,23,10,0.0,2,yes,yes,79734.23,no,yes,<25,6-10,no,Good
15656293,786,France,Male,35,3,0.0,2,yes,no,92712.97,no,yes,25-34,3-5,no,Very Good
15691875,850,Germany,Female,39,5,114491.82,1,yes,no,99689.48,no,no,35-44,3-5,yes,Excellent
15596870,749,Germany,Male,54,3,144768.94,1,yes,no,93336.3,yes,no,45-54,3-5,yes,Very Good
15780770,445,France,Male,31,7,145056.59,1,yes,yes,175893.53,no,no,25-34,6-10,no,Poor
15751491,443,Germany,Male,50,3,117206.3,1,yes,no,42840.18,yes,no,45-54,3-5,yes,Poor
15706200,637,Germany,Male,41,2,138014.4,2,yes,no,140298.24,no,no,35-44,1-2,no,Fair
15808674,616,Germany,Female,45,6,128352.59,3,yes,yes,144000.59,yes,no,35-44,6-10,no,Fair
15641411,756,France,Female,23,1,112568.31,1,yes,yes,113408.11,no,no,<25,1-2,no,Very Good
15764661,644,France,Male,33,2,0.0,1,yes,no,96420.58,no,yes,25-34,1-2,yes,Fair
15689492,850,Germany,Male,41,1,176958.46,2,no,yes,125806.3,no,no,35-44,1-2,no,Excellent
15602405,703,Germany,Female,38,9,99167.54,1,yes,no,65720.92,no,no,35-44,6-10,yes,Good
15610271,684,Spain,Female,42,3,103210.27,1,yes,no,31002.03,no,no,35-44,3-5,yes,Good
15791780,706,Germany,Female,48,10,104478.12,3,no,yes,158248.71,yes,no,45-54,6-10,no,Good
15589147,580,Spain,Male,61,8,125921.37,1,yes,yes,94677.83,no,no,55-64,6-10,no,Poor
15756975,777,Spain,Female,35,3,0.0,2,yes,yes,17257.72,no,yes,25-34,3-5,no,Very Good
15729582,676,Germany,Male,48,3,80697.44,1,no,no,101397.86,no,no,45-54,3-5,yes,Good
15742971,708,France,Female,44,2,161887.81,2,yes,no,84870.23,no,no,35-44,1-2,no,Good
15568046,809,France,Male,24,7,109558.36,1,yes,no,183515.13,no,no,<25,6-10,yes,Excellent
15694890,588,France,Male,38,1,124271.26,1,yes,no,75969.19,no,no,35-44,1-2,yes,Fair
15736963,623,France,Male,43,1,0.0,2,yes,yes,146379.3,no,yes,35-44,1-2,no,Fair
15646490,537,Spain,Male,42,1,190569.23,1,no,yes,127154.8,no,no,35-44,1-2,no,Poor
15607314,536,Spain,Male,53,2,143923.96,1,yes,no,2019.78,yes,no,45-54,1-2,yes,Poor
15576745,769,France,Male,48,2,96542.16,2,no,yes,197885.72,no,no,45-54,1-2,no,Very Good
15669606,690,France,Male,33,5,0.0,2,yes,no,138017.68,no,yes,25-34,3-5,no,Good
15737832,771,Spain,Male,45,0,139825.56,1,no,no,170984.97,yes,no,35-44,0,yes,Very Good
15681990,497,Germany,Male,24,6,111769.14,2,yes,no,55859.27,no,no,<25,6-10,no,Poor
15758050,622,Spain,Male,37,4,0.0,2,yes,no,4459.5,no,yes,35-44,3-5,no,Fair
15787848,602,Spain,Male,30,9,113672.18,2,no,no,102135.92,no,no,25-34,6-10,no,Fair
15713594,543,France,Female,32,7,147256.86,1,yes,no,112771.95,no,no,25-34,6-10,yes,Poor
15588186,520,Spain,Male,45,7,107023.03,1,yes,no,32903.93,no,no,35-44,6-10,yes,Poor
15786739,669,France,Male,37,1,125529.55,1,yes,yes,162260.93,no,no,35-44,1-2,no,Fair
15699467,631,Spain,Female,41,0,0.0,1,no,no,87959.83,no,yes,35-44,0,yes,Fair
15680706,537,Germany,Male,48,4,131834.8,1,yes,no,166476.95,yes,no,45-54,3-5,yes,Poor
15645717,732,France,Male,62,2,0.0,2,yes,yes,25438.87,no,yes,55-64,1-2,no,Good
15748597,844,Spain,Male,56,5,99529.7,1,no,yes,157230.06,yes,no,55-64,3-5,no,Excellent
15773709,838,Spain,Male,35,0,0.0,2,no,yes,197305.91,no,yes,25-34,0,no,Excellent
15629787,652,France,Male,27,10,107303.72,2,no,no,44435.76,no,no,25-34,6-10,no,Fair
15661007,660,France,Male,33,0,72783.42,1,no,no,181051.99,no,no,25-34,0,yes,Fair
15686812,692,Spain,Female,44,8,0.0,1,no,yes,159069.37,no,yes,35-44,6-10,no,Good
15754113,588,France,Female,35,0,0.0,2,yes,yes,155485.24,no,yes,25-34,0,no,Fair
15749489,533,Germany,Female,22,10,115743.6,1,no,no,43852.05,no,no,<25,6-10,yes,Poor
15574352,850,France,Male,43,4,161256.53,1,yes,yes,140071.57,no,no,35-44,3-5,no,Excellent
15701281,511,France,Male,27,8,0.0,2,yes,yes,49089.36,no,yes,25-34,6-10,no,Poor
15811985,530,Spain,Male,44,6,0.0,2,no,no,55893.37,no,yes,35-44,6-10,no,Poor
15713505,554,France,Male,31,1,0.0,2,no,yes,192660.55,no,yes,25-34,1-2,no,Poor
15685653,585,Germany,Female,40,3,162261.01,2,yes,no,137028.51,no,no,35-44,3-5,no,Fair
15758831,754,France,Male,39,3,74896.33,1,no,no,34430.16,no,no,35-44,3-5,yes,Very Good
15618774,474,France,Male,54,3,0.0,1,yes,no,108409.17,yes,yes,45-54,3-5,yes,Poor
15764448,837,Germany,Male,35,0,144037.6,1,yes,no,145325.32,no,no,25-34,0,yes,Excellent
15611024,567,France,Female,23,9,93522.2,1,no,yes,81425.61,no,no,<25,6-10,no,Poor
15738220,800,Spain,Male,38,1,0.0,2,yes,no,51553.43,no,yes,35-44,1-2,no,Very Good
15805764,646,France,Male,18,10,0.0,2,no,yes,52795.15,no,yes,<25,6-10,no,Fair
15580487,627,Germany,Male,38,8,106922.92,2,no,yes,84270.09,no,no,35-44,6-10,no,Fair
15675787,505,France,Male,26,8,112972.57,1,yes,no,145011.62,no,no,25-34,6-10,yes,Poor
15583580,566,Germany,Female,35,1,123042.0,1,yes,no,66245.44,yes,no,25-34,1-2,yes,Poor
15780654,619,Germany,Female,33,3,100488.92,2,no,yes,36446.74,no,no,25-34,3-5,no,Fair
15695034,757,France,Female,44,4,123322.15,1,yes,no,137136.29,no,no,35-44,3-5,yes,Very Good
15805671,648,France,Male,32,0,0.0,1,no,yes,117323.31,no,yes,25-34,0,no,Fair
15790658,621,Spain,Male,42,8,68683.68,1,yes,yes,74157.71,no,no,35-44,6-10,no,Fair
15578648,543,Germany,Male,49,6,59532.18,1,yes,no,104253.56,no,no,45-54,6-10,yes,Poor
15734987,658,France,Female,43,7,140260.36,2,yes,no,2748.72,no,no,35-44,6-10,no,Fair
15721740,633,Germany,Male,50,7,88302.65,1,yes,yes,195937.16,no,no,45-54,6-10,no,Fair
15641822,648,France,Female,19,1,0.0,2,no,yes,22101.86,no,yes,<25,1-2,no,Fair
15765650,501,Germany,Male,40,5,114655.58,1,no,no,126535.92,no,no,35-44,3-5,yes,Poor
15788556,683,France,Female,42,4,148283.94,1,yes,yes,44692.63,yes,no,35-44,3-5,no,Good
15576550,619,Spain,Female,38,1,0.0,1,yes,no,112442.63,yes,yes,35-44,1-2,yes,Fair
15622230,705,France,Female,35,3,0.0,2,no,yes,66331.01,no,yes,25-34,3-5,no,Good
15653937,638,Germany,Female,53,1,123916.67,1,yes,no,16657.68,yes,no,45-54,1-2,yes,Fair
15743538,710,France,Female,31,1,0.0,2,yes,no,20081.3,no,yes,25-34,1-2,no,Good
15591740,590,France,Female,54,4,0.0,2,yes,yes,93820.49,yes,yes,45-54,3-5,no,Fair
15650086,725,France,Male,43,2,165896.0,2,yes,no,130795.52,no,no,35-44,1-2,no,Good
15718773,638,France,Female,32,0,0.0,2,yes,no,160129.99,no,yes,25-34,0,no,Fair
15615140,791,France,Male,36,6,111168.97,1,yes,yes,189969.91,no,no,35-44,6-10,no,Very Good
15644361,702,France,Female,40,1,103549.24,1,no,no,9712.52,yes,no,35-44,1-2,yes,Good
15774536,607,France,Female,32,6,0.0,2,no,no,196062.01,no,yes,25-34,6-10,no,Fair
15618661,535,France,Male,30,6,103804.97,1,yes,yes,125710.53,no,no,25-34,6-10,no,Poor
15605020,651,France,Male,45,2,165901.59,2,yes,no,23054.51,yes,no,35-44,1-2,no,Fair
15762134,506,Germany,Male,59,8,119152.1,2,yes,yes,170679.74,no,no,55-64,6-10,no,Poor
15685279,511,Spain,Female,57,8,122950.31,1,yes,yes,181258.76,no,no,55-64,6-10,no,Poor
15582849,757,France,Female,51,1,0.0,1,yes,yes,22835.13,yes,yes,45-54,1-2,no,Very Good
15655410,768,Germany,Male,49,1,133384.66,1,yes,no,102397.22,yes,no,45-54,1-2,yes,Very Good
15649129,757,France,Male,32,9,0.0,2,yes,no,115950.96,no,yes,25-34,6-10,no,Very Good
15702380,663,Spain,Male,64,6,0.0,2,no,yes,15876.52,no,yes,55-64,6-10,no,Fair
15759067,537,Germany,Female,37,7,158411.95,4,yes,yes,117690.58,yes,no,35-44,6-10,no,Poor
15683027,570,Germany,Male,29,4,122028.65,2,yes,yes,173792.77,no,no,25-34,3-5,no,Poor
15597487,850,France,Female,35,5,0.0,1,yes,yes,80992.8,no,yes,25-34,3-5,no,Excellent
15763256,661,Germany,Female,64,8,128751.65,2,yes,no,189398.18,yes,no,55-64,6-10,no,Fair
15620111,659,France,Male,54,8,133436.52,1,yes,no,56787.8,no,no,45-54,6-10,yes,Fair
15623053,454,Spain,Male,40,2,123177.01,1,yes,no,148309.98,no,no,35-44,1-2,yes,Poor
15595592,708,France,Female,59,2,0.0,1,yes,no,179673.11,yes,yes,55-64,1-2,yes,Good
15740072,720,France,Female,37,2,120328.88,2,yes,yes,138470.21,no,no,35-44,1-2,no,Good
15778005,785,France,Female,39,1,130147.98,1,yes,no,163798.41,yes,no,35-44,1-2,yes,Very Good
15583278,743,Spain,Female,36,8,92716.96,1,yes,yes,33693.78,no,no,35-44,6-10,no,Very Good
15601263,493,Spain,Female,48,7,0.0,2,yes,no,48545.1,no,yes,45-54,6-10,no,Poor
15709222,557,Spain,Male,34,3,0.0,1,no,yes,123427.98,no,yes,25-34,3-5,no,Poor
15713949,850,France,Male,40,1,76914.21,1,yes,no,174183.44,no,no,35-44,1-2,yes,Excellent
15717706,799,France,Female,32,3,106045.92,2,yes,yes,17938.0,no,no,25-34,3-5,no,Very Good
15756071,756,France,Male,34,1,103133.26,1,yes,yes,90059.04,no,no,25-34,1-2,no,Very Good
15696564,752,France,Male,38,0,145974.79,2,yes,yes,137694.23,no,no,35-44,0,no,Very Good
15657637,696,Spain,Female,36,3,0.0,3,yes,no,65039.9,no,yes,35-44,3-5,no,Good
15755863,630,Spain,Female,49,1,0.0,2,no,yes,162858.29,no,yes,45-54,1-2,no,Fair
15719858,659,Spain,Female,38,9,0.0,2,yes,yes,35701.06,no,yes,35-44,6-10,no,Fair
15688876,685,Spain,Male,39,9,0.0,2,yes,yes,18826.06,no,yes,35-44,6-10,no,Good
15698528,599,Spain,Female,31,3,0.0,1,yes,yes,130086.47,yes,yes,25-34,3-5,no,Fair
15770345,559,Spain,Female,31,1,139183.06,1,no,yes,143360.56,no,no,25-34,1-2,no,Poor
15761506,615,Spain,Male,19,5,0.0,2,yes,no,159920.92,no,yes,<25,3-5,no,Fair
15716619,580,Germany,Female,36,3,74974.89,1,yes,yes,12099.67,no,no,35-44,3-5,no,Poor
15788367,487,Spain,Male,44,6,61691.45,1,yes,yes,53087.98,no,no,35-44,6-10,no,Poor
15709451,646,Germany,Female,35,1,121952.75,2,yes,yes,142839.82,no,no,25-34,1-2,no,Fair
15640421,811,France,Female,35,7,0.0,1,yes,yes,178.19,no,yes,25-34,6-10,no,Excellent
15580068,526,Spain,Male,35,5,0.0,2,yes,yes,105618.14,no,yes,25-34,3-5,no,Poor
15677123,767,Spain,Male,37,7,0.0,2,yes,yes,24734.25,no,yes,35-44,6-10,no,Very Good
15619801,548,France,Female,33,1,80107.83,2,no,yes,82245.67,no,no,25-34,1-2,no,Poor
15582246,737,Spain,Female,45,2,0.0,2,no,yes,177695.67,no,yes,35-44,1-2,no,Good
15711843,613,Germany,Male,40,1,147856.82,3,no,no,107961.11,yes,no,35-44,1-2,no,Fair
15680046,711,Spain,Male,36,8,0.0,2,yes,no,55207.41,no,yes,35-44,6-10,no,Good
15804131,850,Spain,Female,53,7,65407.16,2,no,no,182633.63,yes,no,45-54,6-10,no,Excellent
15722611,752,France,Female,53,8,114233.18,1,yes,yes,51587.04,no,no,45-54,6-10,no,Very Good
15729224,710,France,Female,37,5,0.0,2,yes,no,115403.31,no,yes,35-44,3-5,no,Good
15811588,664,Spain,Female,53,7,187602.18,1,yes,no,186392.99,yes,no,45-54,6-10,yes,Fair
15702138,510,France,Female,22,3,156834.34,1,no,no,44374.44,no,no,<25,3-5,yes,Poor
15749799,577,France,Female,34,2,0.0,2,yes,yes,84033.35,no,yes,25-34,1-2,no,Poor
15752885,529,France,Male,42,1,157498.9,1,yes,yes,82276.62,no,no,35-44,1-2,no,Poor
15674932,757,Spain,Female,44,9,0.0,2,yes,no,177528.92,no,yes,35-44,6-10,no,Very Good
15743828,691,France,Male,41,2,0.0,1,yes,yes,56850.92,yes,yes,35-44,1-2,no,Good
15642022,621,Spain,Male,34,8,0.0,1,no,no,47972.65,no,yes,25-34,6-10,yes,Fair
15746461,709,Spain,Male,35,2,0.0,2,yes,no,104982.39,no,yes,25-34,1-2,no,Good
15809991,756,Spain,Male,19,4,130274.22,1,yes,yes,133535.29,no,no,<25,3-5,no,Very Good
15787322,788,France,Female,41,6,0.0,1,yes,yes,25571.37,no,yes,35-44,6-10,no,Very Good
15575498,705,France,Female,39,5,149379.66,2,yes,no,96075.55,no,no,35-44,3-5,no,Good
15691387,483,France,Male,29,9,0.0,1,yes,yes,81634.45,no,yes,25-34,6-10,no,Poor
15765457,719,Spain,Male,35,1,100829.94,1,yes,yes,165008.97,no,no,25-34,1-2,no,Good
15666173,793,Germany,Female,32,1,96408.98,1,yes,yes,138191.81,no,no,25-34,1-2,no,Very Good
15627377,593,France,Male,41,6,0.0,2,yes,yes,99136.49,no,yes,35-44,6-10,no,Fair
15656683,551,France,Male,52,1,0.0,1,no,no,63584.55,yes,yes,45-54,1-2,yes,Poor
15679810,690,France,Male,39,6,0.0,2,yes,no,160532.88,no,yes,35-44,6-10,no,Good
15606310,823,France,Male,71,5,149105.08,1,no,yes,162683.06,no,no,65+,3-5,no,Excellent
15756871,512,Spain,Male,39,3,0.0,1,yes,no,134878.19,no,yes,35-44,3-5,yes,Poor
15610002,802,Spain,Male,41,5,0.0,2,yes,yes,134626.3,no,yes,35-44,3-5,no,Excellent
15567802,450,Spain,Female,34,2,0.0,2,yes,no,175480.93,no,yes,25-34,1-2,no,Poor
15745452,651,Germany,Male,41,1,90218.11,1,yes,no,174337.68,no,no,35-44,1-2,yes,Fair
15617252,697,France,Female,33,1,87347.7,1,yes,no,172524.51,no,no,25-34,1-2,yes,Good
15753248,611,France,Male,28,2,0.0,2,no,no,25395.83,no,yes,25-34,1-2,no,Fair
15610755,643,France,Female,33,0,137811.75,1,yes,yes,184856.89,no,no,25-34,0,no,Fair
15662238,822,France,Male,37,3,105563.0,1,yes,no,182624.93,no,no,35-44,3-5,yes,Excellent
15799186,632,France,Male,38,4,0.0,2,no,no,192505.62,no,yes,35-44,3-5,no,Fair
15686941,575,Spain,Female,26,7,0.0,2,yes,no,112507.63,no,yes,25-34,6-10,no,Poor
15601172,672,France,Male,31,6,91125.75,1,yes,no,177295.92,no,no,25-34,6-10,yes,Good
15723858,517,Spain,Male,39,3,0.0,2,no,yes,12465.51,no,yes,35-44,3-5,no,Poor
15615896,621,Spain,Male,39,8,0.0,2,yes,no,36122.96,no,yes,35-44,6-10,no,Fair
15737647,775,Germany,Female,77,6,135120.56,1,yes,no,37836.64,no,no,65+,6-10,yes,Very Good
15582841,600,France,Male,29,8,0.0,2,no,yes,34747.43,no,yes,25-34,6-10,no,Fair
15760090,640,France,Male,28,7,0.0,2,yes,yes,131097.9,no,yes,25-34,6-10,no,Fair
15588587,752,France,Female,36,1,86837.95,1,yes,yes,105280.55,no,no,35-44,1-2,no,Very Good
15683157,613,France,Male,26,4,100446.57,1,no,yes,149653.81,no,no,25-34,3-5,no,Fair
15694209,484,France,Female,32,3,0.0,2,yes,yes,139390.99,no,yes,25-34,3-5,no,Poor
15655875,511,France,Female,33,3,0.0,2,yes,no,132436.71,no,yes,25-34,3-5,no,Poor
15805704,745,France,Female,32,2,0.0,4,no,yes,179705.13,yes,yes,25-34,1-2,no,Very Good
15744789,786,Spain,Female,32,6,114512.59,1,yes,no,15796.66,no,no,25-34,6-10,yes,Very Good
15799357,727,France,Male,35,5,136364.46,1,no,no,142754.71,no,no,25-34,3-5,yes,Good
15726153,622,France,Male,31,5,106260.67,1,yes,yes,2578.43,no,no,25-34,3-5,no,Fair
15713346,794,France,Male,24,10,146126.75,1,yes,yes,88992.05,no,no,<25,6-10,no,Very Good
15665053,636,Spain,Male,52,4,111284.53,1,no,yes,32936.44,yes,no,45-54,3-5,no,Fair
15592379,741,Spain,Female,42,9,121056.63,2,yes,no,39122.58,no,no,35-44,6-10,no,Very Good
15692599,687,France,Male,34,5,128270.56,1,yes,no,191092.62,no,no,25-34,3-5,yes,Good
15620758,660,Spain,Male,30,4,0.0,2,yes,no,129149.06,no,yes,25-34,3-5,no,Fair
15637428,660,France,Male,35,7,0.0,2,yes,no,13218.6,no,yes,25-34,6-10,no,Fair
15808389,617,France,Female,79,7,0.0,1,yes,yes,160589.18,no,yes,65+,6-10,no,Fair
15807003,762,France,Male,32,10,191775.65,1,yes,no,179657.83,no,no,25-34,6-10,yes,Very Good
15702912,752,Spain,Female,35,2,0.0,1,yes,no,44335.54,yes,yes,25-34,1-2,yes,Very Good
15590623,561,Spain,Male,34,4,85141.79,2,yes,yes,29217.37,no,no,25-34,3-5,no,Poor
15728078,609,France,Male,26,10,126392.18,1,no,yes,43651.49,no,no,25-34,6-10,no,Fair
15708256,803,France,Male,28,3,0.0,2,yes,no,159654.0,no,yes,25-34,3-5,no,Excellent
15582335,556,France,Female,40,9,129860.37,1,no,no,17992.94,no,no,35-44,6-10,yes,Poor
15649150,531,France,Female,53,5,127642.44,1,yes,no,141501.45,yes,no,45-54,3-5,yes,Poor
15691647,411,France,Female,35,2,0.0,2,yes,yes,93825.78,no,yes,25-34,1-2,no,Poor
15668270,587,Germany,Female,44,5,125584.17,2,yes,yes,41852.24,yes,no,35-44,3-5,no,Fair
15624820,683,Spain,Male,56,7,50911.21,3,no,no,97629.31,yes,no,55-64,6-10,no,Good
15736254,654,France,Male,29,2,91955.61,1,yes,no,37065.66,no,no,25-34,1-2,yes,Fair
15720814,670,Germany,Female,36,2,84266.44,2,no,no,38614.69,no,no,35-44,1-2,no,Fair
15642997,655,France,Female,36,2,147149.59,1,yes,yes,87816.86,no,no,35-44,1-2,no,Fair
15693200,752,France,Female,36,7,0.0,2,yes,no,184866.86,no,yes,35-44,6-10,no,Very Good
15624596,534,France,Female,23,5,104822.45,1,no,yes,160176.47,no,no,<25,3-5,no,Poor
15807167,635,France,Male,42,1,146766.72,2,no,yes,164357.1,no,no,35-44,1-2,no,Fair
15660301,491,Germany,Male,70,6,148745.92,2,yes,yes,17818.33,no,no,65+,6-10,no,Poor
15593094,516,France,Male,27,9,0.0,1,yes,no,142680.64,yes,yes,25-34,6-10,yes,Poor
15618239,530,France,Female,48,0,0.0,1,yes,no,85081.09,no,yes,45-54,0,yes,Poor
15574137,687,Spain,Male,35,3,0.0,2,yes,yes,176450.19,no,yes,25-34,3-5,no,Good
15614740,684,France,Female,41,6,135203.81,2,yes,yes,121967.88,no,no,35-44,6-10,no,Good
15574071,706,Germany,Male,23,2,93301.97,2,no,yes,127187.04,no,no,<25,1-2,no,Good
15671148,490,Germany,Male,33,5,96341.0,2,no,no,108313.34,no,no,25-34,3-5,no,Poor
15721921,796,France,Male,44,8,165326.2,1,yes,yes,57205.55,no,no,35-44,6-10,no,Very Good
15717995,849,France,Male,27,0,0.0,2,no,yes,157891.86,no,yes,25-34,0,no,Excellent
15632050,779,France,Female,41,10,99786.2,1,yes,no,86927.53,no,no,35-44,6-10,yes,Very Good
15647111,794,Spain,Female,22,4,114440.24,1,yes,yes,107753.07,no,no,<25,3-5,no,Very Good
15759991,748,Spain,Male,36,4,141573.55,1,yes,no,82158.14,no,no,35-44,3-5,yes,Very Good
15790204,663,Spain,Female,22,9,0.0,1,yes,no,29135.89,yes,yes,<25,6-10,yes,Fair
15686780,645,Spain,Female,55,1,133676.65,1,no,yes,17095.49,no,no,45-54,1-2,no,Fair
15640491,464,France,Female,33,10,147493.7,2,yes,no,100447.53,no,no,25-34,6-10,no,Poor
15783225,737,France,Male,54,9,0.0,1,yes,no,83470.4,yes,yes,45-54,6-10,yes,Good
15734438,590,France,Female,29,4,0.0,2,yes,no,121846.81,no,yes,25-34,3-5,no,Fair
15688760,522,Germany,Female,37,3,95022.57,1,yes,yes,129107.59,no,no,35-44,3-5,no,Poor
15768124,648,France,Female,34,3,0.0,1,yes,no,54726.43,no,yes,25-34,3-5,yes,Fair
15661330,754,France,Male,37,6,0.0,1,yes,yes,116141.72,no,yes,35-44,6-10,no,Very Good
15781272,669,France,Male,50,4,149713.61,3,yes,yes,124872.42,yes,no,45-54,3-5,no,Fair
15573888,648,Germany,Female,43,1,107963.38,1,no,no,186438.86,yes,no,35-44,1-2,yes,Fair
15575858,763,France,Male,40,3,0.0,2,yes,no,134281.11,no,yes,35-44,3-5,no,Very Good
15645937,790,Spain,Male,32,3,0.0,1,yes,no,91044.47,no,yes,25-34,3-5,yes,Very Good
15702337,581,France,Male,37,7,0.0,2,yes,yes,74320.75,no,yes,35-44,6-10,no,Fair
15764537,703,France,Male,43,8,0.0,2,yes,no,9704.66,no,yes,35-44,6-10,no,Good
15619616,571,France,Female,33,9,102017.25,2,no,no,128600.49,no,no,25-34,6-10,no,Poor
15585133,657,Spain,Female,27,8,0.0,2,no,no,6468.24,no,yes,25-34,6-10,no,Fair
15573971,737,France,Male,44,7,0.0,2,no,no,57898.58,no,yes,35-44,6-10,no,Good
15579433,793,Spain,Male,29,8,96674.55,2,no,no,192120.66,no,no,25-34,6-10,no,Very Good
15777045,783,Spain,Female,44,3,81811.71,1,yes,no,164213.53,yes,no,35-44,3-5,yes,Very Good
15611580,751,Spain,Male,33,4,79281.61,1,yes,no,117547.76,no,no,25-34,3-5,yes,Very Good
15614778,579,France,Male,31,6,0.0,2,yes,no,26149.25,no,yes,25-34,6-10,no,Poor
15771750,655,Germany,Female,36,10,122314.39,1,yes,no,9181.66,no,no,35-44,6-10,yes,Fair
15593280,614,Germany,Male,43,8,140733.74,1,yes,yes,166588.76,no,no,35-44,6-10,no,Fair
15569274,678,Germany,Male,49,2,116933.11,1,yes,no,195053.58,yes,no,45-54,1-2,yes,Good
15654408,562,Spain,Male,41,5,165445.04,2,yes,no,85787.31,no,no,35-44,3-5,no,Poor
15657468,711,Germany,Female,53,5,123805.03,1,yes,no,102428.51,no,no,45-54,3-5,yes,Good
15614213,620,France,Male,37,0,107548.94,1,yes,no,71175.94,no,no,35-44,0,yes,Fair
15589869,437,France,Male,49,9,111634.29,2,no,yes,166440.32,no,no,45-54,6-10,no,Poor
15693205,691,Germany,Female,41,8,109153.96,3,yes,yes,148848.76,yes,no,35-44,6-10,no,Good
15797113,552,Spain,Female,34,4,0.0,2,yes,no,140286.69,no,yes,25-34,3-5,no,Poor
15676958,765,Germany,Male,34,5,86055.17,2,yes,yes,104220.5,no,no,25-34,3-5,no,Very Good
15739592,707,Germany,Female,51,10,98438.23,1,no,no,70778.63,yes,no,45-54,6-10,yes,Good
15656263,764,Spain,Male,29,5,0.0,2,yes,no,65868.28,no,yes,25-34,3-5,no,Very Good
15636872,585,France,Female,32,8,144705.87,2,no,no,171482.56,no,no,25-34,6-10,no,Fair
15589435,784,France,Male,31,7,0.0,2,yes,yes,143204.41,no,yes,25-34,6-10,no,Very Good
15640464,605,France,Male,41,5,91612.91,1,yes,yes,28427.84,no,no,35-44,3-5,no,Fair
15723851,699,Spain,Male,40,2,0.0,1,yes,no,78387.32,no,yes,35-44,1-2,yes,Good
15722122,544,France,Female,40,7,0.0,1,no,yes,161076.92,no,yes,35-44,6-10,no,Poor
15696852,803,France,Female,32,9,192122.84,1,yes,yes,54277.45,yes,no,25-34,6-10,no,Excellent
15634936,735,France,Male,41,7,179904.0,1,yes,yes,137180.95,no,no,35-44,6-10,no,Good
15575935,673,France,Male,59,0,178058.06,2,no,yes,21063.71,yes,no,55-64,0,no,Good
15634491,652,France,Male,30,2,176166.56,2,yes,yes,152210.81,no,no,25-34,1-2,no,Fair
15628530,694,France,Male,42,3,156864.2,2,no,no,88890.75,no,no,35-44,3-5,no,Good
15678720,741,France,Female,44,7,0.0,2,yes,yes,190534.76,no,yes,35-44,6-10,no,Very Good
15627999,590,Spain,Male,30,3,0.0,2,yes,no,83090.35,no,yes,25-34,3-5,no,Fair
15571244,809,Spain,Female,33,3,0.0,2,no,yes,141426.78,no,yes,25-34,3-5,no,Excellent
15739931,523,France,Male,34,2,161588.89,1,yes,yes,51358.66,no,no,25-34,1-2,no,Poor
15806256,540,France,Male,48,2,109349.29,1,yes,no,88703.04,yes,no,45-54,1-2,yes,Poor
15787258,596,Spain,Female,29,6,0.0,2,yes,no,116696.77,no,yes,25-34,6-10,no,Fair
15706463,597,France,Female,36,9,0.0,2,yes,yes,7156.09,no,yes,35-44,6-10,no,Fair
15691004,407,Spain,Male,37,1,0.0,1,yes,yes,49161.12,yes,yes,35-44,1-2,no,Poor
15792228,748,France,Male,60,0,152335.7,1,yes,no,126743.33,yes,no,55-64,0,yes,Very Good
15733447,562,France,Female,51,1,124662.54,1,yes,yes,65390.46,yes,no,45-54,1-2,no,Poor
15679062,734,Germany,Female,47,10,91522.04,2,yes,yes,138835.91,no,no,45-54,6-10,no,Good
15594409,710,France,Male,45,1,0.0,2,yes,yes,36154.66,no,yes,35-44,1-2,no,Good
15613816,539,Spain,Female,39,6,62052.28,1,no,yes,59755.14,no,no,35-44,6-10,no,Poor
15681991,542,France,Male,32,7,107871.72,1,yes,no,125302.64,no,no,25-34,6-10,yes,Poor
15796074,717,France,Female,36,2,99472.76,2,yes,no,94274.72,yes,no,35-44,1-2,no,Good
15625941,682,Spain,Female,50,10,128039.01,1,yes,yes,102260.16,no,no,45-54,6-10,no,Good
15615016,515,France,Male,33,2,0.0,2,yes,yes,136028.97,no,yes,25-34,1-2,no,Poor
15748414,526,Spain,Female,33,8,114634.63,2,yes,no,110114.38,yes,no,25-34,6-10,no,Poor
15751203,702,France,Male,26,5,56738.47,2,yes,yes,100442.22,yes,no,25-34,3-5,no,Good
15662658,651,Germany,Male,34,2,90355.12,2,no,no,193597.94,no,no,25-34,1-2,no,Fair
15574868,792,Germany,Male,36,5,115725.24,2,no,no,1871.25,no,no,35-44,3-5,no,Very Good
15790282,817,Germany,Male,58,3,114327.59,2,yes,yes,42831.11,no,no,55-64,3-5,no,Excellent
15762927,674,Germany,Female,36,6,100762.64,1,yes,no,182156.86,no,no,35-44,6-10,yes,Good
15803456,641,France,Female,40,9,0.0,1,no,no,151648.66,yes,yes,35-44,6-10,yes,Fair
15771857,513,Spain,Male,39,7,89039.9,2,yes,yes,146738.83,no,no,35-44,6-10,no,Poor
15700601,561,France,Male,34,1,78829.53,1,yes,yes,12148.2,no,no,25-34,1-2,no,Poor
15569670,627,Germany,Male,30,6,112372.96,1,yes,yes,118029.09,no,no,25-34,6-10,no,Fair
15772341,682,Germany,Male,81,6,122029.15,1,yes,yes,50783.88,no,no,65+,6-10,no,Good
15661548,683,France,Female,29,0,157829.12,1,no,no,129891.66,no,no,25-34,0,yes,Good
15787597,420,Germany,Female,31,1,108377.75,2,yes,yes,9904.63,no,no,25-34,1-2,no,Poor
15806913,670,France,Female,54,2,95507.12,1,yes,yes,63213.31,no,no,45-54,1-2,no,Fair
15804862,505,Germany,Male,43,6,127146.68,1,no,no,137565.87,no,no,35-44,6-10,yes,Poor
15792986,580,Germany,Male,24,1,133811.78,1,yes,no,17185.95,yes,no,<25,1-2,yes,Poor
15625632,577,France,Male,36,3,121092.47,2,no,yes,143783.46,no,no,35-44,3-5,no,Poor
15727703,773,Germany,Male,34,10,126979.75,1,no,no,36823.28,no,no,25-34,6-10,yes,Very Good
15606273,616,France,Male,37,5,144235.73,2,no,no,154957.66,yes,no,35-44,3-5,no,Fair
15799652,763,France,Female,38,0,152582.2,2,no,no,31892.82,no,no,35-44,0,no,Very Good
15715047,640,Spain,Male,43,9,172478.15,1,yes,no,191084.4,yes,no,35-44,6-10,yes,Fair
15784687,592,France,Male,36,1,126477.42,1,no,no,179718.17,no,no,35-44,1-2,yes,Fair
15615322,528,Spain,Male,43,7,97473.87,2,yes,yes,159823.16,no,no,35-44,6-10,no,Poor
15722072,630,France,Male,53,5,138053.67,1,no,yes,114110.97,no,no,45-54,3-5,no,Fair
15646784,529,France,Female,31,2,164003.05,2,yes,yes,60993.23,no,no,25-34,1-2,no,Poor
15644692,546,France,Female,47,8,0.0,1,yes,yes,66408.01,yes,yes,45-54,6-10,no,Poor
15670354,753,France,Female,62,6,0.0,2,yes,yes,136398.9,no,yes,55-64,6-10,no,Very Good
15716357,772,Spain,Female,39,4,122486.11,2,yes,yes,140709.25,no,no,35-44,3-5,no,Very Good
15786717,567,France,Male,36,1,0.0,2,no,no,8555.73,no,yes,35-44,1-2,no,Poor
15771383,628,Germany,Female,45,6,53667.44,1,yes,no,115022.94,no,no,35-44,6-10,yes,Fair
15649793,658,France,Male,20,7,0.0,2,no,no,187638.34,no,yes,<25,6-10,no,Fair
15731543,679,Spain,Male,58,9,109327.65,1,yes,yes,3829.13,no,no,55-64,6-10,no,Good
15684516,629,Spain,Male,34,1,121151.05,1,no,no,119357.93,no,no,25-34,1-2,yes,Fair
15677249,731,Spain,Male,42,9,101043.63,1,yes,yes,192175.52,no,no,35-44,6-10,no,Good
15581525,775,Germany,Male,33,3,83501.66,2,yes,no,128841.31,no,no,25-34,3-5,no,Very Good
15628420,660,Spain,Male,33,2,80462.24,1,no,no,150422.35,no,no,25-34,1-2,yes,Fair
15600478,752,France,Male,39,3,0.0,1,yes,no,188187.05,no,yes,35-44,3-5,yes,Very Good
15594502,655,France,Male,37,6,109093.41,2,yes,no,1775.52,no,no,35-44,6-10,no,Fair
15784361,543,Spain,Female,46,5,140355.6,1,yes,yes,85086.78,no,no,45-54,3-5,no,Poor
15767626,811,France,Male,42,10,0.0,2,yes,yes,3797.79,no,yes,35-44,6-10,no,Excellent
15632521,689,Germany,Male,45,0,130170.82,2,yes,no,150856.38,no,no,35-44,0,no,Good
15665088,531,France,Female,42,2,0.0,2,no,yes,90537.47,no,yes,35-44,1-2,no,Poor
15652084,515,France,Male,40,0,109542.29,1,yes,yes,166370.81,no,no,35-44,0,no,Poor
15574761,466,France,Female,41,3,33563.95,2,yes,no,178994.13,yes,no,35-44,3-5,no,Poor
15729515,782,France,Male,36,1,148795.17,2,yes,yes,195681.43,no,no,35-44,1-2,no,Very Good
15682070,611,France,Male,64,9,0.0,2,yes,yes,53277.15,no,yes,55-64,6-10,no,Fair
15743817,621,Germany,Male,40,8,174126.75,3,yes,no,172490.78,yes,no,35-44,6-10,no,Fair
15572158,604,Spain,Male,41,3,0.0,1,no,no,11819.84,no,yes,35-44,3-5,yes,Fair
15584477,655,Spain,Female,35,1,106405.03,1,yes,yes,82900.25,no,no,25-34,1-2,no,Fair
15614893,689,Spain,Male,38,2,0.0,1,yes,yes,82709.8,no,yes,35-44,1-2,no,Good
15665963,681,Spain,Male,30,2,128393.29,1,yes,yes,180593.45,no,no,25-34,1-2,no,Good
15612524,643,Germany,Male,41,2,127841.52,1,yes,no,172363.41,no,no,35-44,1-2,yes,Fair
15596962,617,France,Female,24,4,137295.19,2,yes,yes,91195.12,no,no,<25,3-5,no,Fair
15744942,638,Spain,Female,55,2,155828.22,1,no,yes,108987.25,yes,no,45-54,1-2,no,Fair
15573278,743,France,Male,39,6,0.0,2,yes,no,44265.28,no,yes,35-44,6-10,no,Very Good
15717056,828,Germany,Female,25,7,144351.86,1,yes,no,116613.26,no,no,<25,6-10,yes,Excellent
15795881,776,Spain,Male,35,8,106365.29,1,yes,yes,148527.56,no,no,25-34,6-10,no,Very Good
15758939,540,Germany,Male,35,7,127801.88,1,no,yes,84239.46,no,no,25-34,6-10,no,Poor
15792250,616,Germany,Female,45,4,122793.96,1,yes,yes,62002.04,no,no,35-44,3-5,no,Fair
15740406,628,Germany,Male,38,10,113525.84,1,yes,no,46044.48,yes,no,35-44,6-10,yes,Fair
15768137,667,Spain,Female,23,6,136100.69,2,no,no,169669.33,yes,no,<25,6-10,no,Fair
15569120,615,France,Male,30,7,0.0,2,yes,yes,156346.84,no,yes,25-34,6-10,no,Fair
15723721,543,France,Male,30,4,140916.81,1,yes,no,157711.18,no,no,25-34,3-5,yes,Poor
15777122,553,France,Female,31,4,0.0,2,yes,yes,89087.4,no,yes,25-34,3-5,no,Poor
15742681,554,Germany,Male,26,4,121365.39,1,yes,yes,8742.36,no,no,25-34,3-5,no,Poor
15582090,684,Spain,Female,36,4,0.0,1,yes,no,117038.96,no,yes,35-44,3-5,yes,Good
15711254,452,France,Female,35,7,0.0,2,yes,no,164241.67,no,yes,25-34,6-10,no,Poor
15775067,606,France,Male,47,3,93578.68,2,no,yes,137720.56,yes,no,45-54,3-5,no,Fair
15602851,629,France,Male,40,9,0.0,1,yes,no,106.67,no,yes,35-44,6-10,yes,Fair
15802857,659,Spain,Female,33,8,115409.6,1,no,yes,1539.21,no,no,25-34,6-10,no,Fair
15701175,493,France,Female,33,8,90791.69,1,yes,yes,59659.53,no,no,25-34,6-10,no,Poor
15783019,794,France,Female,62,9,123681.32,3,yes,no,173586.63,yes,no,55-64,6-10,no,Very Good
15728912,554,France,Female,44,6,92436.86,1,yes,no,126033.9,no,no,35-44,6-10,yes,Poor
15585580,796,Germany,Female,52,9,167194.36,1,yes,yes,62808.93,yes,no,45-54,6-10,no,Very Good
15583480,807,France,Female,36,4,0.0,2,no,yes,147007.33,no,yes,35-44,3-5,no,Excellent
15620341,500,Germany,Male,44,9,160838.13,2,yes,no,196261.64,no,no,35-44,6-10,no,Poor
15613886,722,Spain,Male,43,1,0.0,1,yes,no,44560.17,yes,yes,35-44,1-2,yes,Good
15792916,559,Spain,Female,40,7,144470.77,1,yes,yes,18917.95,no,no,35-44,6-10,no,Poor
15710408,584,Spain,Female,38,3,0.0,2,yes,yes,4525.4,no,yes,35-44,3-5,no,Fair
15598695,834,Germany,Female,68,9,130169.27,2,no,yes,93112.2,no,no,65+,6-10,no,Excellent
15649354,754,Spain,Male,35,4,0.0,2,yes,yes,9658.41,no,yes,25-34,3-5,no,Very Good
15737556,590,France,Male,43,7,81076.8,2,yes,yes,182627.25,yes,no,35-44,6-10,no,Fair
15671610,740,France,Male,36,7,0.0,1,yes,yes,13177.4,no,yes,35-44,6-10,no,Good
15625092,502,Germany,Female,57,3,101465.31,1,yes,no,43568.31,yes,no,55-64,3-5,yes,Poor
15741032,733,France,Male,48,5,0.0,1,no,yes,117830.57,no,yes,45-54,3-5,no,Good
15750014,755,Germany,Female,37,0,113865.23,2,yes,yes,117396.25,no,no,35-44,0,no,Very Good
15784761,554,Spain,Female,46,7,87603.35,3,no,yes,96929.24,yes,no,45-54,6-10,no,Poor
15768359,534,France,Male,36,4,120037.96,1,yes,no,36275.94,no,no,35-44,3-5,yes,Poor
15805769,656,Spain,Male,33,4,0.0,2,yes,no,116706.0,no,yes,25-34,3-5,no,Fair
15719508,575,Germany,Male,49,7,121205.15,4,yes,yes,168080.53,yes,no,45-54,6-10,no,Poor
15609011,480,Spain,Male,47,8,75408.33,1,yes,no,25887.89,yes,no,45-54,6-10,yes,Poor
15703106,575,France,Male,40,5,0.0,2,yes,yes,122488.59,no,yes,35-44,3-5,no,Poor
15626795,672,France,Female,40,3,0.0,1,yes,no,113171.61,yes,yes,35-44,3-5,yes,Good
15773731,758,Spain,Female,35,5,0.0,2,no,no,100365.51,no,yes,25-34,3-5,no,Very Good
15756196,682,France,Male,50,6,121818.84,2,no,yes,124151.37,no,no,45-54,6-10,no,Good
15687903,501,France,Female,29,8,0.0,2,yes,no,112664.24,no,yes,25-34,6-10,no,Poor
15777599,746,Germany,Male,34,6,141806.0,2,yes,yes,183494.87,no,no,25-34,6-10,no,Very Good
15754577,556,France,Female,51,8,61354.14,1,yes,no,198810.65,yes,no,45-54,6-10,yes,Poor
15584113,823,Germany,Female,53,4,124954.94,1,no,yes,131259.6,yes,no,45-54,3-5,no,Excellent
15669589,491,Germany,Female,68,1,95039.12,1,no,yes,116471.14,yes,no,65+,1-2,no,Poor
15632793,638,France,Female,29,9,103417.74,1,yes,yes,15336.4,no,no,25-34,6-10,no,Fair
15711130,734,France,Male,45,2,0.0,2,yes,no,99593.28,no,yes,35-44,1-2,no,Good
15615254,555,France,Male,40,10,43028.77,1,yes,no,170514.21,no,no,35-44,6-10,yes,Poor
15720583,745,Germany,Female,44,0,119638.21,1,yes,yes,34265.08,yes,no,35-44,0,no,Very Good
15780432,728,France,Male,37,3,122689.51,2,no,no,106977.53,yes,no,35-44,3-5,no,Good
15673223,626,France,Male,44,10,0.0,2,no,no,164287.86,no,yes,35-44,6-10,no,Fair
15807989,681,Germany,Male,37,8,73179.34,2,yes,yes,25292.53,no,no,35-44,6-10,no,Good
15761168,478,France,Female,38,4,171913.87,1,yes,no,51820.87,yes,no,35-44,3-5,yes,Poor
15651272,709,France,Male,38,5,0.0,2,yes,yes,81452.29,no,yes,35-44,3-5,no,Good
15812832,562,Germany,Male,33,8,92659.2,2,yes,no,1354.25,no,no,25-34,6-10,no,Poor
15680517,769,Germany,Female,34,7,137239.17,1,yes,yes,71379.92,yes,no,25-34,6-10,no,Very Good
15750569,684,Germany,Female,46,3,102955.14,2,yes,no,154137.33,no,no,45-54,3-5,no,Good
15690743,536,France,Female,61,8,65190.29,1,yes,yes,64308.49,yes,no,55-64,6-10,no,Poor
15627741,631,Germany,Female,29,2,96863.52,2,yes,yes,31613.35,no,no,25-34,1-2,no,Fair
15712121,657,Spain,Male,34,5,154983.98,1,yes,no,27738.01,no,no,25-34,3-5,yes,Fair
15805429,699,Germany,Male,59,3,106819.65,1,no,yes,163570.25,no,no,55-64,3-5,no,Good
15814923,606,Spain,Male,38,7,128578.52,1,yes,yes,193878.51,no,no,35-44,6-10,no,Fair
15589230,612,France,Female,63,2,126473.33,1,no,yes,147545.65,no,no,55-64,1-2,no,Fair
15775490,660,France,Female,38,5,110570.78,2,yes,no,195906.59,no,no,35-44,3-5,no,Fair
15749727,829,Spain,Male,50,7,0.0,2,no,yes,178458.86,no,yes,45-54,6-10,no,Excellent
15619238,567,Spain,Male,29,8,0.0,2,yes,no,156125.72,no,yes,25-34,6-10,no,Poor
15593468,850,France,Female,33,3,0.0,2,yes,yes,11159.19,no,yes,25-34,3-5,no,Excellent
15718454,712,Spain,Female,44,2,0.0,2,no,no,45738.94,no,yes,35-44,1-2,no,Good
15789498,562,France,Male,30,3,111099.79,2,no,no,140650.19,no,no,25-34,3-5,no,Poor
15744691,755,France,Female,29,3,0.0,3,yes,no,4733.94,no,yes,25-34,3-5,no,Very Good
15708289,793,Spain,Male,25,3,100913.57,1,no,no,10579.72,no,no,<25,3-5,yes,Very Good
15790412,471,Spain,Male,26,8,0.0,2,yes,yes,179655.87,no,yes,25-34,6-10,no,Poor
15741416,707,France,Male,42,2,16893.59,1,yes,yes,77502.56,no,no,35-44,1-2,no,Good
15598894,784,Spain,Male,38,10,122267.85,1,no,no,145759.93,no,no,35-44,6-10,yes,Very Good
15663294,703,France,Male,32,1,125685.79,1,yes,yes,56246.72,no,no,25-34,1-2,no,Good
15572728,704,Spain,Male,36,8,127397.34,1,yes,no,151335.24,no,no,35-44,6-10,yes,Good
15706729,662,France,Male,38,0,105271.56,1,no,yes,179833.45,no,no,35-44,0,no,Fair
15674433,636,Germany,Female,28,2,115265.14,1,no,no,191627.85,no,no,25-34,1-2,yes,Fair
15641170,640,Spain,Male,36,4,0.0,1,no,no,173016.46,no,yes,35-44,3-5,yes,Fair
15806284,739,Spain,Male,31,1,0.0,2,yes,yes,58469.75,no,yes,25-34,1-2,no,Good
15690958,767,Germany,Male,23,2,139542.82,1,no,yes,28038.28,no,no,<25,1-2,no,Very Good
15606386,753,Germany,Female,46,3,111512.75,3,yes,no,159576.75,yes,no,45-54,3-5,no,Very Good
15682322,714,France,Male,37,9,148466.93,2,no,yes,151280.96,no,no,35-44,6-10,no,Good
15579915,707,France,Male,29,4,0.0,2,yes,no,139953.94,no,yes,25-34,3-5,no,Good
15681928,577,France,Female,35,4,108155.49,1,yes,no,105407.79,no,no,25-34,3-5,yes,Poor
15734005,633,France,Female,42,1,0.0,2,yes,no,56865.62,no,yes,35-44,1-2,no,Fair
15650432,849,Germany,Male,41,10,84622.13,1,yes,yes,198072.16,no,no,35-44,6-10,no,Excellent
15592578,614,Spain,Female,41,7,146997.64,2,no,no,137791.18,no,no,35-44,6-10,no,Fair
15671243,558,France,Female,47,9,0.0,2,yes,no,103787.28,no,yes,45-54,6-10,no,Poor
15775709,832,France,Female,27,10,98590.25,1,yes,no,30912.89,no,no,25-34,6-10,yes,Excellent
15702631,567,France,Female,26,2,0.0,2,yes,yes,78651.55,no,yes,25-34,1-2,no,Poor
15602282,587,Germany,Female,45,8,134980.74,1,yes,yes,123309.57,yes,no,35-44,6-10,no,Fair
15717879,712,Spain,Female,79,5,108078.56,1,yes,yes,174118.93,no,no,65+,3-5,no,Good
15740878,655,Spain,Female,29,9,0.0,2,no,yes,85736.26,no,yes,25-34,6-10,no,Fair
15794468,641,France,Female,42,6,0.0,2,no,no,121138.77,no,yes,35-44,6-10,no,Fair
15773277,676,France,Male,35,5,106836.67,2,yes,no,84199.78,no,no,25-34,3-5,no,Good
15572657,472,France,Male,29,8,102490.27,1,no,yes,181224.56,no,no,25-34,6-10,no,Poor
15800295,644,Germany,Male,34,9,112746.54,2,no,no,141230.07,no,no,25-34,6-10,no,Fair
15672397,598,France,Male,38,0,125487.89,1,no,no,158111.71,no,no,35-44,0,yes,Fair
15684921,792,Spain,Male,25,8,142862.21,1,yes,yes,130639.01,no,no,<25,6-10,no,Very Good
15720676,700,France,Female,37,7,0.0,2,yes,no,17040.82,no,yes,35-44,6-10,no,Good
15731829,616,France,Male,34,10,0.0,2,yes,no,25662.27,no,yes,25-34,6-10,no,Fair
15732672,743,Spain,Male,35,6,79388.33,1,yes,yes,193360.69,no,no,25-34,6-10,no,Very Good
15692406,427,France,Male,37,5,0.0,2,yes,yes,121485.1,no,yes,35-44,3-5,no,Poor
15764405,731,France,Male,29,10,0.0,2,yes,yes,162452.65,no,yes,25-34,6-10,no,Good
15757537,610,France,Female,31,6,107784.65,1,yes,yes,141137.53,no,no,25-34,6-10,no,Fair
15793307,724,Spain,Female,41,4,142880.28,3,no,no,185541.2,yes,no,35-44,3-5,no,Good
15660679,653,Spain,Female,38,9,149571.94,1,yes,no,118383.18,no,no,35-44,6-10,yes,Fair
15666856,774,France,Male,49,1,142767.39,1,yes,yes,8214.41,no,no,45-54,1-2,no,Very Good
15687372,547,Germany,Male,49,8,121537.71,2,yes,no,46521.45,yes,no,45-54,6-10,no,Poor
15667289,719,Spain,Male,50,2,0.0,2,no,no,10772.13,no,yes,45-54,1-2,no,Good
15624641,740,Spain,Male,43,9,0.0,1,yes,no,199290.68,yes,yes,35-44,6-10,yes,Good
15734610,543,France,Male,42,4,89838.71,3,yes,no,85983.54,yes,no,35-44,3-5,no,Poor
15631882,688,Germany,Male,45,9,103399.87,1,no,no,129870.93,no,no,35-44,6-10,yes,Good
15642709,474,France,Female,30,9,0.0,2,no,no,63158.22,no,yes,25-34,6-10,no,Poor
15811026,505,Germany,Male,43,5,136855.94,2,yes,no,171070.52,no,no,35-44,3-5,no,Poor
15596303,688,France,Female,39,0,0.0,2,yes,no,53222.15,yes,yes,35-44,0,no,Good
15787255,650,Germany,Female,55,2,140891.46,3,yes,yes,179834.45,yes,no,45-54,1-2,no,Fair
15617166,610,France,Male,37,0,0.0,1,yes,no,114514.64,no,yes,35-44,0,yes,Fair
15742442,705,Spain,Female,46,5,89364.91,1,no,yes,139162.15,no,no,45-54,3-5,no,Good
15758692,669,France,Female,29,7,146011.4,1,no,no,50249.16,no,no,25-34,6-10,yes,Fair
15568238,650,Spain,Male,20,8,0.0,2,yes,yes,113469.65,no,yes,<25,6-10,no,Fair
15730353,550,Germany,Male,29,9,145294.08,2,yes,no,147484.13,no,no,25-34,6-10,no,Poor
15731555,595,Germany,Female,45,9,106000.12,1,no,no,191448.96,yes,no,35-44,6-10,yes,Fair
15582404,572,Spain,Female,26,5,0.0,2,yes,no,119381.41,no,yes,25-34,3-5,no,Poor
15721462,622,Spain,Female,58,2,0.0,2,yes,yes,33277.31,no,yes,55-64,1-2,no,Fair
15632899,662,Spain,Male,20,9,104508.77,2,no,no,73107.53,no,no,<25,6-10,no,Fair
15808526,783,Germany,Female,58,3,127539.3,1,yes,yes,96590.39,yes,no,55-64,3-5,no,Very Good
15694349,714,Spain,Male,44,7,0.0,1,no,yes,6923.11,no,yes,35-44,6-10,no,Good
15718465,671,Germany,Male,51,3,96891.46,1,yes,no,176403.33,yes,no,45-54,3-5,yes,Good
15682995,600,France,Female,32,1,78535.25,1,yes,no,64349.6,no,no,25-34,1-2,yes,Fair
15584776,847,Spain,Female,37,9,112712.17,1,yes,no,116097.26,no,no,35-44,6-10,yes,Excellent
15777772,650,Spain,Male,55,9,119618.42,1,yes,yes,29861.13,no,no,45-54,6-10,no,Fair
15576156,710,Spain,Female,28,6,0.0,1,yes,no,48426.98,no,yes,25-34,6-10,yes,Good
15646756,682,France,Female,33,8,74963.5,1,yes,yes,32770.56,no,no,25-34,6-10,no,Good
15742886,642,France,Male,26,1,138023.79,2,no,yes,117060.2,no,no,25-34,1-2,no,Fair
15586135,536,Spain,Female,28,4,0.0,1,yes,yes,136197.65,no,yes,25-34,3-5,no,Poor
15616152,754,France,Female,47,1,185513.67,1,yes,no,27438.83,no,no,45-54,1-2,yes,Very Good
15721460,678,France,Male,60,8,185648.56,1,no,no,192156.54,yes,no,55-64,6-10,yes,Good
15727317,533,Germany,Female,49,1,102286.6,3,yes,no,69409.37,yes,no,45-54,1-2,no,Poor
15649536,741,Germany,Male,38,4,128015.83,1,yes,no,58440.43,no,no,35-44,3-5,yes,Very Good
15754929,757,France,Male,31,10,39539.39,2,no,no,192519.39,no,no,25-34,6-10,no,Very Good
15572051,721,France,Male,40,3,0.0,1,yes,yes,144874.67,no,yes,35-44,3-5,no,Good
15668142,700,France,Male,37,3,77608.46,2,yes,yes,175373.46,no,no,35-44,3-5,no,Good
15701176,663,France,Male,26,5,141462.13,1,yes,no,440.2,no,no,25-34,3-5,yes,Fair
15708422,677,Spain,Female,35,0,0.0,2,no,no,76637.38,no,yes,25-34,0,no,Good
15655632,655,France,Male,27,2,131691.33,1,yes,no,49480.66,no,no,25-34,1-2,yes,Fair
15744606,832,Spain,Male,29,8,93833.86,1,no,yes,10417.87,no,no,25-34,6-10,no,Excellent
15612140,721,Spain,Female,46,7,137933.39,1,yes,yes,67976.57,no,no,45-54,6-10,no,Good
15656086,542,Spain,Male,54,8,105770.14,1,no,yes,140929.98,yes,no,45-54,6-10,no,Poor
15655298,654,Spain,Female,54,5,0.0,2,no,yes,47139.06,no,yes,45-54,3-5,no,Fair
15644796,821,Spain,Female,38,8,0.0,2,no,yes,126241.4,yes,yes,35-44,6-10,no,Excellent
15726250,508,France,Female,38,3,166328.65,2,no,yes,22614.19,no,no,35-44,3-5,no,Poor
15764432,588,Germany,Female,42,2,164307.77,1,yes,no,48498.19,no,no,35-44,1-2,yes,Fair
15631721,691,Germany,Male,38,9,163965.69,2,no,yes,103511.26,no,no,35-44,6-10,no,Good
15707479,664,France,Male,40,7,125608.72,1,yes,no,122073.48,no,no,35-44,6-10,yes,Fair
15579826,439,France,Female,66,9,0.0,1,yes,no,65535.56,no,yes,65+,6-10,yes,Poor
15668104,479,Spain,Male,37,6,118433.94,1,no,yes,160060.9,no,no,35-44,6-10,no,Poor
15641604,850,France,Female,55,10,98488.08,1,yes,no,155879.57,yes,no,45-54,6-10,yes,Excellent
15587240,518,France,Male,40,4,0.0,2,no,yes,194416.58,no,yes,35-44,3-5,no,Poor
15680767,717,Germany,Female,64,10,98362.35,2,yes,yes,21630.21,no,no,55-64,6-10,no,Good
15601594,698,France,Female,51,6,144237.91,4,yes,no,157143.61,yes,no,45-54,6-10,no,Good
15589969,850,France,Male,34,6,0.0,1,no,yes,52796.31,no,yes,25-34,6-10,no,Excellent
15703728,700,Spain,Male,47,4,0.0,1,yes,no,121798.52,yes,yes,45-54,3-5,yes,Good
15617790,626,France,Female,29,4,105767.28,2,no,no,41104.82,no,no,25-34,3-5,no,Fair
15662500,774,Spain,Male,32,9,0.0,2,yes,no,10604.48,no,yes,25-34,6-10,no,Very Good
15778526,719,Spain,Female,48,5,0.0,2,no,no,78563.66,no,yes,45-54,3-5,no,Good
15670584,646,Spain,Male,31,2,0.0,1,yes,yes,170821.43,yes,yes,25-34,1-2,no,Fair
15748069,485,France,Female,25,3,134467.26,1,yes,yes,113266.09,no,no,<25,3-5,no,Poor
15680597,784,Germany,Male,38,1,138515.02,1,yes,yes,171768.76,no,no,35-44,1-2,no,Very Good
15628992,850,Germany,Male,32,2,128647.98,2,no,no,54416.18,no,no,25-34,1-2,no,Excellent
15719624,669,France,Female,38,9,121858.98,1,yes,no,130755.34,no,no,35-44,6-10,yes,Fair
15812767,731,Spain,Male,70,3,0.0,2,yes,yes,141180.66,no,yes,65+,3-5,no,Good
15689201,721,France,Female,49,1,120108.56,1,no,yes,183421.76,no,no,45-54,1-2,no,Good
15614716,515,France,Female,37,0,196853.62,1,yes,yes,132770.11,no,no,35-44,0,no,Poor
15683618,774,France,Female,35,3,121418.62,1,yes,yes,24400.37,no,no,25-34,3-5,no,Very Good
15799631,585,Spain,Male,36,10,0.0,2,yes,yes,180318.6,no,yes,35-44,6-10,no,Fair
15692259,695,France,Female,29,9,0.0,2,yes,no,111565.45,no,yes,25-34,6-10,no,Good
15590966,729,Germany,Female,42,4,97495.8,2,no,no,2002.5,no,no,35-44,3-5,no,Good
15656426,713,France,Female,42,3,0.0,2,no,no,82565.01,no,yes,35-44,3-5,no,Good
15675256,555,Spain,Male,33,5,127343.4,1,no,yes,121789.3,no,no,25-34,3-5,no,Poor
15751185,699,Spain,Female,50,0,158633.61,1,yes,no,193785.87,no,no,45-54,0,yes,Good
15789582,587,France,Male,55,9,0.0,1,yes,no,64593.07,no,yes,45-54,6-10,yes,Fair
15651103,762,Spain,Female,69,9,183744.98,1,yes,yes,196993.69,no,no,65+,6-10,no,Very Good
15672299,510,France,Male,44,6,0.0,2,yes,yes,175518.31,no,yes,35-44,6-10,no,Poor
15772250,842,Spain,Male,46,9,0.0,1,no,no,17268.02,no,yes,45-54,6-10,yes,Excellent
15763922,608,France,Male,31,7,79962.92,2,yes,no,60901.72,no,no,25-34,6-10,no,Fair
15633870,850,France,Female,36,10,0.0,2,yes,yes,100750.03,no,yes,35-44,6-10,no,Excellent
15624323,642,France,Male,36,4,0.0,2,yes,yes,195224.91,no,yes,35-44,3-5,no,Fair
15688612,850,France,Male,33,7,140956.99,1,no,no,3510.18,no,no,25-34,6-10,yes,Excellent
15694644,455,Spain,Female,43,6,0.0,1,yes,yes,81250.79,no,yes,35-44,6-10,no,Poor
15587174,726,France,Male,29,7,0.0,2,yes,yes,91844.14,yes,yes,25-34,6-10,no,Good
15579559,544,Spain,Male,30,8,145241.63,1,yes,yes,80676.83,no,no,25-34,6-10,no,Poor
15775430,651,Germany,Male,31,7,138008.06,2,yes,no,129912.74,no,no,25-34,6-10,no,Fair
15623695,814,France,Female,31,4,0.0,2,yes,yes,142029.17,no,yes,25-34,3-5,no,Excellent
15760849,537,France,Male,39,2,0.0,2,yes,yes,137651.6,no,yes,35-44,1-2,no,Poor
15813095,553,France,Male,37,2,0.0,2,yes,no,33877.29,no,yes,35-44,1-2,no,Poor
15705281,800,Spain,Male,38,9,0.0,1,yes,no,78744.39,no,yes,35-44,6-10,yes,Very Good
15812594,791,France,Male,34,7,0.0,2,yes,no,96734.46,no,yes,25-34,6-10,no,Very Good
15626322,699,Spain,Female,29,9,127570.93,2,yes,no,164756.81,no,no,25-34,6-10,no,Good
15723105,756,France,Female,28,6,0.0,1,yes,yes,164394.65,no,yes,25-34,6-10,no,Very Good
15588449,591,Spain,Female,27,5,107812.67,1,no,yes,162501.83,yes,no,25-34,3-5,no,Fair
15794849,850,Germany,Male,22,7,91560.58,2,no,no,10541.38,no,no,<25,6-10,no,Excellent
15620000,760,Germany,Male,34,6,121303.77,2,yes,yes,59325.21,no,no,25-34,6-10,no,Very Good
15799720,569,Spain,Male,43,8,161546.68,2,no,yes,178187.28,no,no,35-44,6-10,no,Poor
15711287,661,Spain,Female,35,5,128415.45,1,yes,no,142626.49,no,no,25-34,3-5,yes,Fair
15613102,670,France,Female,31,2,57530.06,1,yes,yes,181893.31,yes,no,25-34,1-2,no,Fair
15621440,694,France,Male,38,1,0.0,2,no,yes,156858.2,no,yes,35-44,1-2,no,Good
15677146,728,France,Female,28,4,142243.54,2,yes,no,33074.51,no,no,25-34,3-5,no,Good
15801169,764,Germany,Female,39,9,138341.51,1,yes,no,50072.94,yes,no,35-44,6-10,yes,Very Good
15722425,639,France,Male,32,9,0.0,2,yes,no,111340.36,no,yes,25-34,6-10,no,Fair
15682421,683,France,Female,30,2,0.0,2,no,yes,100496.84,yes,yes,25-34,1-2,no,Good
15691910,663,Spain,Male,30,4,0.0,3,yes,no,101371.05,no,yes,25-34,3-5,no,Fair
15721779,826,Spain,Male,41,5,146466.46,2,no,no,180934.67,no,no,35-44,3-5,no,Excellent
15579548,735,Spain,Male,36,5,0.0,2,yes,no,105152.17,no,yes,35-44,3-5,no,Good
15681075,682,France,Female,58,1,0.0,1,yes,yes,706.5,no,yes,55-64,1-2,no,Good
15607884,663,France,Female,39,8,0.0,2,yes,yes,101168.9,no,yes,35-44,6-10,no,Fair
15767757,562,Spain,Female,29,9,120307.58,1,yes,yes,6795.61,no,no,25-34,6-10,no,Poor
15791550,696,France,Male,27,4,87637.26,2,no,no,196111.35,no,no,25-34,3-5,no,Good
15658589,850,Spain,Male,38,2,94652.04,1,yes,yes,171960.76,no,no,35-44,1-2,no,Excellent
15670822,719,France,Female,22,7,114415.84,1,yes,yes,177497.4,no,no,<25,6-10,no,Good
15629744,804,France,Female,71,8,0.0,2,no,yes,147995.96,no,yes,65+,6-10,no,Excellent
15660768,604,France,Male,40,1,84315.02,1,no,no,36209.1,no,no,35-44,1-2,yes,Fair
15726310,782,Spain,Female,27,3,0.0,2,yes,no,143614.01,no,yes,25-34,3-5,no,Very Good
15641298,512,Germany,Male,42,9,93955.83,2,yes,no,14828.54,no,no,35-44,6-10,no,Poor
15625675,569,France,Male,36,1,67087.69,1,yes,no,154775.7,no,no,35-44,1-2,yes,Poor
15713354,597,Germany,Female,22,6,101528.61,1,yes,no,70529.0,yes,no,<25,6-10,yes,Fair
15633866,753,Germany,Male,30,1,110824.52,1,yes,yes,57896.27,no,no,25-34,1-2,no,Very Good
15704231,430,France,Female,33,8,0.0,1,yes,yes,69759.91,no,yes,25-34,6-10,no,Poor
15735400,756,France,Male,28,8,179960.2,1,yes,no,89938.08,no,no,25-34,6-10,yes,Very Good
15632826,493,France,Male,38,3,134006.77,1,yes,no,89578.32,no,no,35-44,3-5,yes,Poor
15751022,777,Germany,Female,37,10,121532.17,2,yes,yes,73464.88,no,no,35-44,6-10,no,Very Good
15664737,779,Spain,Female,38,7,0.0,2,yes,yes,138542.87,no,yes,35-44,6-10,no,Very Good
15681126,702,Spain,Female,38,2,0.0,1,yes,yes,161888.63,no,yes,35-44,1-2,no,Good
15738954,551,France,Male,35,7,129717.3,2,no,no,86937.2,no,no,25-34,6-10,no,Poor
15662263,749,Germany,Male,22,4,94762.16,2,yes,yes,42241.54,no,no,<25,3-5,no,Very Good
15621611,742,Germany,Male,55,5,155196.17,1,no,yes,121207.66,yes,no,45-54,3-5,no,Very Good
15783752,752,Germany,Male,29,4,129514.99,1,yes,yes,102930.46,no,no,25-34,3-5,no,Very Good
15709474,740,Germany,Female,57,3,113386.36,2,yes,yes,65121.63,yes,no,55-64,3-5,no,Good
15701280,576,France,Male,24,3,0.0,1,no,yes,78498.04,yes,yes,<25,3-5,no,Poor
15671104,637,Spain,Male,43,3,172196.23,1,yes,yes,104769.96,no,no,35-44,3-5,no,Fair
15796434,724,France,Male,28,5,97612.12,1,yes,yes,96498.14,no,no,25-34,3-5,no,Good
15781505,685,France,Male,20,4,104719.94,2,yes,no,38691.34,no,no,<25,3-5,no,Good
15625819,625,France,Female,38,7,0.0,1,yes,no,164804.02,no,yes,35-44,6-10,yes,Fair
15753174,571,Germany,Male,37,9,139592.98,3,yes,no,104152.65,yes,no,35-44,6-10,no,Poor
15654067,584,Spain,Female,29,4,0.0,2,yes,no,88866.92,no,yes,25-34,3-5,no,Fair
15724719,550,France,Female,22,7,139096.85,1,yes,no,129890.94,no,no,<25,6-10,yes,Poor
15624695,662,Spain,Female,72,7,140301.72,1,no,yes,179258.67,no,no,65+,6-10,no,Fair
15718216,803,Spain,Male,43,3,0.0,1,yes,no,72051.44,no,yes,35-44,3-5,yes,Excellent
15586300,615,France,Male,66,7,0.0,2,yes,yes,74580.8,no,yes,65+,6-10,no,Fair
15783349,481,Spain,Male,39,1,111233.09,1,yes,yes,123995.15,no,no,35-44,1-2,no,Poor
15725767,701,France,Male,23,3,0.0,2,yes,no,38960.59,no,yes,<25,3-5,no,Good
15791925,751,France,Male,29,10,147737.63,1,no,yes,94951.27,no,no,25-34,6-10,no,Very Good
15793585,675,France,Male,35,8,0.0,2,yes,yes,56642.97,no,yes,25-34,6-10,no,Good
15576641,733,Germany,Male,40,5,125725.02,2,yes,yes,50783.1,no,no,35-44,3-5,no,Good
15749519,822,France,Male,38,6,128289.7,3,yes,no,9149.96,yes,no,35-44,6-10,no,Excellent
15684960,559,France,Female,46,5,0.0,1,yes,no,21006.1,yes,yes,45-54,3-5,yes,Poor
15591286,731,Germany,Female,49,4,88826.07,1,yes,yes,33759.41,yes,no,45-54,3-5,no,Good
15668323,678,France,Female,41,1,143443.61,1,yes,no,196622.28,yes,no,35-44,1-2,yes,Good
15608528,645,France,Female,68,9,0.0,4,yes,yes,176353.87,yes,yes,65+,6-10,no,Fair
15645184,701,France,Male,29,2,0.0,2,yes,no,176943.59,no,yes,25-34,1-2,no,Good
15702566,554,Spain,Male,26,8,149134.46,1,yes,yes,177966.24,no,no,25-34,6-10,no,Poor
15660840,723,France,Male,30,3,124119.54,1,yes,no,162198.32,no,no,25-34,3-5,yes,Good
15750811,766,Germany,Male,44,3,116822.7,1,no,no,197643.24,no,no,35-44,3-5,yes,Very Good
15733842,597,France,Female,24,1,103219.47,1,yes,no,60420.07,no,no,<25,1-2,yes,Fair
15581526,574,France,Male,41,1,0.0,2,no,no,70550.0,no,yes,35-44,1-2,no,Poor
15662751,655,Germany,Female,40,0,81954.6,1,yes,yes,198798.44,yes,no,35-44,0,no,Fair
15684319,780,Germany,Female,37,10,95196.26,1,yes,no,126310.39,yes,no,35-44,6-10,yes,Very Good
15702190,672,Spain,Male,43,5,0.0,2,yes,yes,64515.5,no,yes,35-44,3-5,no,Good
15588517,717,France,Male,38,7,0.0,2,yes,yes,158580.05,no,yes,35-44,6-10,no,Good
15801863,521,France,Female,32,2,136555.01,2,yes,yes,129353.21,no,no,25-34,1-2,no,Poor
15584271,633,France,Male,59,5,0.0,1,yes,yes,137273.97,no,yes,55-64,3-5,no,Fair
15700366,669,France,Male,39,3,119452.03,1,yes,yes,171575.54,no,no,35-44,3-5,no,Fair
15804038,740,France,Male,44,9,0.0,1,no,yes,96528.0,yes,yes,35-44,6-10,no,Good
15720820,462,Germany,Female,24,9,69881.09,2,no,yes,64421.02,no,no,<25,6-10,no,Poor
15743759,619,France,Male,39,5,0.0,2,yes,yes,158444.61,no,yes,35-44,3-5,no,Fair
15749947,665,France,Female,44,7,0.0,2,yes,yes,66548.58,no,yes,35-44,6-10,no,Fair
15670496,655,Spain,Female,27,9,0.0,2,no,no,108008.05,no,yes,25-34,6-10,no,Fair
15746664,463,Spain,Male,20,8,204223.03,1,yes,no,128268.39,no,no,<25,6-10,yes,Poor
15745533,799,France,Female,63,1,110314.21,2,yes,no,37464.0,yes,no,55-64,1-2,no,Very Good
15761497,713,Spain,Female,48,1,163760.82,1,no,no,157381.14,yes,no,45-54,1-2,yes,Good
15628600,807,Germany,Female,31,1,141069.18,3,yes,yes,194257.11,no,no,25-34,1-2,no,Excellent
15627002,728,France,Male,38,1,115934.74,1,yes,yes,139059.05,no,no,35-44,1-2,no,Good
15614635,582,France,Male,52,2,151457.88,1,no,yes,40893.61,no,no,45-54,1-2,no,Fair
15731281,704,Germany,Female,35,3,154206.07,2,yes,yes,40261.49,no,no,25-34,3-5,no,Good
15814022,714,France,Female,26,9,89928.99,1,yes,no,46203.31,no,no,25-34,6-10,yes,Good
15659194,628,France,Male,30,8,89182.09,1,yes,yes,13126.9,no,no,25-34,6-10,no,Fair
15745030,809,Germany,Male,41,1,79706.25,2,yes,no,165675.01,no,no,35-44,1-2,no,Excellent
15691817,547,Spain,Female,44,5,0.0,3,no,no,5459.07,yes,yes,35-44,3-5,no,Poor
15707488,560,France,Female,27,5,0.0,2,yes,no,131919.48,no,yes,25-34,3-5,no,Poor
15784700,811,France,Male,31,7,117799.28,1,yes,yes,182372.35,no,no,25-34,6-10,no,Excellent
15710397,584,France,Male,26,4,0.0,2,yes,no,147600.54,no,yes,25-34,3-5,no,Fair
15687648,691,France,Male,28,1,0.0,2,no,no,92865.41,no,yes,25-34,1-2,no,Good
15732281,680,Germany,Male,34,6,146422.22,1,yes,no,67142.97,yes,no,25-34,6-10,yes,Good
15607230,588,Germany,Male,33,9,150186.22,2,yes,yes,65611.01,no,no,25-34,6-10,no,Fair
15567630,721,Germany,Male,40,6,100275.88,1,yes,no,138564.48,yes,no,35-44,6-10,yes,Good
15587507,850,France,Male,47,6,0.0,1,yes,no,187391.02,yes,yes,45-54,6-10,yes,Excellent
15733904,529,France,Male,32,9,147493.89,1,yes,no,33656.35,no,no,25-34,6-10,yes,Poor
15709511,622,France,Male,43,8,0.0,2,yes,no,100618.17,no,yes,35-44,6-10,no,Fair
15579616,683,France,Female,42,8,0.0,2,no,yes,198134.9,no,yes,35-44,6-10,no,Good
15694852,575,France,Male,29,4,121823.4,2,yes,yes,50368.87,no,no,25-34,3-5,no,Poor
15589924,577,Spain,Female,40,1,0.0,2,yes,yes,108787.0,no,yes,35-44,1-2,no,Poor
15799300,510,Germany,Male,31,0,113688.63,1,yes,no,33099.41,yes,no,25-34,0,yes,Poor
15731330,652,Spain,Female,40,7,100471.34,1,yes,yes,124550.88,no,no,35-44,6-10,no,Fair
15694129,569,Germany,Female,28,3,100032.52,1,yes,no,5159.21,yes,no,25-34,3-5,yes,Poor
15620372,687,Spain,Male,31,3,0.0,2,no,no,48228.1,no,yes,25-34,3-5,no,Good
15744622,822,France,Male,32,8,116358.0,1,yes,no,108798.36,no,no,25-34,6-10,yes,Excellent
15799815,656,Germany,Female,23,4,163549.63,1,no,yes,21085.12,no,no,<25,3-5,no,Fair
15759250,745,Germany,Male,51,3,99183.9,1,yes,yes,28922.25,no,no,45-54,3-5,no,Very Good
15732643,386,Spain,Female,53,1,131955.07,1,yes,yes,62514.65,yes,no,45-54,1-2,no,Poor
15690540,684,Spain,Female,41,1,134177.06,1,no,no,177506.66,no,no,35-44,1-2,yes,Good
15803078,635,Spain,Female,38,1,0.0,2,yes,no,90605.05,no,yes,35-44,1-2,no,Fair
15652180,582,France,Male,30,2,0.0,2,yes,yes,132029.95,no,yes,25-34,1-2,no,Fair
15741195,613,Spain,Male,19,5,0.0,1,yes,yes,176903.35,no,yes,<25,3-5,no,Fair
15743490,795,Germany,Female,56,9,94348.94,1,yes,no,29239.29,yes,no,55-64,6-10,yes,Very Good
15575510,659,France,Female,32,2,155584.21,1,no,yes,153662.88,no,no,25-34,1-2,no,Fair
15732610,745,France,Female,28,6,0.0,2,yes,no,154389.18,no,yes,25-34,6-10,no,Very Good
15602909,604,Spain,Female,41,10,0.0,2,yes,yes,166224.39,no,yes,35-44,6-10,no,Fair
15734058,509,Germany,Male,32,9,170661.47,1,yes,yes,21646.2,no,no,25-34,6-10,no,Poor
15801788,706,Germany,Female,29,6,185544.36,1,yes,no,171037.63,no,no,25-34,6-10,yes,Good
15702462,619,Spain,Female,44,6,52831.13,1,yes,yes,112649.22,yes,no,35-44,6-10,no,Fair
15683416,572,Germany,Male,51,8,97750.07,3,yes,yes,193014.26,yes,no,45-54,6-10,no,Poor
15794187,695,France,Male,36,6,114007.5,2,yes,no,118120.88,no,no,35-44,6-10,no,Good
15792989,543,France,Female,71,1,104308.77,1,yes,yes,25650.04,no,no,65+,1-2,no,Poor
15613734,640,France,Female,33,6,84719.13,2,yes,yes,113048.79,no,no,25-34,6-10,no,Fair
15606177,672,France,Male,39,2,0.0,2,yes,no,87372.49,no,yes,35-44,1-2,no,Good
15636700,701,France,Male,39,9,140236.98,1,no,yes,146651.99,no,no,35-44,6-10,no,Good
15645766,634,Spain,Male,25,9,0.0,2,yes,yes,8227.91,no,yes,<25,6-10,no,Fair
15671345,531,Spain,Female,42,6,75302.85,2,no,no,57034.35,no,no,35-44,6-10,no,Poor
15652469,699,France,Male,27,1,0.0,2,yes,no,93003.21,no,yes,25-34,1-2,no,Good
15749638,605,France,Female,51,9,104760.82,1,yes,yes,165574.54,yes,no,45-54,6-10,no,Fair
15728706,534,France,Female,49,7,0.0,1,yes,no,13566.48,yes,yes,45-54,6-10,yes,Poor
15735439,449,Spain,Female,31,1,113693.0,1,no,no,82796.29,no,no,25-34,1-2,yes,Poor
15778696,684,Spain,Female,36,5,174180.39,1,yes,no,119830.08,no,no,35-44,3-5,yes,Good
15624744,622,Germany,Male,42,9,115766.26,1,no,no,72155.85,yes,no,35-44,6-10,yes,Fair
15584338,714,France,Female,40,0,0.0,2,yes,no,62762.12,no,yes,35-44,0,no,Good
15726178,712,Spain,Female,48,8,0.0,2,yes,no,183235.33,no,yes,45-54,6-10,no,Good
15794939,783,France,Female,72,5,121215.9,2,yes,yes,105206.48,no,no,65+,3-5,no,Very Good
15788068,743,Germany,Male,45,10,144677.19,3,yes,no,22512.44,yes,no,35-44,6-10,no,Very Good
15572956,683,France,Male,36,5,115350.63,1,yes,yes,122305.91,no,no,35-44,3-5,no,Good
15780386,654,Spain,Male,40,5,105683.63,1,yes,no,173617.09,no,no,35-44,3-5,yes,Fair
15791114,700,France,Male,37,1,135179.49,1,yes,no,160670.37,no,no,35-44,1-2,yes,Good
15708046,744,Spain,Male,31,0,117551.23,1,yes,no,158958.9,no,no,25-34,0,yes,Very Good
15719779,645,Germany,Male,25,1,157404.02,2,yes,no,93073.04,no,no,<25,1-2,no,Fair
15591550,525,Spain,Male,36,3,77910.23,1,yes,no,67238.01,no,no,35-44,3-5,yes,Poor
15639368,732,France,Male,25,0,110942.9,1,no,no,172576.56,no,no,<25,0,yes,Good
15699830,721,France,Female,40,7,0.0,2,yes,yes,122580.48,no,yes,35-44,6-10,no,Good
15569264,622,France,Male,32,5,179305.09,1,yes,yes,149043.78,no,no,25-34,3-5,no,Fair
15595158,654,Germany,Male,31,5,150593.59,2,yes,yes,105218.45,no,no,25-34,3-5,no,Fair
15599126,529,France,Female,43,0,123815.86,1,yes,yes,78463.99,yes,no,35-44,0,no,Poor
15650575,720,Spain,Female,59,6,0.0,2,yes,yes,160849.43,yes,yes,55-64,6-10,no,Good
15641490,850,Germany,Female,25,8,69385.17,2,yes,no,87834.24,no,no,<25,6-10,no,Excellent
15680234,667,Germany,Male,27,2,138032.15,1,yes,no,166317.71,no,no,25-34,1-2,yes,Fair
15592230,620,France,Male,41,3,0.0,2,yes,yes,137309.06,no,yes,35-44,3-5,no,Fair
15626212,616,France,Male,29,9,0.0,1,yes,yes,166984.44,no,yes,25-34,6-10,no,Fair
15700627,637,Germany,Female,46,2,143500.82,1,yes,no,166996.46,yes,no,45-54,1-2,yes,Fair
15782641,710,Spain,Female,29,3,119670.18,1,yes,no,188022.44,no,no,25-34,3-5,yes,Good
15784445,717,Spain,Male,33,1,99106.73,1,no,no,194467.23,no,no,25-34,1-2,yes,Good
15813681,786,Germany,Male,24,2,120135.55,2,yes,yes,125449.47,no,no,<25,1-2,no,Very Good
15596649,651,France,Female,39,8,0.0,1,yes,no,137452.57,no,yes,35-44,6-10,yes,Fair
15700460,530,France,Female,55,4,120905.03,1,no,yes,123475.88,yes,no,45-54,3-5,no,Poor
15724076,815,Spain,Female,57,5,0.0,3,no,no,38941.44,yes,yes,55-64,3-5,no,Excellent
15784000,715,Germany,Female,34,9,102277.52,1,no,no,177852.57,yes,no,25-34,6-10,yes,Good
15733966,496,Germany,Female,55,4,125292.53,1,yes,yes,31532.96,yes,no,45-54,3-5,no,Poor
15612667,680,Spain,Male,42,0,0.0,1,yes,no,136377.21,no,yes,35-44,0,yes,Good
15654025,646,France,Female,51,4,101629.3,1,no,no,130541.1,no,no,45-54,3-5,yes,Fair
15589431,807,Germany,Male,47,1,171937.27,1,yes,yes,65636.92,no,no,45-54,1-2,no,Excellent
15578238,727,France,Male,47,7,0.0,2,yes,no,193305.35,no,yes,45-54,6-10,no,Good
15566269,787,France,Male,25,5,0.0,2,yes,no,47307.9,no,yes,<25,3-5,no,Very Good
15639217,806,France,Male,34,6,0.0,2,no,no,100809.99,no,yes,25-34,6-10,no,Excellent
15688644,603,France,Male,31,1,129743.75,1,yes,no,109145.2,no,no,25-34,1-2,yes,Fair
15662426,649,Spain,Male,32,1,0.0,1,no,yes,91167.19,yes,yes,25-34,1-2,no,Fair
15720511,547,Germany,Male,41,3,151191.31,1,yes,no,175295.89,yes,no,35-44,3-5,yes,Poor
15567246,684,Germany,Male,32,3,102630.13,2,yes,yes,127433.47,no,no,25-34,3-5,no,Good
15647965,477,France,Female,57,9,114023.64,2,yes,yes,71167.17,yes,no,55-64,6-10,no,Poor
15679048,558,Germany,Male,41,2,124227.14,1,yes,yes,111184.67,no,no,35-44,1-2,no,Poor
15675749,695,France,Female,23,1,0.0,2,yes,yes,141756.32,no,yes,<25,1-2,no,Good
15782181,592,Spain,Male,35,6,80285.16,1,yes,no,72678.75,yes,no,25-34,6-10,yes,Fair
15795738,789,France,Male,31,4,175477.15,1,yes,yes,172832.9,no,no,25-34,3-5,no,Very Good
15773751,597,France,Female,29,1,132144.35,1,yes,no,158086.33,no,no,25-34,1-2,yes,Fair
15655436,839,Germany,Male,47,2,136911.07,1,yes,yes,168184.62,yes,no,45-54,1-2,no,Excellent
15691396,405,Germany,Male,31,5,133299.67,2,yes,yes,72950.14,no,no,25-34,3-5,no,Poor
15796958,658,France,Male,39,7,0.0,2,yes,no,48378.4,no,yes,35-44,6-10,no,Fair
15801832,684,Germany,Male,42,1,117691.0,1,yes,yes,23135.65,yes,no,35-44,1-2,no,Good
15661349,633,France,Male,35,10,0.0,2,yes,no,65675.47,no,yes,25-34,6-10,no,Fair
15719265,589,France,Male,46,9,0.0,2,yes,no,170676.67,no,yes,45-54,6-10,no,Fair
15779985,750,Germany,Female,37,1,133199.71,2,yes,yes,27366.77,no,no,35-44,1-2,no,Very Good
15663410,771,Spain,Male,51,5,135506.58,3,yes,yes,152479.64,yes,no,45-54,3-5,no,Very Good
15704144,812,Germany,Male,33,2,127154.14,2,no,yes,105383.49,no,no,25-34,1-2,no,Excellent
15774104,539,Spain,Male,39,2,0.0,2,yes,yes,48189.94,no,yes,35-44,1-2,no,Poor
15812230,670,Germany,Female,42,5,49508.79,3,yes,yes,100324.01,no,no,35-44,3-5,no,Fair
15742848,673,France,Male,41,5,0.0,1,yes,yes,65657.29,no,yes,35-44,3-5,no,Good
15745326,538,France,Female,62,3,75051.49,1,no,no,17682.02,yes,no,55-64,3-5,yes,Poor
15674541,575,Spain,Male,52,8,123925.23,1,no,no,111342.66,yes,no,45-54,6-10,yes,Poor
15728564,682,France,Male,41,6,0.0,2,no,yes,134158.09,yes,yes,35-44,6-10,no,Good
15580701,712,France,Male,33,3,153819.58,1,yes,no,79176.09,yes,no,25-34,3-5,yes,Good
15688973,598,Spain,Female,39,5,0.0,2,yes,yes,83103.46,no,yes,35-44,3-5,no,Fair
15709412,776,Spain,Male,30,6,0.0,2,no,yes,63908.86,no,yes,25-34,6-10,no,Very Good
15607753,606,Spain,Female,23,10,70417.79,1,no,yes,90896.04,no,no,<25,6-10,no,Fair
15705352,686,Spain,Male,38,7,111484.88,1,yes,yes,76076.2,no,no,35-44,6-10,no,Good
15602500,850,Spain,Male,38,1,146343.98,1,no,yes,103902.11,no,no,35-44,1-2,no,Excellent
15672437,642,France,Male,72,1,160541.0,2,yes,yes,142223.94,no,no,65+,1-2,no,Fair
15720968,606,Germany,Male,27,2,130274.26,2,yes,no,147533.09,no,no,25-34,1-2,no,Fair
15730796,627,France,Female,21,7,98993.02,1,yes,yes,169156.64,no,no,<25,6-10,no,Fair
15768219,850,Spain,Male,36,0,0.0,2,yes,no,141242.57,no,yes,35-44,0,no,Excellent
15663883,850,Germany,Male,32,9,141827.33,2,yes,yes,149458.73,no,no,25-34,6-10,no,Excellent
15589296,724,France,Female,40,6,110054.45,1,yes,yes,86950.72,no,no,35-44,6-10,no,Good
15586425,579,France,Male,28,4,0.0,2,yes,yes,176925.69,no,yes,25-34,3-5,no,Poor
15679813,727,Spain,Male,28,1,0.0,1,yes,no,40357.39,no,yes,25-34,1-2,yes,Good
15681410,813,Germany,Female,36,6,98088.09,1,no,yes,26687.22,yes,no,35-44,6-10,no,Excellent
15668283,642,France,Male,48,9,118317.27,4,no,no,78702.98,yes,no,45-54,6-10,no,Fair
15624072,669,Spain,Male,22,10,0.0,2,yes,no,176163.74,no,yes,<25,6-10,no,Fair
15669664,574,Germany,Male,54,1,99774.5,1,no,no,4896.11,yes,no,45-54,1-2,yes,Poor
15682728,774,France,Female,32,4,0.0,2,no,no,114899.13,no,yes,25-34,3-5,no,Very Good
15573851,735,France,Female,38,1,0.0,3,no,no,92220.12,yes,yes,35-44,1-2,no,Good
15733661,639,Spain,Female,27,8,133806.54,2,yes,no,6251.3,no,no,25-34,6-10,no,Fair
15710012,738,Spain,Male,44,2,0.0,2,yes,no,43018.82,yes,yes,35-44,1-2,no,Good
15763327,835,France,Male,32,8,124993.29,2,yes,yes,27548.06,no,no,25-34,6-10,no,Excellent
15668853,637,Spain,Female,44,0,157622.58,1,yes,yes,120454.2,no,no,35-44,0,no,Fair
15639303,589,Germany,Male,48,5,126111.61,1,no,yes,133961.19,no,no,45-54,3-5,no,Fair
15691011,591,France,Male,42,9,161651.37,2,yes,yes,131753.97,no,no,35-44,6-10,no,Fair
15638513,723,France,Female,40,7,142856.95,2,no,no,38019.74,no,no,35-44,6-10,no,Good
15648933,831,Germany,Male,44,3,111100.98,1,yes,yes,28144.07,yes,no,35-44,3-5,no,Excellent
15628904,733,Spain,Male,35,8,102918.38,1,yes,yes,45959.86,no,no,25-34,6-10,no,Good
15644788,731,France,Female,30,5,0.0,2,yes,no,189528.72,no,yes,25-34,3-5,no,Good
15598161,654,France,Male,47,10,0.0,2,yes,no,170481.98,no,yes,45-54,6-10,no,Fair
15745624,828,France,Male,37,4,0.0,2,yes,no,94845.45,no,yes,35-44,3-5,no,Excellent
15733169,590,Spain,Male,22,7,125265.61,1,yes,yes,161253.08,no,no,<25,6-10,no,Fair
15801417,657,France,Male,37,4,82500.28,1,yes,yes,115260.72,no,no,35-44,3-5,no,Fair
15592707,531,Germany,Female,64,2,175754.87,2,yes,yes,60721.4,no,no,55-64,1-2,no,Poor
15593954,516,France,Female,47,6,109387.33,1,no,no,121365.45,no,no,45-54,6-10,yes,Poor
15714431,561,France,Male,37,1,100443.36,2,no,yes,101693.73,no,no,35-44,1-2,no,Poor
15638257,682,Spain,Female,54,0,83102.72,2,yes,yes,54132.93,no,no,45-54,0,no,Good
15690939,575,Spain,Male,28,7,0.0,1,yes,yes,10666.05,no,yes,25-34,6-10,no,Poor
15723613,623,France,Female,28,4,0.0,2,yes,no,41227.67,no,yes,25-34,3-5,no,Fair
15813640,642,France,Female,40,7,0.0,2,yes,no,10712.82,no,yes,35-44,6-10,no,Fair
15707322,779,France,Female,48,2,115290.27,1,no,no,98912.69,yes,no,45-54,1-2,yes,Very Good
15588918,671,France,Female,42,6,0.0,2,yes,no,197202.48,no,yes,35-44,6-10,no,Good
15600357,495,France,Female,40,1,140197.71,2,yes,no,150720.39,no,no,35-44,1-2,no,Poor
15747014,850,France,Female,28,1,105245.34,1,no,yes,74780.13,no,no,25-34,1-2,no,Excellent
15809830,630,France,Male,50,8,0.0,2,no,yes,79377.45,no,yes,45-54,6-10,no,Fair
15662245,588,France,Male,32,1,0.0,2,yes,yes,8763.87,no,yes,25-34,1-2,no,Fair
15651075,562,Germany,Male,35,3,142296.13,1,no,yes,177112.7,no,no,25-34,3-5,no,Poor
15594456,740,Spain,Female,56,4,99097.33,1,yes,yes,85016.64,yes,no,55-64,3-5,no,Good
15583462,695,France,Male,28,5,171069.39,2,yes,yes,88689.4,no,no,25-34,3-5,no,Good
15757661,589,France,Female,39,7,0.0,2,no,no,95985.64,no,yes,35-44,6-10,no,Fair
15729117,607,France,Female,31,1,102523.88,1,yes,yes,166792.71,no,no,25-34,1-2,no,Fair
15749671,794,France,Male,35,6,0.0,2,yes,yes,68730.91,no,yes,25-34,6-10,no,Very Good
15566253,580,Germany,Male,44,9,143391.07,1,no,no,146891.07,yes,no,35-44,6-10,yes,Poor
15595153,644,Germany,Female,44,8,106022.73,2,no,no,148727.42,no,no,35-44,6-10,no,Fair
15698572,636,Spain,Female,36,1,0.0,1,yes,no,43134.58,no,yes,35-44,1-2,yes,Fair
15674149,599,Germany,Male,36,3,128960.21,2,yes,yes,40318.33,no,no,35-44,3-5,no,Fair
15623082,507,France,Female,35,2,0.0,2,yes,no,97633.93,no,yes,25-34,1-2,no,Poor
15797905,682,France,Female,48,7,0.0,2,yes,no,65069.03,no,yes,45-54,6-10,no,Good
15746028,714,France,Female,24,7,0.0,2,yes,no,166335.0,no,yes,<25,6-10,no,Good
15582951,696,France,Female,25,8,126442.59,1,yes,no,121904.44,no,no,<25,6-10,yes,Good
15616471,599,Spain,Male,51,0,0.0,1,yes,yes,175235.99,no,yes,45-54,0,no,Fair
15641575,577,France,Male,37,2,127261.35,1,yes,no,56185.05,no,no,35-44,1-2,yes,Poor
15638803,733,Spain,Female,32,5,0.0,2,yes,no,131625.14,no,yes,25-34,3-5,no,Good
15808283,647,France,Female,33,4,0.0,1,yes,no,152323.04,no,yes,25-34,3-5,yes,Fair
15811200,831,France,Female,34,2,0.0,2,no,no,165840.94,no,yes,25-34,1-2,no,Excellent
15733476,543,Germany,Male,30,6,73481.05,1,yes,yes,176692.65,no,no,25-34,6-10,no,Poor
15633274,679,France,Male,34,7,160515.37,1,yes,no,121904.14,no,no,25-34,6-10,yes,Good
15582168,713,Germany,Female,61,4,149525.34,2,yes,no,123663.63,no,no,55-64,3-5,no,Good
15807269,690,Germany,Male,43,2,166522.78,1,no,no,119644.59,yes,no,35-44,1-2,yes,Good
15602979,751,France,Male,29,1,135536.5,1,yes,no,66825.33,no,no,25-34,1-2,yes,Very Good
15660417,613,Germany,Female,43,10,120481.69,1,no,no,94875.03,yes,no,35-44,6-10,yes,Fair
15590199,701,Spain,Male,28,1,103421.32,1,no,yes,76304.73,no,no,25-34,1-2,no,Good
15641794,698,France,Male,33,5,135658.73,2,no,yes,39755.0,no,no,25-34,3-5,no,Good
15779174,451,France,Female,36,2,0.0,2,yes,yes,180142.42,no,yes,35-44,1-2,no,Poor
15785547,665,France,Male,28,8,191402.82,2,yes,no,83238.4,no,no,25-34,6-10,no,Fair
15795124,726,Germany,Male,50,9,94504.35,1,no,yes,5078.9,no,no,45-54,6-10,no,Good
15718912,608,Germany,Female,44,5,126147.84,1,no,yes,132424.69,yes,no,35-44,3-5,no,Fair
15592028,549,France,Female,46,7,0.0,1,yes,yes,109057.56,no,yes,45-54,6-10,no,Poor
15580227,803,France,Male,33,6,0.0,2,yes,no,115676.61,no,yes,25-34,6-10,no,Excellent
15657830,663,France,Male,43,4,87624.03,2,yes,no,149401.33,no,no,35-44,3-5,no,Fair
15798256,558,France,Female,45,1,153697.53,2,no,no,89891.4,yes,no,35-44,1-2,no,Poor
15643819,714,France,Female,25,4,0.0,2,no,no,82500.84,no,yes,<25,3-5,no,Good
15754301,704,France,Male,39,5,0.0,1,yes,no,6416.92,no,yes,35-44,3-5,yes,Good
15726855,805,Germany,Female,45,9,116585.97,1,yes,no,189428.75,yes,no,35-44,6-10,yes,Excellent
15755225,659,Germany,Male,34,9,134464.58,2,yes,no,178833.34,no,no,25-34,6-10,no,Fair
15725221,738,Germany,Male,62,10,83008.31,1,yes,yes,42766.03,no,no,55-64,6-10,no,Good
15789055,635,Spain,Male,35,2,113635.16,1,yes,no,90883.12,no,no,25-34,1-2,yes,Fair
15617507,530,Spain,Female,36,7,0.0,2,yes,no,80619.09,no,yes,35-44,6-10,no,Poor
15668894,661,Germany,Male,41,5,122552.48,2,no,yes,120646.4,no,no,35-44,3-5,no,Fair
15589563,531,Spain,Male,31,2,118899.45,2,no,no,41409.36,no,no,25-34,1-2,no,Poor
15693162,694,France,Female,29,5,99713.87,1,no,no,112317.89,no,no,25-34,3-5,yes,Good
15750099,731,France,Female,36,6,0.0,1,no,no,152128.36,no,yes,35-44,6-10,yes,Good
15795540,556,France,Female,36,2,134208.22,1,no,yes,177670.57,no,no,35-44,1-2,no,Poor
15794941,647,Germany,Female,41,1,85906.65,3,yes,no,189159.97,no,no,35-44,1-2,no,Fair
15611848,850,Germany,Male,32,3,137714.25,1,no,yes,159403.68,no,no,25-34,3-5,no,Excellent
15581237,573,Spain,Male,33,1,160777.9,1,yes,yes,149536.15,no,no,25-34,1-2,no,Poor
15738150,591,France,Male,45,5,0.0,2,yes,yes,155492.87,no,yes,35-44,3-5,no,Fair
15678571,723,France,Male,21,4,0.0,2,no,no,24847.02,no,yes,<25,3-5,no,Good
15736124,617,France,Male,25,1,102585.88,2,yes,yes,115387.4,no,no,<25,1-2,no,Fair
15623202,704,Germany,Female,39,10,102556.18,2,yes,no,171971.25,yes,no,35-44,6-10,no,Good
15804201,457,Germany,Male,42,4,126772.57,1,no,yes,126106.4,no,no,35-44,3-5,no,Poor
15596863,787,Germany,Female,38,3,158373.23,1,yes,yes,28228.35,no,no,35-44,3-5,no,Very Good
15696277,651,France,Female,34,9,0.0,2,yes,no,138113.71,no,yes,25-34,6-10,no,Fair
15748608,612,Germany,Male,42,5,141927.1,1,yes,yes,43018.98,no,no,35-44,3-5,no,Fair
15723864,828,Spain,Male,47,1,109876.82,2,yes,no,83611.45,yes,no,45-54,1-2,no,Excellent
15802390,724,France,Female,34,2,0.0,2,yes,yes,118863.38,no,yes,25-34,1-2,no,Good
15774336,648,Germany,Male,44,9,111369.79,2,yes,yes,91947.74,no,no,35-44,6-10,no,Fair
15648766,569,Spain,Male,35,3,116969.35,1,no,no,94488.82,no,no,25-34,3-5,yes,Poor
15659094,765,Germany,Female,34,8,136729.51,2,no,no,47058.21,no,no,25-34,6-10,no,Very Good
15606397,577,Germany,Female,44,1,152086.15,1,no,yes,44719.5,yes,no,35-44,1-2,no,Poor
15642619,603,Spain,Male,46,2,0.0,2,yes,no,174478.54,no,yes,45-54,1-2,no,Fair
15666032,568,Spain,Male,28,1,127289.28,1,no,no,45611.51,no,no,25-34,1-2,yes,Poor
15595842,748,Germany,Male,45,2,119852.01,1,no,no,73853.94,yes,no,35-44,1-2,yes,Very Good
15753837,573,Spain,Male,38,4,0.0,2,yes,yes,196517.43,no,yes,35-44,3-5,no,Poor
15783882,771,Spain,Female,41,5,0.0,2,no,yes,92914.67,no,yes,35-44,3-5,no,Very Good
15799790,763,France,Male,35,9,0.0,1,yes,yes,31372.91,no,yes,25-34,6-10,no,Very Good
15628155,410,France,Female,35,7,117183.74,1,yes,yes,109733.73,no,no,25-34,6-10,no,Poor
15703778,728,France,Male,33,8,129907.63,1,no,yes,36083.96,no,no,25-34,6-10,no,Good
15722322,655,Spain,Female,78,2,0.0,2,no,yes,188435.38,no,yes,65+,1-2,no,Fair
15639278,580,Germany,Female,36,6,145387.32,2,yes,yes,169963.2,yes,no,35-44,6-10,no,Poor
15568487,712,France,Male,35,7,124616.23,1,yes,yes,69320.97,no,no,25-34,6-10,no,Good
15682084,680,France,Male,31,9,0.0,2,yes,no,36145.53,no,yes,25-34,6-10,no,Good
15642821,383,Spain,Female,48,8,95808.19,1,no,no,137702.01,yes,no,45-54,6-10,yes,Poor
15601387,721,France,Male,35,10,0.0,2,yes,no,71594.26,no,yes,25-34,6-10,no,Good
15642515,620,France,Female,42,1,0.0,2,no,yes,65565.92,no,yes,35-44,1-2,no,Fair
15710421,774,Spain,Female,36,8,117152.3,1,no,no,101828.39,no,no,35-44,6-10,yes,Very Good
15726774,563,France,Male,35,3,106250.72,1,no,no,39546.32,no,no,25-34,3-5,yes,Poor
15649078,850,Germany,Female,27,8,111837.78,2,yes,yes,110805.79,no,no,25-34,6-10,no,Excellent
15641877,681,France,Male,47,9,97023.21,1,yes,yes,2168.13,no,no,45-54,6-10,no,Good
15796496,631,France,Female,31,8,137687.72,1,yes,no,190067.12,no,no,25-34,6-10,yes,Fair
15815690,614,Spain,Female,40,3,113348.5,1,yes,yes,77789.01,no,no,35-44,3-5,no,Fair
15631739,704,Spain,Male,24,10,122109.78,1,yes,yes,127654.37,no,no,<25,6-10,no,Good
15625584,786,France,Male,32,2,120452.4,2,no,no,79602.86,no,no,25-34,1-2,no,Very Good
15802466,534,France,Female,53,7,0.0,2,yes,yes,80619.17,no,yes,45-54,6-10,no,Poor
15697028,590,Spain,Male,34,0,65812.35,2,no,yes,160346.3,no,no,25-34,0,no,Fair
15575759,583,Spain,Female,40,3,54428.37,1,yes,no,109638.78,yes,no,35-44,3-5,yes,Fair
15567442,656,France,Female,75,3,0.0,2,yes,yes,1276.87,no,yes,65+,3-5,no,Fair
15746805,597,France,Male,33,9,0.0,2,yes,no,49374.82,no,yes,25-34,6-10,no,Fair
15636330,588,Germany,Female,48,1,143279.58,2,yes,no,31580.8,yes,no,45-54,1-2,no,Fair
15714970,667,Germany,Male,32,0,103846.65,1,yes,no,20560.69,no,no,25-34,0,yes,Fair
15653784,627,France,Male,37,2,125190.86,1,no,yes,84584.69,no,no,35-44,1-2,no,Fair
15693543,708,France,Female,33,8,0.0,2,no,yes,15246.83,no,yes,25-34,6-10,no,Good
15773283,641,France,Male,65,6,38340.02,1,yes,no,32607.77,yes,no,55-64,6-10,yes,Fair
15742534,527,Germany,Female,28,2,123802.98,2,yes,yes,155846.69,no,no,25-34,1-2,no,Poor
15569878,592,France,Male,37,3,96651.03,1,yes,yes,3232.82,no,no,35-44,3-5,no,Fair
15729454,465,France,Male,33,8,0.0,2,yes,no,177668.55,no,yes,25-34,6-10,no,Poor
15578375,628,France,Male,39,6,0.0,2,no,no,134441.6,no,yes,35-44,6-10,no,Fair
15785559,678,France,Male,43,1,133237.21,1,yes,no,111032.79,yes,no,35-44,1-2,yes,Good
15649414,570,France,Female,61,6,142105.35,1,yes,yes,45214.04,no,no,55-64,6-10,no,Poor
15701605,815,France,Male,37,1,166115.42,1,yes,no,67208.3,no,no,35-44,1-2,yes,Excellent
15686696,817,France,Female,37,6,81070.34,2,yes,no,80985.88,no,no,35-44,6-10,no,Excellent
15625586,717,France,Male,35,4,0.0,1,yes,yes,167573.06,no,yes,25-34,3-5,no,Good
15654975,641,France,Female,53,0,123835.52,2,no,yes,160110.65,no,no,45-54,0,no,Fair
15782993,624,France,Male,51,10,123401.43,2,yes,yes,127825.25,no,no,45-54,6-10,no,Fair
15774382,579,Germany,Male,49,4,169377.31,1,yes,yes,123535.05,no,no,45-54,3-5,no,Poor
15689602,698,France,Male,38,2,130015.24,1,yes,yes,41595.3,no,no,35-44,1-2,no,Good
15756155,645,France,Male,32,4,0.0,2,no,yes,97628.08,no,yes,25-34,3-5,no,Fair
15812647,691,France,Male,34,8,133936.04,2,yes,no,91359.79,no,no,25-34,6-10,no,Good
15736043,638,France,Male,34,6,114543.27,1,yes,yes,97755.29,no,no,25-34,6-10,no,Fair
15696744,705,France,Female,31,3,119794.67,1,no,no,182528.44,no,no,25-34,3-5,yes,Good
15602572,720,France,Male,33,9,0.0,2,yes,yes,142956.48,no,yes,25-34,6-10,no,Good
15674765,553,Spain,Male,44,4,0.0,1,yes,no,10789.3,no,yes,35-44,3-5,yes,Poor
15678725,658,France,Female,29,8,0.0,2,no,yes,130461.09,no,yes,25-34,6-10,no,Fair
15694444,648,Germany,Female,32,8,157138.99,3,yes,no,190994.48,yes,no,25-34,6-10,no,Fair
15795878,636,Spain,Male,45,3,0.0,2,yes,yes,159463.8,no,yes,35-44,3-5,no,Fair
15735346,527,Germany,Female,41,10,136733.24,1,yes,yes,57589.29,no,no,35-44,6-10,no,Poor
15687094,717,Germany,Female,28,9,82498.14,2,no,no,40437.67,no,no,25-34,6-10,no,Good
15790067,614,Spain,Male,39,3,151914.93,1,no,no,56459.45,no,no,35-44,3-5,yes,Fair
15605742,737,France,Male,43,0,80090.93,1,yes,no,39920.0,yes,no,35-44,0,yes,Good
15566740,587,Spain,Male,51,3,83739.32,1,no,yes,148798.45,no,no,45-54,3-5,no,Fair
15664897,682,France,Female,35,2,181166.44,1,yes,yes,63737.19,yes,no,25-34,1-2,no,Good
15585777,710,France,Male,38,3,130588.82,1,yes,yes,154997.64,no,no,35-44,3-5,no,Good
15650864,507,France,Male,42,6,0.0,2,yes,no,34777.23,no,yes,35-44,6-10,no,Poor
15806709,609,Germany,Male,33,6,94126.67,1,no,no,93718.16,no,no,25-34,6-10,yes,Fair
15633818,786,France,Male,32,9,0.0,2,yes,no,133112.41,no,yes,25-34,6-10,no,Very Good
15713845,688,France,Male,38,7,148045.68,1,yes,no,175479.92,yes,no,35-44,6-10,yes,Good
15639662,710,France,Male,38,2,0.0,2,yes,no,96.27,no,yes,35-44,1-2,no,Good
15567013,779,Spain,Male,33,3,0.0,2,yes,no,30804.68,no,yes,25-34,3-5,no,Very Good
15777784,733,France,Female,44,6,168165.84,1,no,yes,197193.49,no,no,35-44,6-10,no,Good
15800251,583,Germany,Female,26,10,72835.56,2,yes,no,96792.15,no,no,25-34,6-10,no,Fair
15651315,627,France,Male,41,3,0.0,2,yes,no,132719.8,no,yes,35-44,3-5,no,Fair
15651450,666,Germany,Male,31,3,123212.08,2,yes,yes,112157.31,no,no,25-34,3-5,no,Fair
15784218,620,Spain,Male,38,0,0.0,2,yes,yes,38015.34,no,yes,35-44,0,no,Fair
15572398,614,Spain,Female,39,6,0.0,2,yes,yes,164018.98,no,yes,35-44,6-10,no,Fair
15707962,606,France,Male,40,6,119501.88,2,yes,no,46774.94,no,no,35-44,6-10,no,Fair
15705663,700,Germany,Female,39,5,144550.83,2,yes,yes,189664.43,no,no,35-44,3-5,no,Good
15645355,677,Germany,Male,34,3,126729.41,1,yes,yes,26106.39,yes,no,25-34,3-5,no,Good
15729557,850,Germany,Male,36,5,119984.07,1,yes,no,191535.11,yes,no,35-44,3-5,yes,Excellent
15631436,564,France,Male,35,4,0.0,1,yes,no,158937.55,no,yes,25-34,3-5,yes,Poor
15583073,771,Spain,Female,56,2,0.0,1,yes,yes,25222.6,yes,yes,55-64,1-2,no,Very Good
15614361,620,Spain,Male,42,9,121490.05,1,yes,yes,29296.74,no,no,35-44,6-10,no,Fair
15724684,610,Spain,Male,46,5,91897.8,1,yes,no,54394.28,no,no,45-54,3-5,yes,Fair
15700083,609,Spain,Male,39,2,139443.75,2,yes,no,9234.06,no,no,35-44,1-2,no,Fair
15636541,683,Germany,Male,35,5,144961.97,1,no,yes,26796.73,no,no,25-34,3-5,no,Good
15796015,633,Germany,Male,42,3,126041.02,1,no,yes,11796.89,no,no,35-44,3-5,no,Fair
15787222,676,Germany,Male,28,1,69459.05,2,yes,yes,128461.29,no,no,25-34,1-2,no,Good
15594270,693,France,Male,38,7,198338.77,2,yes,yes,14278.18,no,no,35-44,6-10,no,Good
15701524,709,France,Male,36,0,0.0,2,yes,no,46811.77,no,yes,35-44,0,no,Good
15645847,569,Germany,Male,35,2,109196.66,3,yes,no,109393.19,yes,no,25-34,1-2,no,Poor
15708867,684,Spain,Female,38,3,134168.5,3,yes,no,3966.5,yes,no,35-44,3-5,no,Good
15613140,565,France,Male,34,6,0.0,1,yes,yes,63173.64,no,yes,25-34,6-10,no,Poor
15628893,681,France,Male,29,8,0.0,1,yes,no,66367.33,no,yes,25-34,6-10,yes,Good
15764073,503,Spain,Female,36,9,0.0,2,yes,yes,16274.67,no,yes,35-44,6-10,no,Poor
15782879,656,France,Male,40,2,0.0,2,yes,yes,180553.48,no,yes,35-44,1-2,no,Fair
15635964,566,Germany,Male,65,4,120100.41,1,yes,no,107563.16,yes,no,55-64,3-5,yes,Poor
15726087,592,France,Female,62,5,0.0,1,yes,yes,100941.57,no,yes,55-64,3-5,no,Fair
15726313,687,Spain,Female,50,5,0.0,2,yes,no,110230.4,no,yes,45-54,3-5,no,Good
15578073,686,Spain,Male,22,8,0.0,2,no,no,142331.85,no,yes,<25,6-10,no,Good
15786249,616,Spain,Male,30,2,0.0,2,yes,no,199099.51,no,yes,25-34,1-2,no,Fair
15812850,494,Spain,Male,67,5,0.0,2,yes,yes,85890.16,no,yes,65+,3-5,no,Poor
15596972,534,France,Male,38,3,0.0,1,no,no,143938.27,no,yes,35-44,3-5,yes,Poor
15620579,695,Spain,Female,31,8,0.0,2,no,yes,131644.41,no,yes,25-34,6-10,no,Good
15768270,579,Spain,Female,31,9,0.0,2,yes,no,112395.98,no,yes,25-34,6-10,no,Poor
15656597,432,Germany,Male,38,2,135559.8,2,yes,yes,71856.3,no,no,35-44,1-2,no,Poor
15699446,816,Germany,Female,25,2,150355.35,2,yes,yes,35770.84,no,no,<25,1-2,no,Excellent
15615004,730,France,Female,37,1,0.0,2,yes,yes,124364.63,no,yes,35-44,1-2,no,Good
15704771,593,France,Female,35,6,133489.12,2,yes,yes,78101.29,no,no,25-34,6-10,no,Fair
15588372,715,Germany,Female,37,9,105489.31,1,no,no,143096.49,yes,no,35-44,6-10,yes,Good
15681439,775,Germany,Male,25,10,60205.2,2,yes,no,14073.11,no,no,<25,6-10,no,Very Good
15607509,539,France,Male,38,5,0.0,2,yes,no,47388.41,no,yes,35-44,3-5,no,Poor
15670343,576,Spain,Male,19,6,0.0,2,no,no,72306.07,no,yes,<25,6-10,no,Poor
15597968,617,Spain,Male,50,7,0.0,1,yes,no,184839.7,yes,yes,45-54,6-10,yes,Fair
15658432,688,France,Male,40,6,0.0,1,yes,yes,47886.44,no,yes,35-44,6-10,no,Good
15616431,608,France,Male,33,4,0.0,1,no,yes,130474.03,no,yes,25-34,3-5,no,Fair
15796957,597,Spain,Male,35,9,0.0,3,no,yes,73181.39,yes,yes,25-34,6-10,no,Fair
15815552,670,France,Female,42,6,112333.63,1,yes,yes,65706.86,no,no,35-44,6-10,no,Fair
15631871,616,Germany,Female,57,7,116936.81,1,yes,yes,104379.36,no,no,55-64,6-10,no,Fair
15635870,579,Germany,Female,50,5,117721.02,1,no,yes,192146.63,yes,no,45-54,3-5,no,Poor
15596713,786,France,Male,37,7,165896.22,2,yes,yes,66977.68,no,no,35-44,6-10,no,Very Good
15684211,704,Spain,Female,44,9,153656.85,1,yes,no,158742.81,no,no,35-44,6-10,yes,Good
15760521,796,France,Female,50,1,94164.0,1,yes,yes,189414.74,no,no,45-54,1-2,no,Very Good
15608408,598,Spain,Male,39,1,0.0,2,yes,no,159130.32,no,yes,35-44,1-2,no,Fair
15804721,602,France,Male,49,0,191808.73,1,no,no,97640.2,no,no,45-54,0,yes,Fair
15730272,619,France,Male,58,5,152199.33,1,yes,yes,86022.09,no,no,55-64,3-5,no,Fair
15741988,492,Germany,Female,52,8,125396.24,1,yes,no,10014.72,yes,no,45-54,6-10,yes,Poor
15771728,641,Germany,Male,41,7,104405.54,3,yes,no,17384.21,no,no,35-44,6-10,no,Fair
15605113,518,France,Female,27,1,133801.49,1,yes,yes,143315.57,no,no,25-34,1-2,no,Poor
15661945,623,Spain,Female,40,4,0.0,3,yes,no,31669.18,no,yes,35-44,3-5,no,Fair
15783816,733,France,Female,28,5,0.0,2,no,no,12761.16,no,yes,25-34,3-5,no,Good
15721207,625,Germany,Male,42,6,100047.33,1,yes,no,93429.95,no,no,35-44,6-10,yes,Fair
15764072,759,France,Female,31,1,109848.6,1,yes,yes,42012.55,no,no,25-34,1-2,no,Very Good
15689412,604,France,Female,32,7,127849.38,1,yes,no,15798.7,no,no,25-34,6-10,yes,Fair
15798385,512,Spain,Female,46,3,0.0,2,yes,yes,56408.14,no,yes,45-54,3-5,no,Poor
15775339,520,France,Female,29,8,95947.76,1,yes,no,4696.44,no,no,25-34,6-10,yes,Poor
15585256,805,Spain,Male,26,2,0.0,2,yes,yes,25042.1,no,yes,25-34,1-2,no,Excellent
15797329,626,France,Male,43,4,137638.69,1,yes,no,130442.08,yes,no,35-44,3-5,yes,Fair
15780220,656,France,Male,38,10,0.0,1,yes,yes,136521.82,no,yes,35-44,6-10,no,Fair
15648951,785,Spain,Male,41,7,0.0,2,yes,yes,199108.88,no,yes,35-44,6-10,no,Very Good
15752409,553,France,Male,31,6,0.0,2,no,no,124596.63,no,yes,25-34,6-10,no,Poor
15807524,569,France,Female,44,4,0.0,2,no,no,134394.78,no,yes,35-44,3-5,no,Poor
15766649,670,France,Male,38,10,89416.99,1,no,no,144275.39,no,no,35-44,6-10,yes,Fair
15696812,586,Spain,Male,42,6,0.0,2,yes,yes,123410.23,no,yes,35-44,6-10,no,Fair
15581295,617,Spain,Female,45,1,0.0,1,yes,no,143298.06,no,yes,35-44,1-2,yes,Fair
15663234,508,France,Female,60,7,143262.04,1,yes,yes,129562.74,no,no,55-64,6-10,no,Poor
15741417,624,Spain,Female,35,7,119656.45,2,yes,yes,4595.05,no,no,25-34,6-10,no,Fair
15695174,654,France,Male,29,4,132954.64,1,yes,yes,146715.07,no,no,25-34,3-5,no,Fair
15665168,681,Germany,Female,44,3,105206.7,2,yes,yes,163558.36,no,no,35-44,3-5,no,Good
15601503,578,Spain,Male,28,4,0.0,2,no,no,6947.09,no,yes,25-34,3-5,no,Poor
15706131,621,Spain,Female,37,9,83061.26,2,yes,no,9170.54,no,no,35-44,6-10,no,Fair
15782758,632,France,Male,40,5,147650.68,1,yes,yes,199674.83,no,no,35-44,3-5,no,Fair
15591091,644,France,Male,44,5,73348.56,1,yes,no,157166.79,yes,no,35-44,3-5,yes,Fair
15715877,821,France,Male,28,2,0.0,2,yes,no,46072.52,no,yes,25-34,1-2,no,Excellent
15756918,754,France,Female,38,2,0.0,2,no,no,3524.69,no,yes,35-44,1-2,no,Very Good
15746662,568,Spain,Female,27,1,116320.68,1,no,yes,45563.94,no,no,25-34,1-2,no,Poor
15626679,584,France,Male,33,3,0.0,2,no,yes,59103.13,no,yes,25-34,3-5,no,Fair
15793343,549,France,Female,29,8,0.0,2,yes,yes,189558.44,no,yes,25-34,6-10,no,Poor
15576774,729,France,Female,38,7,0.0,2,no,no,45779.9,no,yes,35-44,6-10,no,Good
15801316,523,France,Male,61,8,66250.71,1,yes,yes,21859.06,no,no,55-64,6-10,no,Poor
15800514,477,Germany,Female,24,2,95675.62,2,no,no,162699.7,yes,no,<25,1-2,no,Poor
15662232,675,Germany,Male,42,2,92616.64,2,yes,no,8567.18,no,no,35-44,1-2,no,Good
15737778,782,Spain,Female,41,4,0.0,1,yes,no,132943.88,no,yes,35-44,3-5,yes,Very Good
15782096,616,Spain,Female,36,6,0.0,1,yes,yes,12916.32,yes,yes,35-44,6-10,no,Fair
15783522,738,Spain,Female,37,8,100565.94,1,yes,yes,128799.86,no,no,35-44,6-10,no,Good
15785373,717,Spain,Female,42,5,190305.78,1,yes,no,99347.8,yes,no,35-44,3-5,yes,Good
15756272,526,Germany,Female,35,9,118536.4,1,yes,no,40980.87,yes,no,25-34,6-10,yes,Poor
15615245,660,France,Male,19,5,127649.64,1,yes,yes,40368.65,no,no,<25,3-5,no,Fair
15600174,525,France,Male,35,7,165358.77,1,no,yes,94738.54,no,no,25-34,6-10,no,Poor
15752956,629,Spain,Male,29,6,0.0,2,yes,yes,88842.8,no,yes,25-34,6-10,no,Fair
15644882,616,Germany,Female,36,10,78249.53,1,yes,no,136934.91,no,no,35-44,6-10,yes,Fair
15766272,521,Germany,Female,61,0,125193.96,1,yes,yes,109356.53,no,no,55-64,0,no,Poor
15800620,691,France,Female,29,9,0.0,2,no,no,199635.93,no,yes,25-34,6-10,no,Good
15569764,687,Germany,Female,41,2,154007.21,1,yes,no,158408.23,no,no,35-44,1-2,yes,Good
15747458,677,Spain,Female,43,3,133214.88,2,yes,yes,95936.84,no,no,35-44,3-5,no,Good
15573171,695,Spain,Male,63,1,146202.93,1,yes,yes,126688.83,yes,no,55-64,1-2,no,Good
15736769,663,France,Female,27,9,0.0,2,yes,no,150850.29,no,yes,25-34,6-10,no,Fair
15763381,496,France,Male,30,0,90963.49,1,no,yes,27802.0,no,no,25-34,0,no,Poor
15814430,747,Spain,Male,41,9,0.0,1,yes,no,32430.94,yes,yes,35-44,6-10,yes,Very Good
15638607,546,France,Female,52,2,0.0,1,yes,no,137332.37,yes,yes,45-54,1-2,yes,Poor
15737133,706,Spain,Male,68,4,114386.85,1,yes,yes,28601.68,no,no,65+,3-5,no,Good
15613945,472,France,Female,26,5,0.0,2,yes,no,108411.66,no,yes,25-34,3-5,no,Poor
15659937,703,France,Female,40,7,0.0,2,no,yes,122518.5,no,yes,35-44,6-10,no,Good
15765287,850,France,Female,38,2,0.0,2,yes,no,9015.07,no,yes,35-44,1-2,no,Excellent
15661723,667,Spain,Male,71,4,137260.78,1,no,yes,94433.08,yes,no,65+,3-5,no,Fair
15766064,559,France,Male,33,9,111060.05,2,yes,no,110371.84,no,no,25-34,6-10,no,Poor
15649616,636,Spain,Male,60,7,124447.73,1,yes,yes,141364.62,yes,no,55-64,6-10,no,Fair
15719017,672,France,Female,34,8,0.0,2,yes,yes,16245.25,no,yes,25-34,6-10,no,Good
15720919,667,France,Male,42,7,0.0,1,no,yes,108348.94,yes,yes,35-44,6-10,no,Fair
15706706,648,Germany,Male,33,7,135310.41,2,no,yes,171668.2,no,no,25-34,6-10,no,Fair
15709653,497,France,Male,32,8,0.0,2,yes,no,67364.42,no,yes,25-34,6-10,no,Poor
15805104,743,France,Female,73,6,0.0,2,no,yes,107867.38,no,yes,65+,6-10,no,Very Good
15622442,619,France,Male,29,5,0.0,2,yes,no,194310.1,no,yes,25-34,3-5,no,Fair
15572801,639,Spain,Male,34,5,139393.19,2,no,no,33950.08,no,no,25-34,3-5,no,Fair
15767598,540,Spain,Male,28,8,0.0,2,no,no,197588.32,no,yes,25-34,6-10,no,Poor
15757897,766,France,Female,26,3,104258.8,1,yes,yes,428.23,no,no,25-34,3-5,no,Very Good
15568104,749,France,Female,26,6,0.0,2,no,yes,34948.77,no,yes,25-34,6-10,no,Very Good
15763414,655,Germany,Male,32,9,113447.01,1,yes,no,82084.3,no,no,25-34,6-10,yes,Fair
15732265,630,France,Male,33,9,0.0,2,yes,no,64804.59,no,yes,25-34,6-10,no,Fair
15621974,778,Germany,Female,33,4,111063.73,2,yes,no,83556.65,no,no,25-34,3-5,no,Very Good
15803947,757,Germany,Female,30,6,161378.02,1,no,no,71926.28,yes,no,25-34,6-10,yes,Very Good
15720706,529,Spain,Female,39,2,82766.43,1,yes,yes,122925.44,no,no,35-44,1-2,no,Poor
15759290,620,Spain,Male,29,9,0.0,2,yes,no,13133.88,no,yes,25-34,6-10,no,Fair
15651664,615,France,Female,61,1,104267.7,1,yes,no,62845.64,yes,no,55-64,1-2,yes,Fair
15795132,735,France,Female,25,3,91718.8,1,no,no,28411.23,no,no,<25,3-5,yes,Good
15811565,705,Spain,Female,47,3,63488.7,1,no,yes,28640.92,yes,no,45-54,3-5,no,Good
15713774,644,Spain,Female,46,6,12459.19,1,no,no,156787.34,yes,no,45-54,6-10,yes,Fair
15691840,505,Germany,Female,37,6,159863.9,2,no,yes,125307.87,no,no,35-44,6-10,no,Poor
15682021,471,Germany,Male,23,6,104592.55,2,yes,no,131736.23,no,no,<25,6-10,no,Poor
15612931,722,Spain,Female,50,4,132088.59,1,yes,yes,128262.14,no,no,45-54,3-5,no,Good
15676707,577,Spain,Female,39,4,0.0,2,yes,no,91366.42,no,yes,35-44,3-5,no,Poor
15601383,744,Spain,Male,44,5,120654.68,1,yes,no,82290.81,no,no,35-44,3-5,yes,Very Good
15662662,573,France,Female,30,6,0.0,2,yes,no,66190.21,no,yes,25-34,6-10,no,Poor
15752694,653,France,Female,32,4,83772.95,1,no,yes,23920.65,no,no,25-34,3-5,no,Fair
15590683,660,France,Female,31,6,172325.67,1,no,yes,45438.38,no,no,25-34,6-10,no,Fair
15773591,787,France,Male,46,7,117685.31,2,yes,yes,93360.35,no,no,45-54,6-10,no,Very Good
15723620,617,France,Male,41,7,0.0,2,no,yes,14496.67,no,yes,35-44,6-10,no,Fair
15671779,567,France,Male,39,5,0.0,2,no,no,168521.72,no,yes,35-44,3-5,no,Poor
15672966,682,Spain,Female,64,9,0.0,2,yes,yes,103318.44,no,yes,55-64,6-10,no,Good
15624667,684,France,Male,35,6,135871.5,1,yes,yes,87219.41,no,no,25-34,6-10,no,Good
15812888,447,France,Male,41,3,0.0,4,yes,yes,197490.39,yes,yes,35-44,3-5,no,Poor
15724154,625,Germany,Female,49,4,128504.76,1,yes,no,126812.63,yes,no,45-54,3-5,yes,Fair
15749540,585,France,Male,36,7,0.0,2,yes,no,94283.09,no,yes,35-44,6-10,no,Fair
15621063,516,France,Female,42,8,56228.25,1,yes,no,46857.52,no,no,35-44,6-10,yes,Poor
15661626,732,Germany,Female,45,6,98792.4,1,yes,no,81491.7,yes,no,35-44,6-10,yes,Good
15698703,628,Germany,Male,40,5,181768.32,2,yes,yes,129107.97,no,no,35-44,3-5,no,Fair
15801431,682,Spain,Female,48,9,101198.01,1,yes,yes,49732.9,no,no,45-54,6-10,no,Good
15649451,746,France,Male,25,9,0.0,2,no,yes,88728.47,no,yes,<25,6-10,no,Very Good
15626156,655,France,Female,60,3,0.0,2,yes,yes,86981.45,no,yes,55-64,3-5,no,Fair
15606158,644,France,Female,39,9,0.0,1,yes,no,3740.93,no,yes,35-44,6-10,yes,Fair
15589496,778,France,Male,34,5,139064.06,2,no,no,67949.32,no,no,25-34,3-5,no,Very Good
15730345,617,France,Female,35,2,104508.1,1,yes,yes,147636.46,no,no,25-34,1-2,no,Fair
15572038,660,Germany,Male,35,9,113948.58,1,yes,no,188891.96,yes,no,25-34,6-10,yes,Fair
15643439,537,France,Male,47,10,0.0,2,no,yes,25482.62,no,yes,45-54,6-10,no,Poor
15604158,554,France,Female,39,10,0.0,2,yes,yes,18391.93,no,yes,35-44,6-10,no,Poor
15657396,806,France,Male,31,9,0.0,2,no,yes,140168.36,no,yes,25-34,6-10,no,Excellent
15709478,611,Germany,Male,37,1,117524.72,2,no,yes,161064.29,no,no,35-44,1-2,no,Fair
15628824,665,France,Female,37,5,160389.82,1,no,yes,183542.08,no,no,35-44,3-5,no,Fair
15814519,648,France,Female,37,7,0.0,2,yes,no,194238.92,no,yes,35-44,6-10,no,Fair
15636520,692,France,Male,27,1,125547.53,1,no,no,7900.46,no,no,25-34,1-2,yes,Good
15794414,507,Spain,Male,46,6,92783.68,1,yes,yes,51424.29,no,no,45-54,6-10,no,Poor
15643671,696,Germany,Male,49,5,97036.22,2,yes,no,152450.84,yes,no,45-54,3-5,no,Good
15700650,681,France,Male,34,3,0.0,2,no,no,55816.2,no,yes,25-34,3-5,no,Good
15680224,687,France,Female,26,6,0.0,2,yes,yes,32909.13,no,yes,25-34,6-10,no,Good
15784286,641,Spain,Male,40,5,102145.13,1,yes,yes,100637.07,no,no,35-44,3-5,no,Fair
15693996,507,France,Female,33,1,113452.66,1,no,no,142911.99,no,no,25-34,1-2,yes,Poor
15764343,688,Spain,Female,46,8,155681.72,1,yes,no,26287.21,no,no,45-54,6-10,yes,Good
15704168,535,Germany,Male,38,8,127475.24,1,no,no,60775.76,yes,no,35-44,6-10,yes,Poor
15680197,701,France,Male,41,10,0.0,2,yes,yes,146257.77,no,yes,35-44,6-10,no,Good
15633729,488,France,Male,43,10,112751.13,1,yes,yes,28332.0,no,no,35-44,6-10,no,Poor
15577683,539,France,Female,29,4,0.0,2,yes,yes,100919.19,no,yes,25-34,3-5,no,Poor
15800746,674,France,Male,45,7,144889.18,1,yes,yes,102591.9,yes,no,35-44,6-10,no,Good
15788686,538,Spain,Male,40,8,0.0,2,yes,yes,25554.4,no,yes,35-44,6-10,no,Poor
15742798,829,France,Female,22,7,150126.44,1,yes,no,152107.93,yes,no,<25,6-10,yes,Excellent
15596647,768,France,Male,54,8,69712.74,1,yes,yes,69381.05,no,no,45-54,6-10,no,Very Good
15756070,585,Spain,Female,44,4,0.0,2,no,yes,101728.46,no,yes,35-44,3-5,no,Fair
15775116,581,France,Male,31,3,0.0,2,no,no,89040.61,no,yes,25-34,3-5,no,Fair
15575428,682,Germany,Female,35,2,117438.92,2,yes,yes,16910.98,no,no,25-34,1-2,no,Good
15654074,653,France,Male,38,8,119315.75,1,yes,no,150468.35,no,no,35-44,6-10,yes,Fair
15695872,712,France,Female,30,1,89571.59,1,yes,yes,177613.19,no,no,25-34,1-2,no,Good
15568885,620,Germany,Female,34,8,102251.57,1,yes,no,120672.09,no,no,25-34,6-10,yes,Fair
15725036,709,France,Male,42,9,118546.71,1,no,yes,77142.85,no,no,35-44,6-10,no,Good
15632665,832,France,Male,61,2,0.0,1,no,yes,127804.66,yes,yes,55-64,1-2,no,Excellent
15571476,635,Spain,Male,38,0,103257.14,1,no,no,158344.63,no,no,35-44,0,yes,Fair
15776850,749,Spain,Female,43,1,124209.02,1,yes,yes,167179.48,no,no,35-44,1-2,no,Very Good
15623649,629,Spain,Male,32,3,0.0,2,yes,yes,15404.64,no,yes,25-34,3-5,no,Fair
15751131,836,Spain,Female,41,7,150302.84,1,yes,yes,156036.19,no,no,35-44,6-10,no,Excellent
15688128,542,Spain,Male,34,8,108653.93,1,no,yes,144725.14,no,no,25-34,6-10,no,Poor
15678412,645,France,Female,45,8,85325.93,1,no,no,22558.74,no,no,35-44,6-10,yes,Fair
15770291,844,France,Female,29,8,0.0,2,no,no,147342.03,no,yes,25-34,6-10,no,Excellent
15583392,747,Germany,Male,37,9,135776.36,3,yes,no,85470.45,yes,no,35-44,6-10,no,Very Good
15690731,645,France,Male,40,6,131411.24,1,yes,yes,194656.11,no,no,35-44,6-10,no,Fair
15697948,752,Spain,Female,36,3,0.0,2,yes,yes,48505.1,no,yes,35-44,3-5,no,Very Good
15608328,760,Spain,Female,41,6,0.0,2,no,no,101491.23,no,yes,35-44,6-10,no,Very Good
15766378,714,Germany,Female,45,9,106431.97,2,yes,yes,164117.69,no,no,35-44,6-10,no,Good
15600813,717,France,Male,50,9,90305.76,1,yes,yes,124626.57,no,no,45-54,6-10,no,Good
15706217,645,Germany,Male,28,7,117466.03,2,yes,yes,34490.06,no,no,25-34,6-10,no,Fair
15601417,681,France,Male,32,3,148884.47,2,yes,yes,90967.37,no,no,25-34,3-5,no,Good
15610972,681,Germany,Female,44,4,91115.76,2,no,no,24208.84,yes,no,35-44,3-5,no,Good
15674620,679,Germany,Female,37,8,77373.87,2,no,yes,174873.09,no,no,35-44,6-10,no,Good
15785350,528,Spain,Male,23,7,104744.89,1,yes,no,170262.97,no,no,<25,6-10,yes,Poor
15749119,710,France,Female,31,3,0.0,2,yes,yes,112289.06,no,yes,25-34,3-5,no,Good
15756535,733,Germany,Male,39,5,91538.51,1,yes,yes,93783.0,no,no,35-44,3-5,no,Good
15700965,724,France,Female,32,6,0.0,2,yes,yes,150026.79,no,yes,25-34,6-10,no,Good
15791851,726,France,Female,34,0,185734.75,1,yes,yes,102036.82,no,no,25-34,0,no,Good
15717156,520,France,Male,30,3,143396.54,2,yes,yes,898.51,no,no,25-34,3-5,no,Poor
15740846,556,France,Male,40,5,125909.85,1,yes,yes,95124.4,no,no,35-44,3-5,no,Poor
15573284,579,France,Female,45,2,0.0,2,no,no,11514.39,no,yes,35-44,1-2,no,Poor
15729083,674,France,Male,36,2,154525.7,1,no,yes,27468.72,no,no,35-44,1-2,no,Good
15611612,570,France,Female,29,0,0.0,1,yes,no,37092.43,no,yes,25-34,0,yes,Poor
15694381,631,France,Male,51,8,100654.8,1,yes,no,171587.9,no,no,45-54,6-10,yes,Fair
15651737,623,Spain,Male,44,1,83325.77,1,no,yes,80828.78,no,no,35-44,1-2,no,Fair
15663168,665,France,Male,35,8,110934.54,1,yes,no,169287.99,no,no,25-34,6-10,yes,Fair
15643426,523,Spain,Female,36,8,113680.54,1,no,no,13197.44,no,no,35-44,6-10,yes,Poor
15618245,706,Germany,Male,31,1,117020.08,2,yes,no,54439.53,no,no,25-34,1-2,no,Good
15717527,619,France,Female,49,9,145359.99,1,yes,no,38186.85,no,no,45-54,6-10,yes,Fair
15793478,593,Germany,Female,39,8,151391.68,1,yes,no,27274.6,yes,no,35-44,6-10,yes,Fair
15642248,608,Spain,Male,66,8,123935.35,1,yes,yes,65758.19,no,no,65+,6-10,no,Fair
15640377,526,France,Female,36,0,0.0,2,yes,no,97767.63,no,yes,35-44,0,no,Poor
15723950,684,Spain,Male,40,2,70291.02,1,yes,yes,115468.84,yes,no,35-44,1-2,no,Good
15590327,604,Germany,Female,42,10,166031.45,1,yes,no,98293.14,no,no,35-44,6-10,yes,Fair
15706199,636,Germany,Male,36,6,96643.32,1,no,no,182059.28,no,no,35-44,6-10,yes,Fair
15671514,669,Spain,Female,33,8,0.0,2,no,yes,128538.05,no,yes,25-34,6-10,no,Fair
15727041,624,France,Male,71,7,0.0,2,yes,yes,108841.83,no,yes,65+,6-10,no,Fair
15738063,631,France,Male,29,2,0.0,2,yes,yes,18581.84,no,yes,25-34,1-2,no,Fair
15711733,753,France,Male,48,4,0.0,2,no,yes,146821.42,no,yes,45-54,3-5,no,Very Good
15652320,588,France,Male,40,5,0.0,2,no,no,100727.68,no,yes,35-44,3-5,no,Fair
15634180,729,Germany,Male,26,4,97268.1,2,yes,no,39356.38,no,no,25-34,3-5,no,Good
15694566,602,France,Female,42,10,0.0,2,no,no,169921.11,yes,yes,35-44,6-10,no,Fair
15726103,689,Germany,Female,55,1,76296.81,1,yes,no,42364.75,yes,no,45-54,1-2,yes,Good
15646351,486,Spain,Male,27,7,0.0,2,yes,no,28823.04,no,yes,25-34,6-10,no,Poor
15730044,809,Germany,Female,42,6,64497.94,3,no,yes,182436.81,yes,no,35-44,6-10,no,Excellent
15795186,562,France,Male,38,5,0.0,1,yes,no,115700.2,no,yes,35-44,3-5,yes,Poor
15784890,763,Spain,Female,32,8,0.0,2,yes,no,16725.53,no,yes,25-34,6-10,no,Very Good
15694125,669,France,Male,57,5,0.0,2,yes,yes,56875.76,no,yes,55-64,3-5,no,Fair
15565891,709,France,Male,39,8,0.0,2,yes,no,56214.09,no,yes,35-44,6-10,no,Good
15674254,554,Spain,Female,45,4,0.0,2,yes,yes,193412.05,no,yes,35-44,3-5,no,Poor
15775206,699,France,Male,37,10,0.0,2,no,no,83263.04,no,yes,35-44,6-10,no,Good
15797627,732,Spain,Male,54,0,134249.7,1,no,yes,13404.4,no,no,45-54,0,no,Good
15649853,625,France,Female,45,3,0.0,1,yes,yes,184474.15,yes,yes,35-44,3-5,no,Fair
15610379,599,France,Male,30,9,105443.68,1,yes,yes,121124.53,no,no,25-34,6-10,no,Fair
15659800,584,Spain,Female,50,1,0.0,1,no,yes,152567.75,yes,yes,45-54,1-2,no,Fair
15716236,499,France,Male,35,10,0.0,2,yes,no,10722.54,no,yes,25-34,6-10,no,Poor
15672053,526,Spain,Male,38,2,0.0,2,no,no,58010.98,no,yes,35-44,1-2,no,Poor
15663933,625,Germany,Female,35,5,86147.46,2,yes,no,163440.8,yes,no,25-34,3-5,no,Fair
15814236,537,Spain,Female,38,1,96939.06,1,yes,yes,102606.92,no,no,35-44,1-2,no,Poor
15583597,696,Spain,Male,47,1,106758.6,1,yes,yes,80591.18,no,no,45-54,1-2,no,Good
15607395,679,France,Female,33,9,112528.65,2,yes,no,177362.45,no,no,25-34,6-10,no,Good
15694556,684,France,Male,60,2,116563.58,1,yes,no,120257.7,yes,no,55-64,1-2,yes,Good
15744109,850,France,Male,32,4,0.0,1,yes,yes,180622.02,no,yes,25-34,3-5,no,Excellent
15800688,495,Spain,Female,42,7,0.0,2,no,no,130404.53,no,yes,35-44,6-10,no,Poor
15810878,537,Spain,Female,38,6,141786.78,1,no,yes,147797.54,no,no,35-44,6-10,no,Poor
15587835,850,France,Male,41,3,136416.82,1,no,yes,57844.26,no,no,35-44,3-5,no,Excellent
15763515,513,France,Male,30,5,0.0,2,yes,no,162523.66,no,yes,25-34,3-5,no,Poor
15725882,618,Germany,Female,40,1,133245.52,2,yes,yes,54495.82,no,no,35-44,1-2,no,Fair
15788022,802,Germany,Female,41,4,90757.64,2,no,yes,169183.66,no,no,35-44,3-5,no,Excellent
15663917,547,France,Male,43,1,92350.36,1,no,yes,80262.91,no,no,35-44,1-2,no,Poor
15656865,613,Germany,Male,69,9,78778.49,1,no,yes,8751.59,no,no,65+,6-10,no,Fair
15667971,592,Germany,Female,34,6,102143.93,2,yes,yes,102628.98,no,no,25-34,6-10,no,Fair
15800366,546,France,Male,29,5,0.0,1,yes,yes,94823.95,no,yes,25-34,3-5,no,Poor
15717231,721,Germany,Male,37,4,98459.6,1,no,no,90821.66,no,no,35-44,3-5,yes,Good
15643188,671,Germany,Female,47,7,114603.76,2,yes,no,153194.32,yes,no,45-54,6-10,no,Good
15671351,624,Spain,Male,35,2,0.0,2,yes,no,87310.59,no,yes,25-34,1-2,no,Fair
15573628,751,Germany,Female,51,7,148074.79,1,yes,no,146411.41,yes,no,45-54,6-10,yes,Very Good
15698953,636,Spain,Male,36,1,0.0,3,yes,yes,74048.1,yes,yes,35-44,1-2,no,Fair
15753888,607,Spain,Female,62,8,108004.64,1,yes,yes,23386.77,yes,no,55-64,6-10,no,Fair
15737961,509,Germany,Female,29,0,107712.57,2,yes,yes,92898.17,no,no,25-34,0,no,Poor
15801701,653,Spain,Male,35,9,0.0,2,yes,yes,45956.05,no,yes,25-34,6-10,no,Fair
15684419,709,Spain,Female,37,8,0.0,3,yes,no,71738.56,no,yes,35-44,6-10,no,Good
15794266,559,France,Male,32,9,145303.52,1,yes,no,103560.98,no,no,25-34,6-10,yes,Poor
15810711,684,Germany,Male,37,4,138476.41,2,yes,yes,52367.29,no,no,35-44,3-5,no,Good
15771270,635,France,Female,27,8,127471.56,1,yes,yes,152916.05,yes,no,25-34,6-10,no,Fair
15607786,709,France,Male,26,6,156551.63,1,no,yes,4410.77,no,no,25-34,6-10,no,Good
15624519,656,Germany,Female,49,9,97092.87,1,yes,no,74771.22,yes,no,45-54,6-10,yes,Fair
15799910,793,France,Male,32,2,0.0,2,yes,no,193817.63,yes,yes,25-34,1-2,no,Very Good
15602479,609,Spain,Male,37,5,129312.79,1,yes,yes,26793.82,no,no,35-44,3-5,no,Fair
15617419,618,Germany,Female,29,10,100315.1,2,yes,yes,32526.64,no,no,25-34,6-10,no,Fair
15657603,850,France,Female,35,6,81684.97,1,yes,no,824.0,no,no,25-34,6-10,yes,Excellent
15570379,669,Spain,Male,51,3,88827.53,1,no,no,85250.77,yes,no,45-54,3-5,yes,Fair
15772996,594,Germany,Male,40,0,152092.44,2,yes,yes,83508.93,no,no,35-44,0,no,Fair
15729574,616,Spain,Male,71,4,0.0,2,yes,yes,173599.38,no,yes,65+,3-5,no,Fair
15737267,676,France,Female,49,1,0.0,1,yes,no,79342.31,yes,yes,45-54,1-2,yes,Good
15799128,608,Spain,Female,38,9,102406.76,1,no,yes,57600.66,no,no,35-44,6-10,no,Fair
15813327,710,France,Male,21,4,109130.96,2,yes,yes,56191.99,no,no,<25,3-5,no,Good
15711921,695,France,Male,29,5,0.0,2,yes,yes,6770.44,no,yes,25-34,3-5,no,Good
15654300,530,Germany,Male,33,9,75242.28,1,no,yes,101694.67,no,no,25-34,6-10,no,Poor
15569945,509,Spain,Male,29,1,0.0,2,yes,no,69113.14,no,yes,25-34,1-2,no,Poor
15569666,517,France,Female,45,4,0.0,1,no,no,172674.36,yes,yes,35-44,3-5,yes,Poor
15681887,758,Germany,Male,33,0,129142.54,2,yes,yes,26606.28,no,no,25-34,0,no,Very Good
15608873,665,France,Male,51,2,0.0,1,no,no,53353.36,no,yes,45-54,1-2,yes,Fair
15762091,631,Germany,Female,22,6,139129.92,1,yes,yes,63747.51,no,no,<25,6-10,no,Fair
15722053,576,Spain,Male,33,3,0.0,2,no,yes,190112.05,no,yes,25-34,3-5,no,Poor
15782100,544,Spain,Male,22,3,66483.32,1,no,yes,110317.39,no,no,<25,3-5,no,Poor
15765300,596,Germany,Male,40,5,62389.03,3,yes,no,148623.43,yes,no,35-44,3-5,no,Fair
15743570,481,France,Female,34,5,0.0,2,yes,yes,125253.46,no,yes,25-34,3-5,no,Poor
15608541,498,France,Male,46,1,91857.66,1,yes,no,101954.78,yes,no,45-54,1-2,yes,Poor
15750671,512,Spain,Male,31,6,0.0,2,yes,no,168462.26,no,yes,25-34,6-10,no,Poor
15813659,594,France,Female,56,7,0.0,1,yes,no,26215.85,yes,yes,55-64,6-10,yes,Fair
15757867,570,France,Female,30,10,176173.52,1,yes,no,97045.32,yes,no,25-34,6-10,yes,Poor
15652914,721,Spain,Male,38,7,0.0,1,no,yes,53534.8,no,yes,35-44,6-10,no,Good
15723818,453,France,Female,37,4,131834.76,2,yes,no,8949.2,no,no,35-44,3-5,no,Poor
15713819,562,France,Male,48,3,92347.96,1,yes,yes,163116.75,no,no,45-54,3-5,no,Poor
15656484,682,France,Male,40,4,0.0,2,yes,yes,140745.91,no,yes,35-44,3-5,no,Good
15778515,748,France,Male,40,3,95297.11,1,no,no,171515.84,no,no,35-44,3-5,yes,Very Good
15803840,729,France,Female,32,9,0.0,2,no,no,150803.44,no,yes,25-34,6-10,no,Good
15735339,663,France,Male,39,4,0.0,1,yes,no,76884.05,no,yes,35-44,3-5,yes,Fair
15600392,735,France,Female,53,8,123845.36,2,no,yes,170454.93,yes,no,45-54,6-10,no,Good
15625740,627,Germany,Male,62,3,143426.34,2,yes,yes,143104.3,no,no,55-64,3-5,no,Fair
15663817,713,France,Male,46,5,0.0,1,yes,yes,55701.62,no,yes,45-54,3-5,no,Good
15734461,562,Germany,Male,31,2,112708.2,1,no,yes,186370.3,no,no,25-34,1-2,no,Poor
15780142,632,France,Male,43,2,100013.51,1,yes,no,24275.32,no,no,35-44,1-2,yes,Fair
15709920,479,France,Female,33,2,208165.53,1,no,no,50774.81,yes,no,25-34,1-2,yes,Poor
15684248,658,Spain,Male,21,7,0.0,2,no,yes,154279.87,no,yes,<25,6-10,no,Fair
15643158,598,France,Female,40,9,0.0,1,yes,no,68462.59,yes,yes,35-44,6-10,yes,Fair
15693902,597,France,Male,19,2,0.0,2,yes,yes,91036.74,no,yes,<25,1-2,no,Fair
15578307,512,France,Female,33,6,121685.31,2,yes,yes,83681.97,no,no,25-34,6-10,no,Poor
15585379,704,France,Male,39,2,111525.02,1,yes,no,199484.96,no,no,35-44,1-2,yes,Good
15758510,474,France,Male,26,6,0.0,2,no,no,152491.22,no,yes,25-34,6-10,no,Poor
15692918,604,Germany,Male,36,10,113546.3,1,yes,yes,134875.37,no,no,35-44,6-10,no,Fair
15705301,683,France,Male,41,6,95696.52,2,yes,yes,184366.14,no,no,35-44,6-10,no,Good
15718231,537,France,Male,28,0,88963.31,2,yes,yes,189839.93,no,no,25-34,0,no,Poor
15567991,794,Spain,Male,31,0,144880.34,2,no,yes,175643.44,no,no,25-34,0,no,Very Good
15772650,732,France,Male,55,9,136576.02,1,no,yes,3268.17,yes,no,45-54,6-10,no,Good
15574795,495,France,Female,38,2,63093.01,1,yes,yes,47089.72,no,no,35-44,1-2,no,Poor
15706036,552,Germany,Male,38,10,132271.12,2,yes,yes,46562.02,no,no,35-44,6-10,no,Poor
15723856,602,France,Female,29,3,88814.4,2,yes,yes,62487.97,no,no,25-34,3-5,no,Fair
15812920,607,Germany,Male,40,5,90594.55,1,no,yes,181598.25,no,no,35-44,3-5,no,Fair
15691287,675,Germany,Female,33,0,141816.25,1,yes,no,64815.05,yes,no,25-34,0,yes,Good
15804797,443,France,Female,54,3,138547.97,1,yes,yes,70196.23,yes,no,45-54,3-5,no,Poor
15708650,727,France,Female,31,2,52192.08,2,no,yes,160383.47,no,no,25-34,1-2,no,Good
15712777,482,France,Male,38,4,124976.19,1,yes,no,35848.12,no,no,35-44,3-5,yes,Poor
15786469,686,France,Female,34,1,0.0,2,yes,no,87278.48,no,yes,25-34,1-2,no,Good
15669219,588,Germany,Male,35,3,104356.38,1,yes,no,94498.82,no,no,25-34,3-5,yes,Fair
15641004,605,Spain,Female,48,10,150315.92,1,no,yes,133486.36,no,no,45-54,6-10,no,Fair
15648067,583,France,Male,39,1,129299.28,2,yes,no,73107.6,no,no,35-44,1-2,no,Fair
15704014,738,Germany,Male,37,7,140950.92,2,yes,no,195333.98,no,no,35-44,6-10,no,Good
15645136,744,Spain,Male,30,1,128065.12,1,yes,no,121525.48,no,no,25-34,1-2,yes,Very Good
15709604,781,France,Male,23,2,107433.48,1,yes,no,173843.21,no,no,<25,1-2,yes,Very Good
15713637,699,France,Male,34,2,117468.67,1,yes,no,185227.42,no,no,25-34,1-2,yes,Good
15793901,639,France,Female,27,2,0.0,2,no,no,125244.18,no,yes,25-34,1-2,no,Fair
15569759,583,France,Female,27,4,0.0,3,yes,no,163113.41,no,yes,25-34,3-5,no,Fair
15712930,587,France,Male,42,1,0.0,1,no,no,123006.91,no,yes,35-44,1-2,yes,Fair
15586504,694,France,Male,40,9,0.0,2,yes,no,40463.03,no,yes,35-44,6-10,no,Good
15677317,570,France,Female,29,4,153040.03,1,yes,yes,131363.57,yes,no,25-34,3-5,no,Poor
15664270,692,Germany,Male,45,6,142084.04,4,yes,no,188305.85,yes,no,35-44,6-10,no,Good
15731519,511,France,Female,30,5,0.0,2,yes,no,143994.86,no,yes,25-34,3-5,no,Poor
15745623,788,France,Male,32,4,112079.58,1,no,no,89368.59,no,no,25-34,3-5,yes,Very Good
15813862,526,Spain,Male,66,7,132044.6,2,yes,yes,158365.89,no,no,65+,6-10,no,Poor
15641934,749,Spain,Female,46,9,66582.81,1,yes,no,78753.12,yes,no,45-54,6-10,yes,Very Good
15713043,691,France,Female,33,6,0.0,2,yes,yes,100408.31,no,yes,25-34,6-10,no,Good
15700749,481,France,Female,39,6,0.0,1,yes,yes,24677.54,no,yes,35-44,6-10,no,Poor
15697567,752,France,Male,33,4,0.0,2,yes,yes,39570.78,no,yes,25-34,3-5,no,Very Good
15715414,658,France,Female,38,6,102895.1,1,no,no,155665.76,no,no,35-44,6-10,yes,Fair
15639530,679,Spain,Male,42,2,0.0,1,yes,yes,168294.27,no,yes,35-44,1-2,no,Good
15726058,754,Germany,Male,27,7,117578.35,2,no,yes,87908.01,no,no,25-34,6-10,no,Very Good
15725665,679,France,Male,47,10,198546.1,2,yes,no,191198.92,yes,no,45-54,6-10,no,Good
15698872,633,Spain,Female,39,2,0.0,2,no,no,191207.03,no,yes,35-44,1-2,no,Fair
15812184,674,France,Female,31,1,0.0,1,yes,no,128954.05,no,yes,25-34,1-2,yes,Good
15742609,600,Germany,Male,28,2,116623.31,1,no,yes,59905.29,no,no,25-34,1-2,no,Fair
15815043,645,Spain,Male,49,8,0.0,2,yes,no,162012.6,no,yes,45-54,6-10,no,Fair
15640648,698,France,Male,36,6,0.0,2,no,yes,19231.98,no,yes,35-44,6-10,no,Good
15627203,508,Spain,Male,54,10,0.0,1,yes,yes,175749.36,no,yes,45-54,6-10,no,Poor
15786196,555,France,Female,44,3,105770.7,3,yes,no,60533.96,yes,no,35-44,3-5,no,Poor
15612095,751,France,Female,48,9,0.0,1,yes,no,137508.42,yes,yes,45-54,6-10,yes,Very Good
15674368,738,France,Female,39,1,94435.45,2,no,yes,189430.86,no,no,35-44,1-2,no,Good
15783477,706,Germany,Female,39,8,112889.91,1,no,yes,6723.66,no,no,35-44,6-10,no,Good
15757559,595,France,Female,53,7,0.0,2,yes,no,41371.68,yes,yes,45-54,6-10,no,Fair
15591036,577,Germany,Female,43,3,127940.47,1,no,no,125140.72,yes,no,35-44,3-5,yes,Poor
15761241,578,Germany,Female,36,8,129745.1,1,yes,yes,143683.75,no,no,35-44,6-10,no,Poor
15695078,699,France,Male,32,3,0.0,2,yes,yes,170770.44,no,yes,25-34,3-5,no,Good
15645744,826,France,Female,30,5,0.0,2,no,yes,157397.57,no,yes,25-34,3-5,no,Excellent
15566988,656,Germany,Female,46,7,141535.52,1,yes,no,50595.15,yes,no,45-54,6-10,yes,Fair
15749300,556,France,Female,47,2,139914.27,1,yes,yes,50390.98,no,no,45-54,1-2,no,Poor
15594340,569,France,Male,41,4,120243.49,1,yes,no,163150.03,yes,no,35-44,3-5,yes,Poor
15607065,765,France,Male,34,9,91835.16,1,no,no,138280.17,no,no,25-34,6-10,yes,Very Good
15778089,544,Spain,Male,37,2,0.0,2,no,no,135067.02,no,yes,35-44,1-2,no,Poor
15773723,588,Spain,Female,22,9,67178.19,1,yes,yes,163534.75,yes,no,<25,6-10,no,Fair
15697035,740,Spain,Female,31,8,0.0,2,no,no,86657.48,no,yes,25-34,6-10,no,Good
15679668,850,Spain,Male,38,7,115378.94,1,no,yes,162087.82,no,no,35-44,6-10,no,Excellent
15709861,766,Germany,Male,30,4,127786.28,2,yes,yes,28879.3,no,no,25-34,3-5,no,Very Good
15791958,849,France,Female,41,6,0.0,2,yes,yes,169203.51,yes,yes,35-44,6-10,no,Excellent
15791030,612,France,Female,33,0,64900.32,2,yes,no,102426.12,no,no,25-34,0,no,Fair
15695339,517,Germany,Male,53,0,109172.88,1,yes,no,54676.1,yes,no,45-54,0,yes,Poor
15658813,645,France,Female,55,7,0.0,2,yes,yes,18369.33,no,yes,45-54,6-10,no,Fair
15715709,696,Germany,Male,43,4,114091.38,1,no,yes,159888.1,no,no,35-44,3-5,no,Good
15722533,716,France,Female,40,3,0.0,2,no,yes,167636.15,no,yes,35-44,3-5,no,Good
15683118,590,France,Male,32,9,0.0,2,yes,no,138889.15,no,yes,25-34,6-10,no,Fair
15672798,656,France,Female,45,7,145933.27,1,yes,yes,199392.14,no,no,35-44,6-10,no,Fair
15680112,473,Germany,Female,35,7,131504.73,1,yes,no,189560.43,no,no,25-34,6-10,yes,Poor
15714575,742,Germany,Female,44,8,107926.02,1,no,yes,17375.27,yes,no,35-44,6-10,no,Very Good
15806808,834,Germany,Female,57,8,112281.6,3,yes,no,140225.14,yes,no,55-64,6-10,no,Excellent
15590637,721,France,Male,41,7,0.0,2,no,yes,61018.85,no,yes,35-44,6-10,no,Good
15657535,590,Spain,Male,29,10,0.0,1,yes,yes,51907.72,yes,yes,25-34,6-10,no,Fair
15696141,516,Spain,Female,31,7,0.0,1,yes,no,47018.75,no,yes,25-34,6-10,yes,Poor
15811947,850,France,Male,33,0,124781.67,1,no,yes,33700.52,no,no,25-34,0,no,Excellent
15649024,748,France,Female,39,9,132865.56,1,yes,yes,59636.43,yes,no,35-44,6-10,no,Very Good
15594928,798,Germany,Female,38,4,129055.13,1,yes,no,157147.59,no,no,35-44,3-5,yes,Very Good
15765532,612,Germany,Male,76,6,96166.88,1,yes,yes,191393.26,no,no,65+,6-10,no,Fair
15741719,540,France,Female,40,3,165298.12,1,no,yes,199862.75,no,no,35-44,3-5,no,Poor
15665629,719,Spain,Female,33,7,0.0,2,yes,no,20016.59,no,yes,25-34,6-10,no,Good
15728917,598,France,Male,48,6,120682.53,1,yes,no,30635.52,yes,no,45-54,6-10,yes,Fair
15762993,796,Spain,Male,32,5,102773.15,2,no,yes,117832.88,no,no,25-34,3-5,no,Very Good
15571193,579,Germany,Male,42,0,144386.32,1,yes,yes,22497.1,yes,no,35-44,0,no,Poor
15653521,850,Germany,Female,40,7,104449.8,1,yes,yes,747.88,no,no,35-44,6-10,no,Excellent
15802220,599,Spain,Male,35,6,137102.65,1,no,no,76870.81,no,no,25-34,6-10,yes,Fair
15644132,724,France,Female,30,9,142475.87,1,yes,yes,107848.24,no,no,25-34,6-10,no,Good
15600832,508,France,Female,43,9,0.0,1,yes,no,103726.71,no,yes,35-44,6-10,yes,Poor
15797919,773,Spain,Male,37,2,103195.2,2,yes,no,178268.36,no,no,35-44,1-2,no,Very Good
15603743,526,France,Male,28,1,112070.44,1,no,yes,126281.83,no,no,25-34,1-2,no,Poor
15579714,542,France,Female,29,7,0.0,2,no,yes,196651.72,no,yes,25-34,6-10,no,Poor
15634295,470,France,Male,35,1,96473.59,1,no,no,5962.3,no,no,25-34,1-2,yes,Poor
15786680,805,Spain,Male,37,5,0.0,2,yes,no,21928.81,no,yes,35-44,3-5,no,Excellent
15623499,548,Germany,Male,49,9,108437.89,1,no,no,127022.87,yes,no,45-54,6-10,yes,Poor
15691823,672,France,Male,37,5,153195.59,1,yes,yes,162763.01,no,no,35-44,3-5,no,Good
15809279,773,France,Male,45,8,96877.21,1,yes,yes,113950.51,no,no,35-44,6-10,no,Very Good
15758039,614,France,Male,44,6,0.0,2,no,yes,104930.46,no,yes,35-44,6-10,no,Fair
15807163,537,France,Female,38,10,0.0,1,no,no,52337.97,yes,yes,35-44,6-10,yes,Poor
15631639,704,France,Female,40,6,95452.89,1,no,yes,179964.55,no,no,35-44,6-10,no,Good
15713770,586,Spain,Male,41,3,63873.56,1,yes,no,83753.64,no,no,35-44,3-5,yes,Fair
15698167,677,France,Female,24,0,148298.59,2,no,no,182913.95,no,no,<25,0,no,Good
15781710,558,Spain,Female,31,7,0.0,2,yes,no,166720.28,no,yes,25-34,6-10,no,Poor
15801296,634,Germany,Female,37,7,143258.85,2,yes,no,192721.98,no,no,35-44,6-10,no,Fair
15704378,655,Germany,Male,37,9,121342.24,1,yes,yes,180241.44,no,no,35-44,6-10,no,Fair
15767891,619,Germany,Female,28,6,99152.73,2,yes,no,48475.12,no,no,25-34,6-10,no,Fair
15640667,662,France,Female,41,4,0.0,2,yes,no,126551.48,no,yes,35-44,3-5,no,Fair
15702145,705,Spain,Male,33,7,68423.89,1,yes,yes,64872.55,no,no,25-34,6-10,no,Good
15679738,527,Spain,Female,35,8,0.0,1,yes,no,98031.53,yes,yes,25-34,6-10,yes,Poor
15636634,630,Germany,Female,25,7,79656.81,1,yes,no,93524.22,no,no,<25,6-10,yes,Fair
15809227,850,France,Male,35,2,0.0,2,yes,yes,56991.66,no,yes,25-34,1-2,no,Excellent
15601811,668,France,Female,53,10,110240.04,1,no,no,183980.56,yes,no,45-54,6-10,yes,Fair
15625494,573,France,Female,32,9,125321.84,2,yes,yes,130234.63,no,no,25-34,6-10,no,Poor
15723737,680,France,Male,27,3,0.0,1,yes,no,32454.26,no,yes,25-34,3-5,yes,Good
15682955,758,France,Female,32,2,84378.9,1,yes,yes,75396.43,no,no,25-34,1-2,no,Very Good
15758856,597,France,Male,45,7,0.0,2,no,no,167756.45,no,yes,35-44,6-10,no,Fair
15746065,580,Germany,Male,35,10,136281.41,2,yes,yes,24799.47,no,no,25-34,6-10,no,Poor
15783865,622,France,Male,59,5,119380.37,1,yes,yes,60429.43,no,no,55-64,3-5,no,Fair
15745455,638,Germany,Male,62,4,108716.59,2,yes,yes,74241.09,no,no,55-64,3-5,no,Fair
15583033,640,France,Female,20,4,0.0,2,no,yes,78310.82,no,yes,<25,3-5,no,Fair
15644212,644,Spain,Male,28,0,0.0,2,yes,no,119419.37,no,yes,25-34,0,no,Fair
15735688,753,France,Female,31,6,106596.29,1,no,no,91305.77,no,no,25-34,6-10,yes,Very Good
15658577,629,France,Female,37,10,99546.25,3,no,yes,25136.95,yes,no,35-44,6-10,no,Fair
15606887,775,France,Female,30,5,0.0,1,yes,no,193880.6,yes,yes,25-34,3-5,yes,Very Good
15783026,701,France,Female,41,2,0.0,1,yes,no,47856.78,no,yes,35-44,1-2,yes,Good
15579892,708,Spain,Male,19,7,112615.86,1,yes,yes,4491.77,no,no,<25,6-10,no,Good
15802088,521,Spain,Female,22,10,0.0,1,yes,yes,101311.95,no,yes,<25,6-10,no,Poor
15589323,636,France,Female,24,9,0.0,2,no,yes,38830.72,no,yes,<25,6-10,no,Fair
15636395,529,France,Female,31,5,0.0,2,yes,no,26817.23,no,yes,25-34,3-5,no,Poor
15712772,757,France,Male,28,3,75381.15,1,yes,yes,199727.72,no,no,25-34,3-5,no,Very Good
15700937,767,Spain,Female,24,5,0.0,2,yes,yes,67445.85,no,yes,<25,3-5,no,Very Good
15766659,525,Spain,Male,33,5,0.0,2,yes,no,161002.29,no,yes,25-34,3-5,no,Poor
15814033,759,Spain,Male,38,1,0.0,2,yes,no,20778.39,no,yes,35-44,1-2,no,Very Good
15783007,520,Germany,Female,45,1,123086.39,1,yes,yes,41042.4,yes,no,35-44,1-2,no,Poor
15654183,738,France,Female,26,3,0.0,2,yes,no,67484.16,no,yes,25-34,3-5,no,Good
15609899,548,Spain,Male,37,4,0.0,1,yes,no,121763.68,no,yes,35-44,3-5,yes,Poor
15747323,535,Spain,Male,48,9,109472.47,1,yes,no,157358.43,yes,no,45-54,6-10,yes,Poor
15582591,615,Spain,Male,59,4,155766.05,1,yes,yes,110275.17,no,no,55-64,3-5,no,Fair
15738835,850,Germany,Male,38,7,101985.81,2,no,no,43801.27,no,no,35-44,6-10,no,Excellent
15782404,487,France,Female,34,2,96019.5,1,no,no,9085.0,no,no,25-34,1-2,yes,Poor
15697480,731,France,Male,30,7,0.0,2,no,yes,143086.09,no,yes,25-34,6-10,no,Good
15697045,726,Spain,Female,35,9,0.0,2,no,yes,100556.98,no,yes,25-34,6-10,no,Good
15781234,609,France,Female,35,2,147900.43,1,yes,no,140000.29,no,no,25-34,1-2,yes,Fair
15579891,714,France,Male,52,4,100755.66,1,yes,yes,186775.25,no,no,45-54,3-5,no,Good
15805690,694,Spain,Female,35,7,0.0,1,yes,no,133570.43,yes,yes,25-34,6-10,yes,Good
15612139,786,France,Female,33,0,83036.05,1,no,yes,154990.58,yes,no,25-34,0,no,Very Good
15568834,698,Spain,Male,27,6,125427.37,2,no,no,27654.44,no,no,25-34,6-10,no,Good
15709917,601,France,Female,46,3,98202.76,1,no,no,137763.93,no,no,45-54,3-5,yes,Fair
15718843,769,Spain,Male,41,1,72509.91,1,yes,no,25723.73,no,no,35-44,1-2,yes,Very Good
15799494,850,Germany,Male,44,3,140393.65,2,no,yes,186285.52,no,no,35-44,3-5,no,Excellent
15673439,646,Spain,Female,50,5,142644.64,2,yes,yes,142208.5,yes,no,45-54,3-5,no,Fair
15669011,659,France,Female,44,9,23503.31,1,no,yes,169862.01,yes,no,35-44,6-10,no,Fair
15581388,487,Spain,Male,33,8,145729.71,1,yes,no,41365.85,no,no,25-34,6-10,yes,Poor
15743153,740,Germany,Female,40,2,122295.17,2,yes,yes,30812.84,no,no,35-44,1-2,no,Good
15579787,686,France,Male,39,4,0.0,2,yes,no,155023.93,no,yes,35-44,3-5,no,Good
15759966,612,Spain,Female,36,5,119799.27,2,yes,no,159416.58,no,no,35-44,3-5,no,Fair
15601045,655,Spain,Male,37,8,163708.58,2,no,no,76259.23,no,no,35-44,6-10,no,Fair
15764021,617,France,Male,34,1,61687.33,2,yes,no,105965.25,no,no,25-34,1-2,no,Fair
15687218,674,France,Female,27,4,79144.34,1,no,yes,50743.83,no,no,25-34,3-5,no,Good
15626452,711,Spain,Male,32,5,0.0,2,yes,yes,147720.27,no,yes,25-34,3-5,no,Good
15700964,624,Germany,Female,27,7,104848.68,1,yes,yes,167387.36,no,no,25-34,6-10,no,Fair
15768887,597,Spain,Male,26,5,0.0,2,no,yes,95159.13,no,yes,25-34,3-5,no,Fair
15735358,682,Spain,Male,46,4,0.0,1,yes,yes,4654.28,no,yes,45-54,3-5,no,Good
15749472,775,France,Male,45,8,0.0,1,yes,no,130376.68,no,yes,35-44,6-10,yes,Very Good
15685872,727,France,Female,29,1,146652.01,1,yes,yes,173486.39,no,no,25-34,1-2,no,Good
15760851,629,France,Male,31,6,0.0,2,yes,no,93881.75,no,yes,25-34,6-10,no,Fair
15734588,684,France,Male,46,0,0.0,2,yes,yes,36376.97,no,yes,45-54,0,no,Good
15784594,549,Germany,Female,37,1,130622.34,2,yes,yes,128499.94,no,no,35-44,1-2,no,Poor
15606435,593,Germany,Male,69,2,187013.13,2,no,yes,105898.69,no,no,65+,1-2,no,Fair
15790247,536,Spain,Male,40,9,0.0,2,yes,yes,11959.03,no,yes,35-44,6-10,no,Poor
15676433,707,France,Female,36,6,0.0,1,no,no,98810.78,no,yes,35-44,6-10,yes,Good
15625905,592,Spain,Male,41,0,0.0,2,yes,no,65906.07,no,yes,35-44,0,no,Fair
15626414,703,France,Male,44,6,98862.54,1,yes,no,151516.7,no,no,35-44,6-10,yes,Good
15623220,723,Spain,Female,45,4,0.0,2,yes,no,37214.39,no,yes,35-44,3-5,no,Good
15752857,452,Germany,Male,52,1,98443.14,2,no,no,92033.98,no,no,45-54,1-2,no,Poor
15677908,552,Spain,Male,42,4,0.0,2,no,no,195692.3,no,yes,35-44,3-5,no,Poor
15773013,633,France,Female,47,0,0.0,1,yes,yes,6342.84,yes,yes,45-54,0,no,Fair
15623972,479,Germany,Female,23,9,123575.51,1,no,yes,95148.28,no,no,<25,6-10,no,Poor
15738627,768,France,Male,25,6,0.0,2,yes,yes,21215.67,no,yes,<25,6-10,no,Very Good
15643392,742,France,Male,31,4,105239.1,1,yes,yes,19700.24,no,no,25-34,3-5,no,Very Good
15684868,668,Germany,Male,56,9,110993.79,1,yes,no,134396.64,yes,no,55-64,6-10,yes,Fair
15627854,707,Spain,Male,44,3,0.0,2,yes,yes,135077.01,no,yes,35-44,3-5,no,Good
15669253,754,Spain,Male,39,7,157691.98,2,yes,no,133600.89,yes,no,35-44,6-10,no,Very Good
15758023,544,Germany,Male,47,5,105245.21,1,no,no,99922.08,yes,no,45-54,3-5,yes,Poor
15574558,718,Spain,Male,32,8,0.0,2,yes,yes,41399.33,no,yes,25-34,6-10,no,Good
15635256,762,France,Male,31,7,117687.35,1,yes,yes,159344.43,no,no,25-34,6-10,no,Very Good
15680399,772,France,Male,23,2,0.0,2,yes,no,18364.19,no,yes,<25,1-2,no,Very Good
15674720,691,Germany,Female,37,7,123067.63,1,yes,yes,98162.44,yes,no,35-44,6-10,no,Good
15580249,502,France,Male,45,0,0.0,1,no,no,84663.21,no,yes,35-44,0,yes,Poor
15675431,563,France,Female,34,6,0.0,2,no,no,36536.93,no,yes,25-34,6-10,no,Poor
15698285,676,France,Female,41,4,101457.14,1,yes,yes,79101.67,no,no,35-44,3-5,no,Good
15810775,576,Spain,Male,52,2,100549.43,2,yes,yes,16644.16,no,no,45-54,1-2,no,Poor
15678173,629,Spain,Male,35,4,174588.8,2,no,yes,158420.14,no,no,25-34,3-5,no,Fair
15665222,625,Spain,Male,52,8,121161.57,1,yes,no,48988.28,no,no,45-54,6-10,yes,Fair
15803908,628,France,Male,45,9,0.0,2,yes,yes,96862.56,no,yes,35-44,6-10,no,Fair
15586039,471,Germany,Female,36,5,90063.74,2,yes,yes,96366.7,no,no,35-44,3-5,no,Poor
15802570,811,France,Female,45,5,0.0,2,yes,yes,146123.19,no,yes,35-44,3-5,no,Excellent
15781451,504,France,Male,42,3,134936.97,2,no,no,135178.91,no,no,35-44,3-5,no,Poor
15721019,687,France,Female,24,3,110495.27,1,yes,no,158615.41,no,no,<25,3-5,yes,Good
15738588,660,Germany,Female,37,2,133200.09,1,no,no,71433.88,no,no,35-44,1-2,yes,Fair
15730657,548,France,Female,41,4,82596.8,1,no,yes,55672.09,no,no,35-44,3-5,no,Poor
15739292,609,Germany,Male,31,9,103837.75,1,yes,yes,150218.11,no,no,25-34,6-10,no,Fair
15725945,659,Spain,Female,42,2,0.0,1,no,no,162734.31,yes,yes,35-44,1-2,yes,Fair
15813159,526,France,Male,52,8,93590.47,1,no,yes,21228.71,yes,no,45-54,6-10,no,Poor
15636820,725,Germany,Male,40,8,104149.66,1,yes,no,62027.9,no,no,35-44,6-10,yes,Good
15603880,519,Germany,Male,38,1,114141.64,1,yes,yes,60988.21,yes,no,35-44,1-2,no,Poor
15619494,562,Germany,Female,31,9,117153.0,1,yes,yes,108675.01,no,no,25-34,6-10,no,Poor
15596992,482,Germany,Male,45,7,156353.46,1,yes,no,72643.95,yes,no,35-44,6-10,yes,Poor
15735025,535,Spain,Male,37,3,175534.78,2,yes,yes,9241.52,no,no,35-44,3-5,no,Poor
15730759,561,France,Female,27,9,135637.0,1,yes,no,153080.4,yes,no,25-34,6-10,yes,Poor
15752912,661,France,Female,30,7,0.0,2,yes,no,72196.57,no,yes,25-34,6-10,no,Fair
15711316,771,France,Male,27,2,0.0,2,yes,yes,199527.34,no,yes,25-34,1-2,no,Very Good
15738785,545,France,Male,26,7,0.0,2,no,yes,156598.23,no,yes,25-34,6-10,no,Poor
15777896,850,Germany,Female,33,2,83415.04,1,no,yes,74917.64,no,no,25-34,1-2,no,Excellent
15628963,601,Germany,Male,43,3,141859.12,2,yes,yes,111249.62,no,no,35-44,3-5,no,Fair
15742126,712,Germany,Male,38,7,132767.66,2,yes,yes,59115.77,no,no,35-44,6-10,no,Good
15575623,589,France,Female,31,10,110635.32,1,yes,no,148218.86,no,no,25-34,6-10,yes,Fair
15741652,600,Spain,Male,37,8,177657.35,1,yes,yes,77142.32,no,no,35-44,6-10,no,Fair
15738884,642,Germany,Male,41,4,157777.58,1,yes,no,67484.6,no,no,35-44,3-5,yes,Fair
15615050,575,Germany,Male,47,9,107915.94,2,yes,yes,63452.18,yes,no,45-54,6-10,no,Poor
15803005,570,Germany,Female,57,5,86568.75,1,no,yes,103660.31,no,no,55-64,3-5,no,Poor
15743498,532,Germany,Male,52,9,137755.76,1,yes,no,163191.99,yes,no,45-54,6-10,yes,Poor
15720463,796,France,Male,30,2,137262.71,2,yes,no,62905.29,no,no,25-34,1-2,no,Very Good
15588695,833,Spain,Male,32,6,0.0,1,yes,yes,44323.22,yes,yes,25-34,6-10,no,Excellent
15665802,642,Spain,Female,36,6,0.0,2,yes,yes,97938.59,no,yes,35-44,6-10,no,Fair
15571144,655,France,Male,28,10,0.0,2,no,yes,126565.21,no,yes,25-34,6-10,no,Fair
15750731,736,Germany,Male,50,9,116309.01,1,yes,no,185360.4,yes,no,45-54,6-10,yes,Good
15605134,617,France,Female,34,0,131244.65,2,yes,no,183229.02,no,no,25-34,0,no,Fair
15626044,762,Germany,Male,28,3,125155.83,2,yes,yes,106024.02,no,no,25-34,3-5,no,Very Good
15737910,703,Germany,Male,35,5,140691.08,2,yes,no,167810.26,no,no,25-34,3-5,no,Good
15761076,507,France,Male,41,3,58820.32,2,yes,yes,138536.09,no,no,35-44,3-5,no,Poor
15710105,581,Germany,Female,26,3,105099.45,1,yes,yes,184520.0,yes,no,25-34,3-5,no,Fair
15577402,593,France,Male,31,9,0.0,2,no,yes,20492.16,no,yes,25-34,6-10,no,Fair
15803337,648,France,Male,23,9,168372.52,1,yes,no,134676.72,no,no,<25,6-10,yes,Fair
15654372,462,Germany,Male,34,1,94682.56,2,yes,no,138478.2,no,no,25-34,1-2,no,Poor
15585867,596,Spain,Male,36,2,0.0,2,no,yes,125557.95,no,yes,35-44,1-2,no,Fair
15662488,627,France,Female,44,5,0.0,2,yes,no,82969.61,yes,yes,35-44,3-5,no,Fair
15604813,494,France,Male,40,7,0.0,2,no,yes,158071.69,no,yes,35-44,6-10,no,Poor
15611644,627,France,Male,73,0,146329.73,1,no,yes,43615.67,no,no,65+,0,no,Fair
15674928,850,Spain,Male,37,2,0.0,2,yes,no,119969.99,no,yes,35-44,1-2,no,Excellent
15656100,632,France,Female,49,5,167962.7,1,no,no,140201.21,no,no,45-54,3-5,yes,Fair
15764293,490,France,Male,33,1,0.0,2,yes,yes,80792.83,no,yes,25-34,1-2,no,Poor
15636423,715,France,Male,40,7,0.0,1,yes,yes,141359.11,no,yes,35-44,6-10,no,Good
15607629,679,France,Male,48,8,0.0,2,yes,no,23344.94,no,yes,45-54,6-10,no,Good
15577313,619,France,Male,44,3,116967.68,1,yes,no,5075.17,yes,no,35-44,3-5,yes,Fair
15714493,465,Spain,Female,33,6,0.0,2,yes,yes,95500.98,no,yes,25-34,6-10,no,Poor
15643359,736,Spain,Male,32,7,0.0,1,no,yes,79082.62,no,yes,25-34,6-10,no,Good
15687913,501,Germany,Female,34,7,93244.42,1,no,yes,199805.63,no,no,25-34,6-10,no,Poor
15790935,535,France,Female,29,5,0.0,2,no,yes,52709.55,no,yes,25-34,3-5,no,Poor
15708693,759,France,Female,33,2,0.0,2,yes,no,56583.88,no,yes,25-34,1-2,no,Very Good
15672016,819,France,Male,35,1,0.0,2,no,yes,3385.04,no,yes,25-34,1-2,no,Excellent
15727605,533,Germany,Male,43,4,80442.06,2,no,yes,12537.42,no,no,35-44,3-5,no,Poor
15651144,632,Germany,Female,35,2,150561.03,2,no,no,64722.61,no,no,25-34,1-2,no,Fair
15749401,686,France,Male,60,9,0.0,3,yes,yes,75246.21,yes,yes,55-64,6-10,no,Good
15691874,687,France,Female,34,9,125474.44,1,yes,no,198929.84,no,no,25-34,6-10,yes,Good
15620735,667,Germany,Female,33,4,127076.68,2,yes,no,69011.66,no,no,25-34,3-5,no,Fair
15769781,699,Spain,Female,25,8,0.0,2,yes,yes,52404.47,no,yes,<25,6-10,no,Good
15624611,497,Spain,Male,37,8,128650.11,2,yes,yes,163641.53,no,no,35-44,6-10,no,Poor
15773071,780,Spain,Female,33,6,145580.61,1,yes,yes,154598.56,no,no,25-34,6-10,no,Very Good
15720371,652,France,Female,51,3,0.0,1,yes,no,173989.47,yes,yes,45-54,3-5,yes,Fair
15717984,477,France,Male,47,9,144900.58,1,yes,no,61315.37,yes,no,45-54,6-10,yes,Poor
15806407,652,France,Female,37,4,0.0,2,yes,no,143393.24,no,yes,35-44,3-5,no,Fair
15785042,488,France,Female,31,8,97588.6,1,no,no,124210.53,no,no,25-34,6-10,yes,Poor
15809302,572,France,Male,24,1,0.0,2,yes,yes,151460.84,no,yes,<25,1-2,no,Poor
15677550,755,France,Female,38,1,0.0,2,yes,no,20734.81,no,yes,35-44,1-2,no,Very Good
15654096,779,Germany,Female,24,10,122200.31,2,yes,no,43705.56,no,no,<25,6-10,no,Very Good
15617320,693,Spain,Female,46,3,151709.33,1,yes,no,180736.24,no,no,45-54,3-5,yes,Good
15653065,530,Spain,Female,22,7,0.0,2,yes,no,104170.48,no,yes,<25,6-10,no,Poor
15649112,738,Spain,Female,33,3,122134.4,2,no,yes,27867.59,no,no,25-34,3-5,no,Good
15690526,690,Germany,Male,31,2,137260.45,2,yes,no,55387.28,no,no,25-34,1-2,no,Good
15806945,611,France,Female,30,9,88594.14,1,yes,no,196332.45,no,no,25-34,6-10,yes,Fair
15670066,643,Spain,Male,34,6,0.0,2,yes,yes,116046.22,no,yes,25-34,6-10,no,Fair
15625761,632,Germany,Male,41,8,127205.32,4,yes,no,93874.87,yes,no,35-44,6-10,no,Fair
15761525,727,Spain,Female,31,10,96997.09,2,no,no,76614.04,no,no,25-34,6-10,no,Good
15735080,508,France,Female,64,2,0.0,1,yes,yes,6076.62,no,yes,55-64,1-2,no,Poor
15619537,550,France,Male,31,5,142200.19,2,yes,yes,122221.71,no,no,25-34,3-5,no,Poor
15598162,754,Germany,Female,39,3,160761.41,1,yes,yes,24156.03,no,no,35-44,3-5,no,Very Good
15694300,759,France,Male,26,4,0.0,2,yes,no,135394.62,no,yes,25-34,3-5,no,Very Good
15637235,794,Spain,Male,33,8,0.0,2,no,no,91340.02,no,yes,25-34,6-10,no,Very Good
15612444,549,France,Male,29,3,0.0,2,yes,no,146090.38,no,yes,25-34,3-5,no,Poor
15626457,671,France,Male,31,0,116234.61,1,yes,no,172096.08,no,no,25-34,0,yes,Good
15627995,756,Germany,Female,26,5,155143.52,1,no,yes,135034.57,yes,no,25-34,3-5,no,Very Good
15706128,632,France,Female,21,1,0.0,2,yes,no,84008.66,no,yes,<25,1-2,no,Fair
15666430,579,France,Male,38,8,0.0,2,no,no,91763.67,no,yes,35-44,6-10,no,Poor
15627385,748,France,Male,34,5,84009.47,1,yes,yes,137001.1,no,no,25-34,3-5,no,Very Good
15581323,488,Germany,Female,28,7,139246.22,2,yes,no,106799.49,no,no,25-34,6-10,no,Poor
15608109,710,Germany,Male,58,7,170113.0,2,no,yes,10494.64,no,no,55-64,6-10,no,Good
15801942,619,Spain,Female,41,8,0.0,3,yes,yes,79866.73,yes,yes,35-44,6-10,no,Fair
15567431,773,France,Male,64,2,145578.28,1,no,yes,186172.85,no,no,55-64,1-2,no,Very Good
15810167,657,Spain,Male,75,7,126273.95,1,no,yes,91673.6,no,no,65+,6-10,no,Fair
15644501,579,France,Female,26,10,162482.76,1,yes,yes,18458.2,no,no,25-34,6-10,no,Poor
15785290,542,France,Male,29,9,0.0,1,yes,no,8342.35,no,yes,25-34,6-10,yes,Poor
15611157,709,France,Female,32,2,87814.89,1,yes,no,138578.37,no,no,25-34,1-2,yes,Good
15673837,617,Spain,Male,61,3,113858.95,1,yes,yes,38129.22,no,no,55-64,3-5,no,Fair
15656822,568,Germany,Male,43,5,87612.64,4,yes,yes,107155.4,yes,no,35-44,3-5,no,Poor
15580560,769,France,Female,73,1,0.0,1,yes,yes,29792.11,no,yes,65+,1-2,no,Very Good
15760641,608,Germany,Male,26,1,106648.98,1,no,yes,7063.6,no,no,25-34,1-2,no,Fair
15587584,503,Spain,Male,31,4,0.0,2,yes,yes,21645.06,no,yes,25-34,3-5,no,Poor
15604146,608,Germany,Female,38,8,103653.51,2,yes,yes,137079.86,no,no,35-44,6-10,no,Fair
15813974,731,Germany,Male,37,3,116880.53,1,no,no,172718.35,yes,no,35-44,3-5,yes,Good
15746986,850,Germany,Female,40,4,97990.49,2,no,no,106691.02,no,no,35-44,3-5,no,Excellent
15759741,591,Germany,Female,34,4,150635.3,1,yes,yes,72274.84,no,no,25-34,3-5,no,Fair
15734892,579,Spain,Male,37,4,0.0,2,yes,yes,32246.63,no,yes,35-44,3-5,no,Poor
15797194,570,France,Male,39,10,129674.89,2,yes,no,80552.36,no,no,35-44,6-10,no,Poor
15723786,709,France,Female,37,9,0.0,2,yes,no,16733.59,no,yes,35-44,6-10,no,Good
15642726,611,France,Male,53,3,83568.26,1,no,no,1235.49,no,no,45-54,3-5,yes,Fair
15664339,775,Spain,Male,48,4,178144.91,2,no,no,50168.41,yes,no,45-54,3-5,no,Very Good
15754526,699,Germany,Male,36,6,147137.74,1,yes,yes,33687.9,no,no,35-44,6-10,no,Good
15703037,618,France,Male,37,5,0.0,1,no,yes,178705.45,yes,yes,35-44,3-5,no,Fair
15751412,704,France,Male,36,3,114370.41,1,no,yes,66810.48,no,no,35-44,3-5,no,Good
15609558,835,Germany,Female,47,5,108289.28,2,yes,yes,45859.55,yes,no,45-54,3-5,no,Excellent
15572408,714,Germany,Male,39,3,149887.49,2,yes,no,63846.36,no,no,35-44,3-5,no,Good
15613923,581,Spain,Female,43,4,170172.9,1,no,yes,100236.02,no,no,35-44,3-5,no,Fair
15747000,592,France,Male,27,3,0.0,2,yes,yes,19645.65,no,yes,25-34,3-5,no,Fair
15731781,551,France,Male,43,7,0.0,2,yes,no,178393.68,no,yes,35-44,6-10,no,Poor
15727198,689,Germany,Female,28,2,64808.32,2,no,no,78591.15,no,no,25-34,1-2,no,Good
15794273,604,France,Female,56,0,62732.65,1,no,yes,124954.56,no,no,55-64,0,no,Fair
15804950,514,France,Female,41,7,0.0,2,yes,yes,3756.65,no,yes,35-44,6-10,no,Poor
15576304,698,France,Male,29,5,95167.55,1,yes,yes,152723.23,no,no,25-34,3-5,no,Good
15645200,581,Germany,Female,54,2,152508.99,1,yes,no,187597.98,yes,no,45-54,1-2,yes,Fair
15779627,573,Germany,Male,31,0,134644.19,1,yes,yes,70381.49,no,no,25-34,0,no,Poor
15750755,449,Spain,Female,33,8,0.0,2,no,no,156792.89,no,yes,25-34,6-10,no,Poor
15569654,850,Germany,Female,31,3,51293.47,1,no,no,35534.68,no,no,25-34,3-5,yes,Excellent
15753079,612,France,Male,41,5,0.0,3,no,no,151256.22,no,yes,35-44,3-5,no,Fair
15684995,690,Spain,Male,49,8,116622.73,1,no,yes,51011.29,no,no,45-54,6-10,no,Good
15790763,599,Spain,Female,49,2,0.0,2,yes,no,111190.53,no,yes,45-54,1-2,no,Fair
15766458,498,France,Male,33,1,198113.86,1,yes,no,69664.35,no,no,25-34,1-2,yes,Poor
15616221,497,France,Female,29,4,85646.81,1,no,no,63233.02,yes,no,25-34,3-5,yes,Poor
15776124,802,Spain,Male,51,7,0.0,1,no,yes,40855.79,no,yes,45-54,6-10,no,Excellent
15665811,644,France,Male,33,9,141234.98,1,yes,no,95673.05,no,no,25-34,6-10,yes,Fair
15729804,714,France,Male,34,10,0.0,2,yes,yes,80234.14,no,yes,25-34,6-10,no,Good
15714062,690,France,Female,40,9,77641.99,1,no,no,189051.59,yes,no,35-44,6-10,yes,Good
15592197,522,Spain,Male,30,3,0.0,2,yes,no,145490.85,no,yes,25-34,3-5,no,Poor
15793116,502,Germany,Female,40,7,117304.29,1,no,no,196278.32,no,no,35-44,6-10,yes,Poor
15638231,730,Spain,Female,62,2,0.0,2,yes,yes,162889.1,no,yes,55-64,1-2,no,Good
15697678,590,Germany,Male,36,6,92340.69,2,yes,yes,174667.58,no,no,35-44,6-10,no,Fair
15800412,458,Germany,Male,35,9,146780.52,2,yes,yes,3476.38,no,no,25-34,6-10,no,Poor
15597610,553,Spain,Male,41,6,144974.55,1,yes,yes,19344.92,no,no,35-44,6-10,no,Poor
15726634,479,France,Male,47,1,0.0,1,yes,no,95270.83,no,yes,45-54,1-2,yes,Poor
15670866,693,France,Male,31,2,0.0,2,yes,yes,107759.31,no,yes,25-34,1-2,no,Good
15667462,707,Spain,Male,43,10,0.0,2,yes,no,118368.2,no,yes,35-44,6-10,no,Good
15662574,636,Spain,Male,37,1,115137.26,1,yes,no,52484.01,no,no,35-44,1-2,yes,Fair
15716926,807,France,Male,33,10,101952.97,2,yes,no,178153.65,no,no,25-34,6-10,no,Excellent
15603554,513,France,Female,45,0,164649.52,3,yes,no,49915.52,yes,no,35-44,0,no,Poor
15716800,582,France,Male,31,2,0.0,2,yes,yes,33747.03,no,yes,25-34,1-2,no,Fair
15679429,694,France,Male,32,0,91956.49,1,yes,yes,59961.81,no,no,25-34,0,no,Good
15616122,777,France,Male,39,8,0.0,2,yes,yes,18613.52,no,yes,35-44,6-10,no,Very Good
15742172,598,Germany,Male,32,9,123938.6,2,yes,no,198894.42,no,no,25-34,6-10,no,Fair
15792305,762,Germany,Male,46,6,123571.77,3,no,yes,57014.17,yes,no,45-54,6-10,no,Very Good
15636016,588,France,Female,34,3,120777.88,1,yes,yes,131729.52,no,no,25-34,3-5,no,Fair
15733138,663,Germany,Male,42,5,90248.79,1,yes,yes,79169.73,no,no,35-44,3-5,no,Fair
15669741,777,France,Male,36,7,0.0,1,yes,no,106472.34,no,yes,35-44,6-10,yes,Very Good
15616954,592,France,Male,71,4,0.0,2,no,yes,17013.54,no,yes,65+,3-5,no,Fair
15729238,631,Germany,Male,48,1,106396.48,1,yes,yes,150661.42,yes,no,45-54,1-2,no,Fair
15718242,725,Germany,Female,47,1,104887.43,1,no,no,86622.56,yes,no,45-54,1-2,yes,Good
15682914,850,France,Male,34,2,72079.71,1,yes,yes,115767.93,no,no,25-34,1-2,no,Excellent
15654274,540,France,Male,37,6,0.0,2,yes,no,141998.89,no,yes,35-44,6-10,no,Poor
15691457,674,Spain,Male,36,2,0.0,2,yes,yes,182787.17,no,yes,35-44,1-2,no,Good
15719649,553,France,Male,38,3,99844.68,1,no,no,187915.7,no,no,35-44,3-5,yes,Poor
15778897,630,France,Female,28,1,0.0,2,yes,yes,133267.78,no,yes,25-34,1-2,no,Fair
15589437,466,France,Male,26,3,156815.71,1,yes,yes,137476.09,no,no,25-34,3-5,no,Poor
15682369,613,France,Male,47,6,146034.74,1,yes,yes,77146.14,no,no,45-54,6-10,no,Fair
15626507,558,France,Male,27,1,152283.39,1,yes,no,183271.15,no,no,25-34,1-2,yes,Poor
15571995,775,Germany,Female,33,1,118897.1,2,yes,yes,26362.4,no,no,25-34,1-2,no,Very Good
15673333,698,Germany,Male,52,8,96781.39,1,yes,yes,153373.71,no,no,45-54,6-10,no,Good
15748752,608,Germany,Male,33,1,102772.67,2,yes,no,70705.58,no,no,25-34,1-2,no,Fair
15725302,670,Spain,Female,20,4,0.0,2,yes,no,119759.24,no,yes,<25,3-5,no,Fair
15722083,591,Spain,Male,39,8,0.0,2,no,no,42392.24,no,yes,35-44,6-10,no,Fair
15771442,633,France,Male,40,4,150578.0,1,no,yes,34670.62,yes,no,35-44,3-5,no,Fair
15803633,678,France,Female,46,1,0.0,2,no,no,82106.19,no,yes,45-54,1-2,no,Good
15672185,590,France,Male,47,3,0.0,2,yes,no,171774.5,no,yes,45-54,3-5,no,Fair
15806486,705,France,Female,48,0,0.0,2,no,no,149772.61,no,yes,45-54,0,no,Good
15570895,608,France,Male,42,10,163548.07,1,yes,no,38866.85,no,no,35-44,6-10,yes,Fair
15614520,682,France,Female,37,8,148580.12,1,yes,no,35179.18,no,no,35-44,6-10,yes,Good
15687492,596,Germany,Male,32,3,96709.07,2,no,no,41788.37,no,no,25-34,3-5,no,Fair
15675337,395,Germany,Female,34,5,106011.59,1,yes,yes,17376.57,yes,no,25-34,3-5,no,Poor
15721047,578,Germany,Male,37,1,135650.88,1,yes,no,199428.19,no,no,35-44,1-2,yes,Poor
15589017,547,Germany,Male,55,4,111362.76,3,yes,no,16922.28,yes,no,45-54,3-5,no,Poor
15611186,609,France,Male,37,1,39344.83,1,yes,yes,178291.89,yes,no,35-44,1-2,no,Fair
15617301,774,Germany,Male,36,9,130809.77,1,yes,no,152290.28,no,no,35-44,6-10,yes,Very Good
15726046,712,France,Female,27,2,133009.51,1,yes,no,126809.15,no,no,25-34,1-2,yes,Good
15585748,585,Germany,Female,28,9,135337.49,2,yes,yes,40385.61,no,no,25-34,6-10,no,Fair
15672826,666,France,Female,32,10,112536.57,2,yes,yes,34350.54,no,no,25-34,6-10,no,Fair
15595162,708,Spain,Female,35,8,122570.69,1,no,no,199005.88,no,no,25-34,6-10,yes,Good
15650026,513,France,Male,44,1,63562.02,2,no,yes,52629.73,yes,no,35-44,1-2,no,Poor
15745826,445,France,Male,37,3,0.0,2,yes,yes,180012.39,no,yes,35-44,3-5,no,Poor
15708610,690,Germany,Male,44,9,100368.63,2,no,no,35342.33,no,no,35-44,6-10,no,Good
15624471,850,France,Male,37,6,0.0,2,yes,no,109291.22,no,yes,35-44,6-10,no,Excellent
15590097,537,Spain,Female,33,7,136082.0,1,yes,no,62746.54,no,no,25-34,6-10,yes,Poor
15689328,705,Germany,Male,48,9,114169.16,1,no,no,173273.2,yes,no,45-54,6-10,yes,Good
15582154,670,France,Female,45,5,47884.92,1,yes,yes,54340.24,no,no,35-44,3-5,no,Fair
15734626,652,Spain,Female,36,1,0.0,2,yes,yes,19302.78,no,yes,35-44,1-2,no,Fair
15702806,696,Spain,Male,24,9,0.0,1,no,no,10883.52,no,yes,<25,6-10,yes,Good
15620756,747,France,Male,49,6,202904.64,1,yes,yes,17298.72,yes,no,45-54,6-10,no,Very Good
15611331,511,France,Female,46,1,0.0,1,yes,yes,115779.48,yes,yes,45-54,1-2,no,Poor
15576935,743,Spain,Male,43,2,161807.18,2,no,yes,93228.86,yes,no,35-44,1-2,no,Very Good
15661275,532,Germany,Male,52,3,110791.97,1,yes,no,148704.77,yes,no,45-54,3-5,yes,Poor
15814940,642,Spain,Female,33,9,0.0,2,yes,yes,150475.14,no,yes,25-34,6-10,no,Fair
15768471,554,Germany,Female,54,6,108755.0,1,yes,no,40914.32,yes,no,45-54,6-10,yes,Poor
15697391,604,Spain,Female,34,3,0.0,2,yes,no,38587.7,no,yes,25-34,3-5,no,Fair
15793346,602,France,Female,72,3,0.0,2,yes,yes,171260.66,no,yes,65+,3-5,no,Fair
15608338,757,Spain,Female,55,9,117294.12,4,yes,no,94187.47,yes,no,45-54,6-10,no,Very Good
15578546,491,Germany,Male,26,4,102251.14,1,yes,yes,145900.89,no,no,25-34,3-5,no,Poor
15656921,850,France,Male,31,4,0.0,2,no,no,152298.28,no,yes,25-34,3-5,no,Excellent
15761340,521,France,Male,22,5,0.0,2,yes,yes,99828.45,no,yes,<25,3-5,no,Poor
15591135,726,France,Male,37,2,132057.92,2,yes,no,34743.98,no,no,35-44,1-2,no,Good
15623219,596,France,Male,33,8,0.0,1,yes,no,121189.3,yes,yes,25-34,6-10,yes,Fair
15655229,850,Germany,Female,35,7,114285.2,1,no,yes,129660.59,no,no,25-34,6-10,no,Excellent
15805884,637,France,Female,41,9,0.0,2,yes,no,145477.36,no,yes,35-44,6-10,no,Fair
15668289,690,Spain,Male,32,2,76087.98,1,no,yes,151822.66,no,no,25-34,1-2,no,Good
15568562,689,France,Male,40,8,160272.27,1,yes,no,49656.24,no,no,35-44,6-10,yes,Good
15773276,633,Spain,Male,63,4,114552.6,1,yes,no,73856.28,yes,no,55-64,3-5,yes,Fair
15622801,555,France,Female,27,8,102000.17,1,yes,yes,116757.0,no,no,25-34,6-10,no,Poor
15779886,563,Spain,Male,24,7,0.0,2,no,no,16319.56,no,yes,<25,6-10,no,Poor
15713673,494,France,Female,33,1,137853.0,1,no,yes,90273.85,no,no,25-34,1-2,no,Poor
15783083,534,France,Male,27,9,0.0,2,yes,no,161344.13,no,yes,25-34,6-10,no,Poor
15742824,696,Germany,Male,42,7,162318.61,1,yes,no,121061.89,no,no,35-44,6-10,yes,Good
15621550,535,Spain,Female,50,1,140292.58,3,no,no,69531.22,yes,no,45-54,1-2,no,Poor
15799480,600,France,Male,34,0,0.0,2,no,yes,3756.23,no,yes,25-34,0,no,Fair
15625247,807,France,Female,34,1,0.0,1,no,no,114448.13,no,yes,25-34,1-2,yes,Excellent
15755241,714,France,Female,52,2,0.0,1,no,yes,144045.08,yes,yes,45-54,1-2,no,Good
15575679,590,France,Male,24,7,126431.54,1,yes,no,58781.11,no,no,<25,6-10,yes,Fair
15668235,614,France,Female,41,3,123475.04,1,yes,yes,179227.52,no,no,35-44,3-5,no,Fair
15683183,766,Germany,Female,45,6,97652.96,1,yes,no,127332.33,no,no,35-44,6-10,yes,Very Good
15684592,557,Spain,Male,42,4,0.0,2,no,yes,86642.38,no,yes,35-44,3-5,no,Poor
15591169,788,Germany,Female,49,4,137455.99,1,yes,no,184178.29,yes,no,45-54,3-5,yes,Very Good
15653455,648,France,Female,38,2,0.0,2,no,yes,9551.49,no,yes,35-44,1-2,no,Fair
15732563,726,Germany,Female,33,7,99046.31,2,yes,yes,56053.06,no,no,25-34,6-10,no,Good
15656471,773,France,Male,33,9,0.0,2,yes,yes,1118.31,no,yes,25-34,6-10,no,Very Good
15598510,583,Germany,Male,27,4,105907.42,2,yes,yes,195732.04,no,no,25-34,3-5,no,Fair
15766427,565,Germany,Male,52,5,97720.35,2,yes,no,175070.94,yes,no,45-54,3-5,no,Poor
15785342,705,France,Male,25,9,0.0,2,no,yes,112331.19,no,yes,<25,6-10,no,Good
15641595,685,Spain,Male,43,4,97392.18,2,yes,no,43956.83,no,no,35-44,3-5,no,Good
15798429,741,France,Male,29,8,0.0,2,yes,yes,115994.52,no,yes,25-34,6-10,no,Very Good
15648136,658,Germany,Female,28,9,152812.58,1,yes,no,166682.57,no,no,25-34,6-10,yes,Fair
15812482,575,France,Male,27,3,139301.68,1,yes,no,99843.98,no,no,25-34,3-5,yes,Poor
15790810,844,France,Female,41,10,76319.64,1,yes,yes,141175.18,yes,no,35-44,6-10,no,Excellent
15687421,559,Spain,Male,67,9,125919.35,1,yes,no,175910.95,yes,no,65+,6-10,yes,Poor
15765643,725,France,Male,37,6,124348.38,2,no,yes,176984.34,no,no,35-44,6-10,no,Good
15654878,450,France,Male,29,7,117199.8,1,yes,yes,43480.63,no,no,25-34,6-10,no,Poor
15686835,738,Germany,Female,57,9,148384.64,1,no,no,155047.11,yes,no,55-64,6-10,yes,Good
15768340,642,Germany,Female,19,3,113905.48,1,yes,yes,176137.2,no,no,<25,3-5,no,Fair
15673599,618,Spain,Male,32,5,133476.09,1,no,yes,154843.4,no,no,25-34,3-5,no,Fair
15689096,590,France,Male,47,0,117879.32,1,yes,yes,8214.46,no,no,45-54,0,no,Fair
15684294,735,France,Male,50,2,0.0,2,no,yes,147075.69,no,yes,45-54,1-2,no,Good
15615828,550,France,Male,34,8,122359.5,1,no,no,116495.55,no,no,25-34,6-10,yes,Poor
15746012,729,Spain,Female,28,0,0.0,2,yes,yes,31165.06,yes,yes,25-34,0,no,Good
15615797,743,Germany,Male,59,5,108585.35,1,yes,yes,192127.22,yes,no,55-64,3-5,no,Very Good
15788494,555,France,Male,31,8,145875.74,1,yes,no,137491.23,no,no,25-34,6-10,yes,Poor
15793856,667,Spain,Female,36,3,121542.57,2,yes,yes,186841.71,no,no,35-44,3-5,no,Fair
15629545,790,Spain,Female,41,7,109508.68,1,no,no,86776.38,no,no,35-44,6-10,yes,Very Good
15661198,727,Germany,Male,34,2,146407.11,1,yes,yes,72073.72,no,no,25-34,1-2,no,Good
15715117,744,France,Female,39,6,0.0,1,no,no,10662.58,no,yes,35-44,6-10,yes,Very Good
15701074,629,Germany,Male,35,8,112330.83,1,yes,yes,91001.02,no,no,25-34,6-10,no,Fair
15793046,619,France,Female,35,4,90413.12,1,yes,yes,20555.21,no,no,25-34,3-5,no,Fair
15623744,634,France,Male,34,8,105302.66,1,yes,yes,123164.97,no,no,25-34,6-10,no,Fair
15611329,608,Spain,Female,35,6,0.0,2,yes,yes,143463.28,no,yes,25-34,6-10,no,Fair
15740428,507,France,Female,35,1,0.0,2,no,no,92131.54,no,yes,25-34,1-2,no,Poor
15781534,536,Germany,Female,35,4,121520.36,1,no,no,77178.42,no,no,25-34,3-5,yes,Poor
15618243,730,Spain,Female,43,1,103960.38,1,yes,yes,193650.16,no,no,35-44,1-2,no,Good
15784161,583,Germany,Male,39,8,102945.01,1,no,no,52861.89,no,no,35-44,6-10,yes,Fair
15700325,644,France,Female,24,8,92760.55,1,yes,no,35896.75,no,no,<25,6-10,yes,Fair
15659064,790,Spain,Male,37,8,0.0,2,yes,yes,149418.41,no,yes,35-44,6-10,no,Very Good
15658364,807,Germany,Female,40,1,134590.21,1,yes,yes,46253.65,no,no,35-44,1-2,no,Excellent
15704340,581,France,Female,37,10,104255.03,1,yes,no,86609.37,no,no,35-44,6-10,yes,Fair
15793455,627,Spain,Female,55,6,0.0,1,no,no,91943.94,yes,yes,45-54,6-10,yes,Fair
15579777,850,France,Male,41,3,0.0,2,yes,no,128892.36,no,yes,35-44,3-5,no,Excellent
15632345,754,France,Female,35,4,0.0,2,yes,no,44830.71,no,yes,25-34,3-5,no,Very Good
15814468,551,Germany,Male,50,1,121399.98,1,no,yes,84508.44,yes,no,45-54,1-2,no,Poor
15754820,637,Germany,Male,35,8,147127.81,2,yes,yes,84760.7,no,no,25-34,6-10,no,Fair
15707505,699,Spain,Male,31,8,125927.51,2,yes,no,147661.47,no,no,25-34,6-10,no,Good
15699507,542,France,Female,25,7,0.0,2,no,yes,82393.08,no,yes,<25,6-10,no,Poor
15799600,640,Germany,Male,48,1,111599.32,1,no,yes,135995.58,no,no,45-54,1-2,no,Fair
15794472,553,France,Female,27,3,0.0,2,no,no,159800.16,no,yes,25-34,3-5,no,Poor
15646632,741,France,Male,38,9,0.0,2,yes,no,14379.01,no,yes,35-44,6-10,no,Very Good
15676353,598,France,Male,35,8,114212.6,1,yes,yes,74322.85,no,no,25-34,6-10,no,Fair
15566312,660,Spain,Female,42,5,0.0,3,yes,yes,189016.24,yes,yes,35-44,3-5,no,Fair
15570414,618,Spain,Male,41,4,115251.64,1,no,no,136435.75,no,no,35-44,3-5,yes,Fair
15776743,647,France,Male,43,9,0.0,2,yes,yes,78488.39,no,yes,35-44,6-10,no,Fair
15674637,491,France,Female,68,3,107571.61,1,no,yes,113695.99,no,no,65+,3-5,no,Poor
15730418,652,France,Female,32,2,0.0,2,yes,no,54628.11,no,yes,25-34,1-2,no,Fair
15739972,650,Germany,Female,45,9,152367.21,3,yes,no,150835.21,yes,no,35-44,6-10,no,Fair
15661591,413,Germany,Male,39,1,130969.77,2,yes,yes,158891.79,no,no,35-44,1-2,no,Poor
15675585,416,Germany,Female,25,0,97738.97,2,yes,yes,160523.33,no,no,<25,0,no,Poor
15814750,629,Spain,Male,34,8,0.0,2,yes,yes,180595.02,no,yes,25-34,6-10,no,Fair
15593454,678,Spain,Female,40,4,113794.22,1,yes,no,16618.76,no,no,35-44,3-5,yes,Good
15663421,527,Spain,Male,28,6,128396.33,2,yes,no,79919.97,no,no,25-34,6-10,no,Poor
15576196,743,Spain,Female,48,5,118207.69,2,no,no,186489.14,yes,no,45-54,3-5,no,Very Good
15677324,683,Germany,Male,73,9,124730.26,1,yes,yes,51999.5,no,no,65+,6-10,no,Good
15568742,536,France,Female,41,9,0.0,1,yes,no,121299.14,no,yes,35-44,6-10,yes,Poor
15693764,663,Spain,Male,52,0,136298.65,1,yes,no,144593.3,yes,no,45-54,0,yes,Fair
15714260,646,France,Female,38,2,0.0,2,no,no,178752.73,no,yes,35-44,1-2,no,Fair
15798200,707,France,Male,35,2,0.0,3,yes,yes,94148.3,no,yes,25-34,1-2,no,Good
15656627,602,France,Male,34,5,0.0,2,yes,yes,77414.45,no,yes,25-34,3-5,no,Fair
15791111,635,France,Female,47,2,125724.95,2,yes,no,63236.97,no,no,45-54,1-2,no,Fair
15638269,597,France,Male,67,2,0.0,2,no,yes,108645.85,no,yes,65+,1-2,no,Fair
15807473,503,France,Male,38,1,0.0,2,yes,yes,95153.24,no,yes,35-44,1-2,no,Poor
15708534,524,Spain,Female,64,5,0.0,1,yes,no,136079.64,yes,yes,55-64,3-5,yes,Poor
15640686,700,France,Male,46,5,95872.86,1,yes,no,98273.01,yes,no,45-54,3-5,yes,Good
15588904,692,France,Male,33,9,0.0,1,yes,no,113505.93,yes,yes,25-34,6-10,yes,Good
15768763,562,France,Male,37,2,0.0,1,no,yes,52525.15,yes,yes,35-44,1-2,no,Poor
15770543,679,France,Male,37,7,74260.03,1,yes,no,194617.98,no,no,35-44,6-10,yes,Good
15642162,603,Germany,Male,35,1,123407.69,1,yes,no,152541.89,yes,no,25-34,1-2,yes,Fair
15714046,720,Spain,Male,33,3,123783.91,2,yes,yes,142903.44,no,no,25-34,3-5,no,Good
15575060,797,France,Male,24,5,0.0,2,yes,no,182257.61,no,yes,<25,3-5,no,Very Good
15812040,594,France,Male,36,6,153880.15,1,no,no,135431.72,no,no,35-44,6-10,yes,Fair
15812073,529,France,Female,31,7,0.0,2,yes,yes,175697.87,no,yes,25-34,6-10,no,Poor
15706810,606,Germany,Female,32,1,106301.85,2,no,yes,59061.25,no,no,25-34,1-2,no,Fair
15584090,621,Spain,Female,40,7,0.0,2,no,yes,131283.6,yes,yes,35-44,6-10,no,Fair
15810807,513,France,Female,43,9,0.0,2,yes,no,152499.8,no,yes,35-44,6-10,no,Poor
15582033,753,Germany,Male,44,3,138076.47,1,yes,no,15523.09,yes,no,35-44,3-5,yes,Very Good
15687607,605,France,Female,30,9,135422.31,1,no,yes,186418.85,no,no,25-34,6-10,no,Fair
15588406,574,Spain,Female,37,7,0.0,2,yes,no,32262.28,no,yes,35-44,6-10,no,Poor
15784099,726,France,Female,38,5,126875.62,1,yes,no,128052.29,no,no,35-44,3-5,yes,Good
15701352,611,Spain,Female,28,3,96381.68,2,yes,no,181419.29,no,no,25-34,3-5,no,Fair
15789371,593,Germany,Female,41,4,119703.1,2,yes,yes,109783.29,no,no,35-44,3-5,no,Fair
15602845,466,Germany,Male,41,2,152102.18,2,yes,no,181879.56,no,no,35-44,1-2,no,Poor
15707918,741,Germany,Female,36,0,127675.39,2,yes,no,74260.16,no,no,35-44,0,no,Very Good
15602812,684,Germany,Female,44,2,133776.86,2,no,yes,49865.04,no,no,35-44,1-2,no,Good
15675888,550,Spain,Female,33,9,72788.03,1,yes,yes,103608.06,no,no,25-34,6-10,no,Poor
15591822,593,Spain,Male,26,9,76226.9,1,yes,no,167564.82,no,no,25-34,6-10,yes,Fair
15738501,601,Germany,Male,48,9,163630.76,1,no,yes,41816.49,yes,no,45-54,6-10,no,Fair
15585907,676,Spain,Female,30,5,0.0,2,no,no,179066.58,no,yes,25-34,3-5,no,Good
15579040,556,France,Female,46,10,0.0,2,no,no,109184.24,no,yes,45-54,6-10,no,Poor
15804211,719,France,Male,36,3,155423.17,1,yes,yes,199841.32,no,no,35-44,3-5,no,Good
15736126,850,Germany,Male,55,0,98710.89,1,yes,yes,83617.17,yes,no,45-54,0,no,Excellent
15745399,649,Spain,Female,49,2,0.0,1,yes,no,84863.85,yes,yes,45-54,1-2,yes,Fair
15760749,509,Spain,Male,41,7,126683.8,1,no,yes,114775.53,no,no,35-44,6-10,no,Poor
15637118,684,France,Male,33,4,140700.61,1,yes,no,103557.93,no,no,25-34,3-5,yes,Good
15657829,806,Germany,Male,30,8,168078.83,1,yes,no,85028.36,yes,no,25-34,6-10,yes,Excellent
15738497,729,Spain,Male,44,4,107726.93,2,yes,no,153064.87,no,no,35-44,3-5,no,Good
15690695,683,France,Female,33,9,0.0,2,yes,yes,38784.42,no,yes,25-34,6-10,no,Good
15762351,689,Spain,Female,63,1,0.0,2,yes,yes,186526.12,no,yes,55-64,1-2,no,Good
15791172,672,Germany,Female,21,1,35741.69,1,yes,no,28789.94,no,no,<25,1-2,yes,Good
15598982,602,Germany,Female,53,5,98268.84,1,no,yes,45038.29,yes,no,45-54,3-5,no,Fair
15734765,739,France,Female,20,4,133800.98,1,no,yes,150245.81,no,no,<25,3-5,no,Good
15642912,618,France,Female,21,2,125682.79,1,no,no,57762.0,no,no,<25,1-2,yes,Fair
15769516,674,France,Female,42,9,0.0,2,yes,no,4292.72,no,yes,35-44,6-10,no,Good
15789379,762,France,Male,26,6,130428.78,1,yes,no,173365.89,no,no,25-34,6-10,yes,Very Good
15695103,790,Spain,Male,37,6,0.0,2,yes,yes,119484.01,no,yes,35-44,6-10,no,Very Good
15801924,754,Spain,Female,27,8,0.0,2,no,no,121821.16,no,yes,25-34,6-10,no,Very Good
15767804,729,France,Male,44,6,0.0,2,yes,no,151733.43,no,yes,35-44,6-10,no,Good
15718039,606,Germany,Female,47,0,137138.2,2,no,yes,53784.22,no,no,45-54,0,no,Fair
15579994,616,France,Male,23,8,73112.95,1,yes,yes,62733.05,no,no,<25,6-10,no,Fair
15595037,772,France,Male,47,9,152347.01,1,no,yes,17671.78,no,no,45-54,6-10,no,Very Good
15600720,652,Spain,Male,41,8,115144.68,1,yes,no,188905.43,no,no,35-44,6-10,yes,Fair
15782608,743,France,Male,43,5,0.0,2,no,no,113079.19,yes,yes,35-44,3-5,no,Very Good
15566894,793,France,Male,39,3,137817.52,1,no,no,83997.79,no,no,35-44,3-5,yes,Very Good
15749123,743,Spain,Male,45,7,157332.26,1,yes,no,125424.42,no,no,35-44,6-10,yes,Very Good
15668943,746,France,Male,37,2,0.0,2,yes,no,143194.05,no,yes,35-44,1-2,no,Very Good
15577423,627,Germany,Female,39,5,124586.93,1,yes,no,93132.61,yes,no,35-44,3-5,yes,Fair
15623102,713,Spain,Male,38,6,116980.78,2,no,yes,76038.38,no,no,35-44,6-10,no,Good
15728012,678,Spain,Female,40,3,128398.38,1,yes,no,168658.3,no,no,35-44,3-5,yes,Good
15683363,540,Spain,Male,39,1,0.0,1,no,yes,108419.41,no,yes,35-44,1-2,no,Poor
15699335,615,Germany,Female,33,3,137657.25,2,yes,yes,171657.57,no,no,25-34,3-5,no,Fair
15574369,415,Spain,Male,53,5,167259.44,1,yes,yes,22357.25,no,no,45-54,3-5,no,Poor
15703167,628,France,Female,45,8,0.0,2,yes,no,193903.06,no,yes,35-44,6-10,no,Fair
15754874,700,France,Male,26,4,119009.57,1,yes,no,141926.43,no,no,25-34,3-5,yes,Good
15723216,623,Germany,Male,33,2,80002.33,1,yes,yes,104079.62,no,no,25-34,1-2,no,Fair
15725094,623,France,Female,37,4,140211.88,1,yes,yes,93832.33,no,no,35-44,3-5,no,Fair
15647974,679,France,Female,44,3,118742.74,2,yes,no,1568.91,no,no,35-44,3-5,no,Good
15583371,632,Spain,Male,37,1,138207.08,1,yes,no,60778.11,yes,no,35-44,1-2,yes,Fair
15772559,790,France,Female,47,10,148636.21,1,no,yes,16119.96,yes,no,45-54,6-10,no,Very Good
15711251,514,France,Male,45,1,178827.79,1,yes,no,60375.18,no,no,35-44,1-2,yes,Poor
15719212,491,France,Male,33,5,83134.3,1,yes,no,187946.55,no,no,25-34,3-5,yes,Poor
15764927,753,France,Male,92,3,121513.31,1,no,yes,195563.99,no,no,65+,3-5,no,Very Good
15731412,693,Germany,Female,37,6,95900.04,1,yes,yes,38196.24,no,no,35-44,6-10,no,Good
15719170,679,France,Female,30,1,112543.42,1,yes,yes,179435.21,no,no,25-34,1-2,no,Good
15596011,529,Spain,Male,34,9,0.0,1,yes,yes,93208.22,no,yes,25-34,6-10,no,Poor
15614834,619,Spain,Female,31,3,141751.82,1,no,yes,61531.86,no,no,25-34,3-5,no,Fair
15600510,680,Spain,Female,37,6,124140.57,2,yes,no,92826.35,no,no,35-44,6-10,no,Good
15625706,693,Germany,Male,45,2,116546.59,2,no,no,23140.28,yes,no,35-44,1-2,no,Good
15781409,834,France,Female,28,6,0.0,1,yes,no,74287.53,no,yes,25-34,6-10,yes,Excellent
15722583,636,Spain,Female,29,6,157576.47,2,yes,yes,101102.39,no,no,25-34,6-10,no,Fair
15677243,538,Spain,Male,43,5,0.0,2,yes,no,126933.73,no,yes,35-44,3-5,no,Poor
15815070,566,Germany,Female,44,5,141428.99,2,no,no,68408.74,no,no,35-44,3-5,no,Poor
15705899,597,Spain,Male,35,0,127510.99,1,yes,yes,155356.34,no,no,25-34,0,no,Fair
15701522,711,France,Female,29,9,0.0,2,no,yes,3234.8,no,yes,25-34,6-10,no,Good
15755978,606,France,Male,31,10,0.0,2,yes,no,195209.4,no,yes,25-34,6-10,no,Fair
15722090,615,Spain,Male,51,6,81818.49,1,yes,yes,169149.38,no,no,45-54,6-10,no,Fair
15783526,589,France,Male,36,1,100895.54,1,yes,yes,68075.14,no,no,35-44,1-2,no,Fair
15632125,606,Germany,Male,45,5,63832.43,1,yes,yes,93707.8,no,no,35-44,3-5,no,Fair
15688395,582,France,Male,29,4,0.0,2,no,no,156153.27,no,yes,25-34,3-5,no,Fair
15666975,710,France,Female,36,4,116085.06,1,yes,no,58601.61,no,no,35-44,3-5,yes,Good
15682211,467,France,Male,57,1,0.0,2,yes,yes,114448.77,no,yes,55-64,1-2,no,Poor
15637411,749,France,Male,30,1,0.0,2,no,yes,126551.65,no,yes,25-34,1-2,no,Very Good
15591512,564,Germany,Female,33,2,115761.51,1,no,yes,112350.21,yes,no,25-34,1-2,no,Poor
15606855,730,Spain,Male,26,6,0.0,2,yes,yes,185808.7,no,yes,25-34,6-10,no,Good
15763683,678,Germany,Male,32,4,139626.01,1,yes,yes,118235.52,yes,no,25-34,3-5,no,Good
15641782,540,France,Female,31,7,0.0,1,no,yes,183051.6,yes,yes,25-34,6-10,no,Poor
15677184,767,France,Female,35,6,115576.44,1,no,yes,27922.45,no,no,25-34,6-10,no,Very Good
15775042,615,France,Female,23,4,0.0,2,yes,no,196476.19,no,yes,<25,3-5,no,Fair
15616630,583,Germany,Female,41,5,77647.6,1,yes,no,190429.52,no,no,35-44,3-5,yes,Fair
15800233,850,France,Female,40,5,0.0,2,yes,no,35034.15,no,yes,35-44,3-5,no,Excellent
15588419,651,Germany,Female,34,10,148962.46,1,yes,no,66389.43,yes,no,25-34,6-10,yes,Fair
15595557,798,France,Male,22,8,0.0,2,yes,no,107615.43,no,yes,<25,6-10,no,Very Good
15626143,695,France,Male,37,2,0.0,2,yes,yes,99692.65,no,yes,35-44,1-2,no,Good
15566030,497,Germany,Male,41,5,80542.81,1,no,no,88729.22,yes,no,35-44,3-5,yes,Poor
15701412,739,France,Male,40,4,0.0,2,no,no,173321.65,no,yes,35-44,3-5,no,Good
15702464,549,France,Female,34,4,0.0,2,no,no,139463.57,no,yes,25-34,3-5,no,Poor
15573348,850,France,Male,35,9,102050.47,1,yes,yes,3769.71,no,no,25-34,6-10,no,Excellent
15704160,648,Spain,Male,49,5,0.0,1,yes,no,149946.43,yes,yes,45-54,3-5,yes,Fair
15693704,679,France,Female,24,6,114948.76,2,no,yes,135768.25,no,no,<25,6-10,no,Good
15664752,606,Germany,Male,39,8,136000.45,2,yes,no,31708.53,no,no,35-44,6-10,no,Fair
15628292,850,France,Male,32,4,156001.68,2,yes,yes,151677.31,no,no,25-34,3-5,no,Excellent
15621195,619,Germany,Male,41,3,147974.16,2,yes,no,170518.83,no,no,35-44,3-5,no,Fair
15668629,719,Spain,Male,44,2,0.0,2,yes,no,196582.19,no,yes,35-44,1-2,no,Good
15635197,640,Germany,Male,26,5,90402.77,1,yes,yes,3298.65,no,no,25-34,3-5,no,Fair
15592761,710,France,Male,40,5,0.0,2,no,no,162878.96,no,yes,35-44,3-5,no,Good
15574283,580,France,Male,31,2,0.0,2,no,yes,64014.24,no,yes,25-34,1-2,no,Poor
15598097,550,France,Male,44,9,0.0,2,yes,no,26257.01,no,yes,35-44,6-10,no,Poor
15711352,841,France,Female,31,3,162701.65,2,yes,yes,126794.56,no,no,25-34,3-5,no,Excellent
15620751,760,France,Male,34,2,0.0,2,yes,no,164162.44,no,yes,25-34,1-2,no,Very Good
15656717,687,France,Female,30,6,0.0,2,no,no,179206.92,no,yes,25-34,6-10,no,Good
15643121,753,Germany,Female,35,5,82453.96,2,no,no,18254.75,no,no,25-34,3-5,no,Very Good
15723671,661,France,Male,35,9,100107.99,1,yes,no,83949.68,no,no,25-34,6-10,yes,Fair
15752846,699,France,Male,28,7,0.0,2,yes,yes,22684.78,no,yes,25-34,6-10,no,Good
15640852,617,Germany,Female,39,5,83348.89,3,yes,no,7953.62,yes,no,35-44,3-5,no,Fair
15789313,595,Germany,Female,44,4,96553.52,2,yes,no,143952.24,yes,no,35-44,3-5,no,Fair
15793688,669,France,Male,50,9,201009.64,1,yes,no,158032.5,yes,no,45-54,6-10,yes,Fair
15770405,613,France,Female,27,5,125167.74,1,yes,no,199104.52,no,no,25-34,3-5,yes,Fair
15702561,782,France,Male,32,9,0.0,1,yes,yes,87566.97,no,yes,25-34,6-10,no,Very Good
15625964,582,France,Female,43,5,153313.67,1,no,no,170563.73,no,no,35-44,3-5,yes,Fair
15761364,679,France,Male,30,9,0.0,2,yes,no,157871.55,no,yes,25-34,6-10,no,Good
15590286,611,France,Female,40,2,125879.29,1,yes,no,93203.43,no,no,35-44,1-2,yes,Fair
15587978,455,Germany,Female,37,6,170057.62,1,no,yes,54398.56,no,no,35-44,6-10,no,Poor
15773242,621,France,Male,32,1,0.0,2,yes,yes,168779.47,no,yes,25-34,1-2,no,Fair
15761053,596,Germany,Male,48,2,131326.47,1,no,no,1140.02,yes,no,45-54,1-2,yes,Fair
15702095,585,Spain,Female,56,1,128472.8,1,yes,no,186476.91,yes,no,55-64,1-2,yes,Fair
15764253,742,France,Male,32,6,160485.16,1,yes,no,29023.03,no,no,25-34,6-10,yes,Very Good
15700801,850,Germany,Male,42,6,84445.68,3,no,yes,60021.34,yes,no,35-44,6-10,no,Excellent
15730590,738,Germany,Female,40,1,115409.18,2,no,no,180456.8,no,no,35-44,1-2,no,Good
15643916,619,Spain,Male,46,8,62400.48,1,yes,yes,132498.39,yes,no,45-54,6-10,no,Fair
15720636,628,France,Female,50,4,143054.56,1,no,yes,109608.81,yes,no,45-54,3-5,no,Fair
15795429,487,France,Male,24,7,133628.09,2,yes,yes,98570.01,no,no,<25,6-10,no,Poor
15609254,513,Spain,Female,41,9,107135.04,2,yes,yes,160546.58,no,no,35-44,6-10,no,Poor
15625141,563,Spain,Male,26,7,0.0,2,no,no,6139.74,no,yes,25-34,6-10,no,Poor
15810898,803,France,Female,65,2,151659.52,2,no,yes,6930.17,no,no,55-64,1-2,no,Excellent
15775797,607,Spain,Female,32,7,0.0,3,no,yes,10674.62,no,yes,25-34,6-10,no,Fair
15795246,628,Germany,Female,51,9,155903.82,2,yes,yes,71159.84,no,no,45-54,6-10,no,Fair
15795275,521,Spain,Female,49,4,82940.25,2,no,no,62413.01,yes,no,45-54,3-5,no,Poor
15571869,669,Germany,Female,50,4,112650.89,1,no,no,166386.22,yes,no,45-54,3-5,yes,Fair
15694143,686,France,Female,41,10,0.0,1,yes,no,133086.45,no,yes,35-44,6-10,yes,Good
15748231,700,Germany,Male,35,4,95853.39,2,yes,no,192933.37,no,no,25-34,3-5,no,Good
15632185,663,France,Female,42,1,82228.67,2,yes,no,71359.78,no,no,35-44,1-2,no,Fair
15806249,671,Spain,Female,31,4,0.0,2,no,yes,79270.02,no,yes,25-34,3-5,no,Good
15743293,651,Germany,Female,35,1,163700.78,3,yes,yes,29583.48,yes,no,25-34,1-2,no,Fair
15598157,728,France,Male,34,4,106328.08,1,yes,no,88680.65,no,no,25-34,3-5,yes,Good
15700946,574,France,Female,34,7,152992.91,1,yes,yes,134691.2,no,no,25-34,6-10,no,Poor
15722692,464,France,Male,38,3,116439.65,1,yes,no,75574.48,no,no,35-44,3-5,yes,Poor
15696506,604,Spain,Male,27,9,101352.78,1,no,no,30252.3,no,no,25-34,6-10,yes,Fair
15728823,836,Spain,Female,37,10,0.0,2,yes,no,111324.41,no,yes,35-44,6-10,no,Excellent
15808851,511,Germany,Female,75,9,105609.17,1,no,yes,105425.18,no,no,65+,6-10,no,Poor
15675231,518,France,Female,45,8,0.0,2,yes,yes,36193.07,no,yes,35-44,6-10,no,Poor
15732299,756,France,Male,67,4,0.0,3,yes,yes,93081.87,no,yes,65+,3-5,no,Very Good
15706269,489,France,Female,47,8,103894.38,2,yes,yes,107625.46,no,no,45-54,6-10,no,Poor
15590078,622,Spain,Male,27,9,139834.93,1,yes,yes,152733.89,no,no,25-34,6-10,no,Fair
15776985,652,France,Female,36,6,112518.71,2,no,yes,110421.31,no,no,35-44,6-10,no,Fair
15756743,625,France,Female,37,7,115895.42,1,yes,no,48486.25,no,no,35-44,6-10,yes,Fair
15782364,521,Spain,Female,39,3,146408.68,1,no,no,72993.67,no,no,35-44,3-5,yes,Poor
15604093,546,France,Male,34,4,165363.31,2,yes,yes,25744.13,yes,no,25-34,3-5,no,Poor
15749328,697,France,Female,45,1,0.0,2,yes,no,46807.62,yes,yes,35-44,1-2,no,Good
15656322,571,Germany,Male,33,3,71843.15,1,yes,no,26772.04,no,no,25-34,3-5,yes,Poor
15685564,748,Spain,Male,35,5,105492.53,1,yes,yes,150057.2,no,no,25-34,3-5,no,Very Good
15785831,591,France,Male,35,7,183027.25,1,yes,yes,56028.79,no,no,25-34,6-10,no,Fair
15796218,814,Germany,Male,29,1,131968.57,2,yes,yes,147693.92,no,no,25-34,1-2,no,Excellent
15716218,709,France,Female,45,3,104118.5,1,no,yes,174032.0,no,no,35-44,3-5,no,Good
15572735,433,Spain,Male,27,2,0.0,2,yes,yes,153698.65,no,yes,25-34,1-2,no,Poor
15633840,781,France,Male,20,0,125023.1,2,yes,yes,108301.45,no,no,<25,0,no,Very Good
15608760,656,France,Female,30,4,74323.2,1,yes,yes,22929.08,no,no,25-34,3-5,no,Fair
15627848,683,France,Male,38,7,109346.13,2,yes,no,102665.92,no,no,35-44,6-10,no,Good
15792029,620,France,Male,32,6,0.0,2,yes,no,56139.09,no,yes,25-34,6-10,no,Fair
15617331,637,Germany,Female,39,3,109698.41,1,yes,yes,88391.29,yes,no,35-44,3-5,no,Fair
15651740,525,Spain,Female,30,5,0.0,2,no,yes,149195.44,no,yes,25-34,3-5,no,Poor
15636407,793,Germany,Female,34,5,127758.09,1,yes,no,143357.03,no,no,25-34,3-5,yes,Very Good
15607526,638,Germany,Male,50,1,102645.48,1,yes,no,168359.98,yes,no,45-54,1-2,yes,Fair
15632576,520,France,Male,31,4,93249.4,1,yes,no,77335.75,no,no,25-34,3-5,yes,Poor
15581505,641,France,Male,35,5,0.0,2,yes,no,93148.93,no,yes,25-34,3-5,no,Fair
15612207,840,Germany,Female,51,1,87779.83,1,no,yes,36687.11,yes,no,45-54,1-2,no,Excellent
15707242,504,Spain,Male,40,5,0.0,2,no,no,146703.36,no,yes,35-44,3-5,no,Poor
15721937,686,France,Male,38,0,138131.34,1,no,yes,115927.85,no,no,35-44,0,no,Good
15773852,533,Germany,Male,38,4,70362.52,2,yes,yes,104189.46,no,no,35-44,3-5,no,Poor
15719778,577,France,Female,32,1,0.0,2,yes,no,9902.39,no,yes,25-34,1-2,no,Poor
15650538,445,Germany,Female,48,7,168286.58,1,yes,no,16645.77,yes,no,45-54,6-10,yes,Poor
15797475,720,France,Male,44,3,86102.27,1,yes,no,180134.88,yes,no,35-44,3-5,yes,Good
15780359,643,Germany,Male,25,4,115142.9,1,yes,yes,148098.95,no,no,<25,3-5,no,Fair
15737104,652,Germany,Female,47,0,126597.89,2,yes,yes,38798.79,yes,no,45-54,0,no,Fair
15789936,663,France,Female,33,2,0.0,2,yes,no,153295.0,no,yes,25-34,1-2,no,Fair
15709523,525,Germany,Female,30,0,157989.21,2,yes,yes,100687.67,no,no,25-34,0,no,Poor
15593425,662,Spain,Female,54,1,187997.15,1,no,no,111442.71,yes,no,45-54,1-2,yes,Fair
15776725,724,Germany,Male,54,8,172192.49,1,yes,yes,136902.01,no,no,45-54,6-10,no,Good
15604706,581,Germany,Male,38,1,133105.47,1,yes,no,105732.9,yes,no,35-44,1-2,yes,Fair
15790958,685,Spain,Male,38,4,0.0,2,yes,yes,35884.91,no,yes,35-44,3-5,no,Good
15747534,595,France,Male,46,10,0.0,1,yes,no,73489.15,yes,yes,45-54,6-10,yes,Fair
15574237,588,France,Female,21,8,0.0,2,yes,yes,110114.19,no,yes,<25,6-10,no,Fair
15690332,647,Germany,Male,35,3,192407.97,1,yes,yes,40145.28,no,no,25-34,3-5,no,Fair
15661290,785,Germany,Female,38,9,107199.75,1,no,no,146398.51,no,no,35-44,6-10,yes,Very Good
15651883,794,Germany,Female,55,6,115796.7,1,yes,no,160526.36,yes,no,45-54,6-10,yes,Very Good
15808905,823,France,Male,37,5,164858.18,1,yes,yes,173516.71,no,no,35-44,3-5,no,Excellent
15715532,687,Germany,Male,38,4,117633.28,1,no,yes,88396.6,no,no,35-44,3-5,no,Good
15786078,850,France,Female,28,9,0.0,2,yes,no,185821.41,no,yes,25-34,6-10,no,Excellent
15652401,496,France,Female,36,7,0.0,2,no,no,108098.28,no,yes,35-44,6-10,no,Poor
15673074,527,Germany,Female,30,6,126663.51,1,yes,yes,162267.91,no,no,25-34,6-10,no,Poor
15598744,576,Germany,Female,71,6,140273.47,1,yes,yes,193135.25,yes,no,65+,6-10,no,Poor
15785975,525,Spain,Female,60,7,0.0,2,no,yes,168034.9,no,yes,55-64,6-10,no,Poor
15613180,727,Germany,Male,21,8,153344.72,1,yes,yes,163295.87,no,no,<25,6-10,no,Good
15584229,671,Germany,Female,23,9,123943.18,1,yes,yes,159553.27,no,no,<25,6-10,no,Good
15773804,625,France,Male,39,5,0.0,1,yes,no,99800.87,no,yes,35-44,3-5,yes,Fair
15699515,643,Germany,Male,33,7,98630.31,2,yes,yes,40250.82,no,no,25-34,6-10,no,Fair
15705313,707,France,Female,33,2,58036.33,1,yes,yes,83335.78,no,no,25-34,1-2,no,Good
15693817,539,Spain,Male,28,5,0.0,2,yes,no,48382.4,no,yes,25-34,3-5,no,Poor
15673790,498,Germany,Male,45,7,109200.74,2,no,yes,165990.44,no,no,35-44,6-10,no,Poor
15674868,696,Spain,Female,30,0,0.0,2,yes,yes,9002.8,no,yes,25-34,0,no,Good
15692110,758,France,Female,33,7,0.0,1,yes,no,188156.34,no,yes,25-34,6-10,yes,Very Good
15645904,685,France,Female,33,6,0.0,2,no,yes,186785.01,no,yes,25-34,6-10,no,Good
15581332,655,Germany,Female,30,1,83173.98,2,yes,yes,184259.6,no,no,25-34,1-2,no,Fair
15808544,747,France,Female,40,3,0.0,1,no,no,57817.84,yes,yes,35-44,3-5,yes,Very Good
15734948,601,Spain,Male,24,7,0.0,2,no,no,144660.42,no,yes,<25,6-10,no,Fair
15654531,477,France,Male,22,5,82559.42,2,no,no,163112.9,yes,no,<25,3-5,no,Poor
15637774,558,France,Male,32,5,73494.21,1,no,no,136301.1,no,no,25-34,3-5,yes,Poor
15677141,586,Spain,Male,29,2,132450.24,1,yes,yes,36176.63,no,no,25-34,1-2,no,Fair
15739578,850,France,Male,49,6,128663.9,1,yes,no,65769.3,yes,no,45-54,6-10,yes,Excellent
15697360,505,France,Female,36,2,79951.9,1,no,yes,174123.16,yes,no,35-44,1-2,no,Poor
15655213,591,Germany,Female,51,8,132508.3,1,yes,yes,161304.68,yes,no,45-54,6-10,no,Fair
15580872,761,Germany,Female,38,1,120530.13,2,yes,no,109394.62,no,no,35-44,1-2,no,Very Good
15683213,554,France,Female,35,10,74988.59,2,no,yes,190155.13,no,no,25-34,6-10,no,Poor
15801188,774,France,Female,47,6,94722.88,1,no,yes,61450.96,no,no,45-54,6-10,no,Very Good
15645029,771,Spain,Female,33,5,0.0,2,yes,no,8673.43,no,yes,25-34,3-5,no,Very Good
15633181,792,France,Male,31,6,71269.89,2,no,yes,125912.77,no,no,25-34,6-10,no,Very Good
15598259,673,Germany,Female,41,9,98612.1,1,yes,no,151349.35,no,no,35-44,6-10,yes,Good
15576000,765,France,Male,40,6,138033.55,1,yes,yes,67972.45,no,no,35-44,6-10,no,Very Good
15766047,748,France,Female,41,2,91621.69,1,yes,yes,71139.31,no,no,35-44,1-2,no,Very Good
15596339,422,France,Male,54,3,140014.42,1,no,yes,86350.97,no,no,45-54,3-5,no,Poor
15715199,568,Spain,Male,27,5,126815.97,2,no,yes,118648.12,no,no,25-34,3-5,no,Poor
15615938,502,France,Female,64,3,139663.37,1,no,yes,100995.11,no,no,55-64,3-5,no,Poor
15679991,524,France,Female,28,7,0.0,2,no,yes,147100.72,no,yes,25-34,6-10,no,Poor
15626135,689,France,Male,34,1,165312.27,1,yes,no,155495.63,no,no,25-34,1-2,yes,Good
15792934,661,France,Male,26,8,0.0,2,no,no,196875.87,no,yes,25-34,6-10,no,Fair
15744046,606,Spain,Male,33,8,0.0,2,yes,yes,63176.77,no,yes,25-34,6-10,no,Fair
15700826,678,Germany,Female,54,1,123699.28,2,no,yes,105221.76,no,no,45-54,1-2,no,Good
15756301,636,Germany,Female,29,3,97325.15,1,no,yes,131924.38,no,no,25-34,3-5,no,Fair
15586517,647,France,Male,32,5,97041.16,1,yes,yes,23132.73,no,no,25-34,3-5,no,Fair
15751297,732,France,Male,36,5,0.0,2,yes,no,161428.25,no,yes,35-44,3-5,no,Good
15710365,646,France,Male,50,0,104129.24,2,yes,no,181794.86,yes,no,45-54,0,no,Fair
15679307,559,France,Female,43,1,0.0,1,no,yes,86634.3,no,yes,35-44,1-2,no,Poor
15610753,581,France,Male,28,3,104367.5,1,yes,yes,29937.75,no,no,25-34,3-5,no,Fair
15811036,565,France,Male,46,7,135369.71,1,no,yes,140130.22,no,no,45-54,6-10,no,Poor
15610912,657,Spain,Female,41,6,112119.48,1,yes,no,17536.82,no,no,35-44,6-10,yes,Fair
15619932,847,France,Male,66,7,123760.68,1,no,yes,53157.16,no,no,65+,6-10,no,Excellent
15746199,558,France,Female,41,6,0.0,1,yes,yes,143585.29,yes,yes,35-44,6-10,no,Poor
15584967,596,Spain,Male,57,6,0.0,2,yes,yes,72402.0,no,yes,55-64,6-10,no,Fair
15734365,579,France,Male,39,5,0.0,2,no,yes,39891.84,no,yes,35-44,3-5,no,Poor
15726960,741,France,Female,36,3,0.0,2,yes,yes,89804.83,no,yes,35-44,3-5,no,Very Good
15665177,613,France,Male,44,3,0.0,2,no,yes,136491.72,no,yes,35-44,3-5,no,Fair
15779915,694,Spain,Male,31,5,0.0,1,yes,no,35593.18,no,yes,25-34,3-5,yes,Good
15729110,729,Spain,Female,42,7,0.0,2,yes,no,58268.2,yes,yes,35-44,6-10,no,Good
15575399,480,France,Female,42,1,152160.21,2,yes,no,101778.9,no,no,35-44,1-2,no,Poor
15678374,666,France,Female,59,5,0.0,2,yes,yes,185123.09,no,yes,55-64,3-5,no,Fair
15792679,575,France,Male,24,2,0.0,2,yes,yes,119927.81,no,yes,<25,1-2,no,Poor
15668767,850,France,Male,36,3,0.0,2,yes,no,195033.07,no,yes,35-44,3-5,no,Excellent
15761886,740,France,Male,36,4,172381.8,1,yes,yes,86480.29,no,no,35-44,3-5,no,Good
15583076,588,Germany,Male,41,6,106116.56,2,yes,no,198766.61,no,no,35-44,6-10,no,Fair
15815615,681,France,Male,36,5,141952.07,1,yes,yes,185144.08,no,no,35-44,3-5,no,Good
15591942,611,Spain,Female,33,7,0.0,2,yes,yes,3729.89,no,yes,25-34,6-10,no,Fair
15724924,589,France,Female,37,6,138497.84,1,no,yes,18988.58,no,no,35-44,6-10,no,Fair
15762123,717,Spain,Female,34,1,0.0,2,yes,no,119313.74,no,yes,25-34,1-2,no,Good
15567893,556,Germany,Male,33,3,124213.36,2,yes,no,62627.55,no,no,25-34,3-5,no,Poor
15648989,850,France,Male,37,4,126872.6,1,yes,no,197266.58,no,no,35-44,3-5,yes,Excellent
15662021,685,Spain,Female,42,2,0.0,2,no,no,199992.48,no,yes,35-44,1-2,no,Good
15691627,713,France,Female,37,8,0.0,1,yes,yes,16403.41,no,yes,35-44,6-10,no,Good
15731751,437,France,Female,26,1,120923.52,1,no,yes,78854.57,no,no,25-34,1-2,no,Poor
15635277,605,Spain,Male,47,7,142643.54,1,yes,no,189310.27,no,no,45-54,6-10,yes,Fair
15655252,758,Germany,Male,41,10,79857.64,1,yes,yes,78088.17,no,no,35-44,6-10,no,Very Good
15803941,600,France,Male,46,10,95502.21,1,no,no,19842.18,no,no,45-54,6-10,yes,Fair
15714380,827,France,Male,38,5,0.0,2,no,no,103305.01,no,yes,35-44,3-5,no,Excellent
15666559,608,Germany,Male,23,8,197715.93,2,yes,yes,116124.28,no,no,<25,6-10,no,Fair
15799998,608,France,Female,30,8,85859.76,1,no,no,142730.27,no,no,25-34,6-10,yes,Fair
15703763,554,France,Male,44,7,85304.27,1,yes,yes,58076.52,no,no,35-44,6-10,no,Poor
15795640,683,Germany,Female,35,1,132371.3,2,no,no,186123.57,no,no,25-34,1-2,no,Good
15780056,660,Spain,Male,33,4,0.0,1,yes,no,29664.45,no,yes,25-34,3-5,yes,Fair
15777873,628,France,Female,31,5,0.0,1,no,no,147963.07,yes,yes,25-34,3-5,yes,Fair
15584749,668,Germany,Male,39,4,79896.0,1,yes,no,38466.39,no,no,35-44,3-5,yes,Fair
15765258,776,France,Female,29,5,0.0,2,yes,yes,143301.49,no,yes,25-34,3-5,no,Very Good
15623346,820,France,Male,36,4,0.0,2,yes,no,31422.69,no,yes,35-44,3-5,no,Excellent
15614054,665,France,Male,36,1,0.0,2,no,yes,121505.61,no,yes,35-44,1-2,no,Fair
15766185,850,Germany,Male,31,4,146587.3,1,yes,yes,89874.82,no,no,25-34,3-5,no,Excellent
15667632,703,France,Female,42,7,0.0,2,no,yes,72500.68,no,yes,35-44,6-10,no,Good
15599024,506,Spain,Male,32,8,0.0,2,no,yes,182692.8,no,yes,25-34,6-10,no,Poor
15798709,588,Spain,Male,32,3,109109.33,1,no,yes,4993.94,no,no,25-34,3-5,no,Fair
15741921,622,Spain,Female,26,8,0.0,2,yes,yes,124964.82,no,yes,25-34,6-10,no,Fair
15793671,606,France,Male,34,5,0.0,1,yes,no,161971.42,no,yes,25-34,3-5,yes,Fair
15797900,517,France,Male,56,9,142147.32,1,no,no,39488.04,yes,no,55-64,6-10,yes,Poor
15667932,758,Spain,Female,43,10,0.0,2,yes,yes,55313.44,no,yes,35-44,6-10,no,Very Good
15795933,677,France,Female,49,3,0.0,2,yes,yes,187811.71,no,yes,45-54,3-5,no,Good
15660403,827,Spain,Female,35,0,0.0,2,no,yes,184514.01,no,yes,25-34,0,no,Excellent
15736299,729,France,Female,36,8,109106.8,1,no,no,121311.12,no,no,35-44,6-10,yes,Good
15759034,654,France,Male,36,2,112262.84,1,yes,no,12873.39,no,no,35-44,1-2,yes,Fair
15724663,654,Spain,Female,36,5,0.0,2,no,no,157238.05,no,yes,35-44,3-5,no,Fair
15594556,619,Spain,Male,52,8,0.0,2,yes,yes,123242.11,no,yes,45-54,6-10,no,Fair
15737169,642,Spain,Male,26,8,144238.7,1,yes,yes,184399.76,no,no,25-34,6-10,no,Fair
15632472,472,Spain,Female,32,1,159397.75,1,no,yes,57323.18,no,no,25-34,1-2,no,Poor
15722813,470,Spain,Male,30,4,125385.01,1,yes,no,68293.93,no,no,25-34,3-5,yes,Poor
15588450,633,France,Female,60,8,69365.25,1,yes,yes,10288.24,no,no,55-64,6-10,no,Fair
15736717,602,France,Male,31,7,155271.83,1,yes,yes,179446.31,no,no,25-34,6-10,no,Fair
15680683,640,Spain,Male,29,5,197200.04,2,yes,no,141453.62,no,no,25-34,3-5,no,Fair
15710316,454,Spain,Female,48,5,144837.79,1,yes,yes,93151.77,no,no,45-54,3-5,no,Poor
15746333,562,France,Female,57,3,0.0,3,yes,no,6554.97,yes,yes,55-64,3-5,no,Poor
15606861,636,France,Male,34,8,0.0,2,yes,no,38570.13,no,yes,25-34,6-10,no,Fair
15641285,621,Spain,Male,50,3,163085.79,1,no,yes,131048.36,no,no,45-54,3-5,no,Fair
15662908,795,Germany,Male,38,7,125903.22,2,yes,yes,127068.92,no,no,35-44,6-10,no,Very Good
15814267,550,France,Male,22,6,154377.3,1,yes,yes,51721.52,no,no,<25,6-10,no,Poor
15614923,630,Spain,Male,41,7,107511.52,1,no,yes,46156.87,no,no,35-44,6-10,no,Fair
15579223,573,Germany,Male,30,8,127406.5,1,yes,no,192950.6,no,no,25-34,6-10,yes,Poor
15651389,561,Spain,Male,24,8,143656.55,1,no,yes,180932.46,no,no,<25,6-10,no,Poor
15677087,662,France,Female,39,5,138106.75,1,no,no,19596.73,no,no,35-44,3-5,yes,Fair
15665784,637,France,Male,27,9,128940.24,1,yes,no,46786.92,no,no,25-34,6-10,yes,Fair
15576706,651,Germany,Male,37,9,114453.58,1,no,yes,175820.91,no,no,35-44,6-10,no,Fair
15615473,646,France,Female,33,2,0.0,2,no,no,198208.0,no,yes,25-34,1-2,no,Fair
15587299,567,France,Female,48,3,0.0,1,yes,no,55362.45,no,yes,45-54,3-5,yes,Poor
15655389,638,France,Male,41,1,131762.94,1,yes,yes,47675.29,no,no,35-44,1-2,no,Fair
15784491,725,France,Female,31,6,0.0,1,no,no,61326.43,no,yes,25-34,6-10,yes,Good
15809999,709,France,Female,41,3,150300.65,2,yes,no,71672.86,no,no,35-44,3-5,no,Good
15681115,787,Spain,Male,39,10,108935.39,1,yes,yes,101168.3,no,no,35-44,6-10,no,Very Good
15629390,653,France,Male,37,7,135847.47,1,yes,no,144880.81,no,no,35-44,6-10,yes,Fair
15792668,661,Germany,Male,37,7,109908.06,2,yes,no,115037.67,yes,no,35-44,6-10,no,Fair
15583863,681,Germany,Male,49,8,142946.18,1,no,no,187280.51,yes,no,45-54,6-10,yes,Good
15681878,436,Germany,Male,45,3,104339.11,2,yes,yes,183540.22,yes,no,35-44,3-5,no,Poor
15782875,663,France,Male,33,5,157274.36,2,yes,yes,28531.81,no,no,25-34,3-5,no,Fair
15732235,662,France,Male,64,0,98848.19,1,no,yes,42730.12,no,no,55-64,0,no,Fair
15735909,607,Germany,Female,39,8,105103.33,1,yes,no,104721.5,yes,no,35-44,6-10,yes,Fair
15653448,754,France,Male,34,7,0.0,2,yes,yes,65219.85,no,yes,25-34,6-10,no,Very Good
15587647,850,Germany,Female,66,0,127120.62,1,no,yes,118929.64,yes,no,65+,0,no,Excellent
15701037,578,France,Male,39,2,0.0,2,yes,no,70563.9,no,yes,35-44,1-2,no,Poor
15727499,666,Germany,Female,36,3,129118.5,2,no,no,139435.12,no,no,35-44,3-5,no,Fair
15724838,599,France,Female,43,4,0.0,1,yes,no,170347.1,no,yes,35-44,3-5,yes,Fair
15666711,586,France,Female,46,0,0.0,3,no,yes,131553.82,yes,yes,45-54,0,no,Fair
15588933,825,France,Female,36,3,146053.66,1,yes,yes,138344.7,no,no,35-44,3-5,no,Excellent
15763111,808,Spain,Female,67,10,124577.15,1,no,yes,169894.4,no,no,65+,6-10,no,Excellent
15805676,515,Spain,Male,29,4,151012.55,2,yes,no,9770.97,no,no,25-34,3-5,no,Poor
15586674,663,Spain,Female,58,5,216109.88,1,no,yes,74176.71,yes,no,55-64,3-5,no,Fair
15744553,444,France,Male,34,2,144318.97,1,yes,no,112668.06,no,no,25-34,1-2,yes,Poor
15776629,650,France,Female,39,4,0.0,2,no,no,186275.7,no,yes,35-44,3-5,no,Fair
15647207,609,France,Male,26,7,0.0,2,yes,no,98463.99,no,yes,25-34,6-10,no,Fair
15715638,824,Germany,Male,77,3,27517.15,2,no,yes,2746.41,no,no,65+,3-5,no,Excellent
15750602,662,France,Male,29,5,147092.65,1,yes,no,10928.3,no,no,25-34,3-5,yes,Fair
15766810,699,Germany,Female,51,2,92246.14,2,no,yes,91346.03,no,no,45-54,1-2,no,Good
15756625,752,France,Female,41,8,0.0,2,yes,no,139844.04,yes,yes,35-44,6-10,no,Very Good
15639552,603,Germany,Female,40,8,148897.02,1,no,no,105052.9,no,no,35-44,6-10,yes,Fair
15633213,628,Spain,Male,50,8,0.0,1,no,no,144366.83,yes,yes,45-54,6-10,yes,Fair
15610416,745,France,Female,36,9,0.0,1,yes,no,19605.18,yes,yes,35-44,6-10,yes,Very Good
15715208,804,Germany,Female,33,10,138335.96,1,yes,yes,80483.76,no,no,25-34,6-10,no,Excellent
15619608,454,Germany,Female,50,10,92895.56,1,yes,no,154344.0,yes,no,45-54,6-10,yes,Poor
15628697,631,Spain,Male,46,9,160736.63,1,no,yes,93503.02,no,no,45-54,6-10,no,Fair
15643826,503,France,Male,32,4,0.0,2,yes,yes,153036.97,no,yes,25-34,3-5,no,Poor
15718588,548,France,Female,37,9,0.0,2,no,no,98029.58,no,yes,35-44,6-10,no,Poor
15709741,668,France,Male,28,4,107141.27,1,yes,no,193018.71,no,no,25-34,3-5,yes,Fair
15723318,619,France,Female,55,0,0.0,3,no,no,60810.64,yes,yes,45-54,0,no,Fair
15717328,842,France,Female,37,4,132446.08,2,yes,no,87071.18,yes,no,35-44,3-5,no,Excellent
15771299,707,France,Female,57,1,92053.0,1,yes,yes,164064.44,yes,no,55-64,1-2,no,Good
15706223,715,Spain,Male,38,2,96798.79,2,yes,yes,4554.67,no,no,35-44,1-2,no,Good
15612358,573,Germany,Male,35,9,134498.54,2,yes,yes,119924.8,no,no,25-34,6-10,no,Poor
15769191,509,France,Male,55,8,132387.91,2,yes,yes,170360.11,no,no,45-54,6-10,no,Poor
15618816,670,Germany,Female,40,2,147171.2,1,no,yes,69850.04,no,no,35-44,1-2,no,Fair
15730810,613,Spain,Male,44,9,100524.69,1,yes,yes,47298.95,no,no,35-44,6-10,no,Fair
15783463,678,France,Female,26,1,0.0,2,yes,no,45443.68,no,yes,25-34,1-2,no,Good
15616213,555,Germany,Female,51,9,138214.5,1,yes,no,198715.27,yes,no,45-54,6-10,yes,Poor
15611287,777,France,Female,30,4,0.0,2,no,yes,115611.97,no,yes,25-34,3-5,no,Very Good
15786454,552,Spain,Male,55,3,0.0,1,yes,yes,40333.94,no,yes,45-54,3-5,no,Poor
15768682,640,Spain,Male,39,3,0.0,1,yes,yes,105997.25,no,yes,35-44,3-5,no,Fair
15766172,541,France,Male,34,3,128743.55,1,yes,no,134851.12,no,no,25-34,3-5,yes,Poor
15637646,756,France,Male,31,10,122647.32,1,no,no,61666.87,no,no,25-34,6-10,yes,Very Good
15653404,684,Spain,Female,24,9,79263.9,1,no,yes,196574.48,no,no,<25,6-10,no,Good
15690546,618,France,Female,42,2,0.0,4,no,no,111097.39,yes,yes,35-44,1-2,no,Fair
15735636,604,France,Female,53,2,121389.78,1,yes,yes,48201.64,yes,no,45-54,1-2,no,Fair
15605424,624,Spain,Male,38,7,123906.55,1,yes,no,135096.78,no,no,35-44,6-10,yes,Fair
15568449,661,Spain,Male,38,7,143006.7,1,yes,yes,15650.89,no,no,35-44,6-10,no,Fair
15688085,627,Spain,Female,28,3,157597.61,1,no,yes,34097.22,no,no,25-34,3-5,no,Fair
15683483,812,Spain,Male,38,3,127117.8,2,yes,yes,174822.74,no,no,35-44,3-5,no,Excellent
15659567,473,France,Female,39,9,117103.26,2,yes,yes,85937.52,yes,no,35-44,6-10,no,Poor
15766667,717,Spain,Male,36,2,102989.83,2,no,yes,49185.57,no,no,35-44,1-2,no,Good
15624975,693,Spain,Male,28,1,145118.83,1,no,yes,77742.38,no,no,25-34,1-2,no,Good
15660878,705,France,Male,92,1,126076.24,2,yes,yes,34436.83,no,no,65+,1-2,no,Good
15586557,661,France,Male,41,5,0.0,1,no,yes,88279.6,no,yes,35-44,3-5,no,Fair
15746183,573,France,Female,27,4,0.0,2,yes,yes,157549.6,no,yes,25-34,3-5,no,Poor
15631457,639,France,Male,37,5,98186.7,1,no,yes,173386.95,no,no,35-44,3-5,no,Fair
15754053,718,France,Female,67,7,0.0,3,yes,yes,82782.08,no,yes,65+,6-10,no,Good
15645839,570,France,Male,37,6,0.0,1,yes,yes,187758.5,no,yes,35-44,6-10,no,Poor
15689955,461,France,Female,40,7,0.0,2,yes,no,176547.8,no,yes,35-44,6-10,no,Poor
15593510,638,Germany,Female,33,5,129335.65,1,yes,yes,56585.2,yes,no,25-34,3-5,no,Fair
15654964,608,Spain,Male,48,7,75801.74,1,yes,no,125762.95,no,no,45-54,6-10,yes,Fair
15594039,599,Spain,Male,42,6,0.0,2,yes,no,113868.4,no,yes,35-44,6-10,no,Fair
15625929,762,France,Female,44,7,159316.64,1,no,no,24780.13,no,no,35-44,6-10,yes,Very Good
15815295,662,France,Female,38,2,96479.81,1,yes,no,120259.41,no,no,35-44,1-2,yes,Fair
15621818,747,Germany,Male,29,7,117726.33,1,yes,yes,175398.34,no,no,25-34,6-10,no,Very Good
15652700,539,France,Male,39,6,0.0,2,yes,yes,86767.48,no,yes,35-44,6-10,no,Poor
15636860,625,France,Male,43,4,122351.29,1,yes,no,71216.6,no,no,35-44,3-5,yes,Fair
15569432,656,France,Female,48,9,0.0,2,yes,yes,85240.61,yes,yes,45-54,6-10,no,Fair
15751455,469,France,Female,48,5,0.0,1,yes,no,160529.71,yes,yes,45-54,3-5,yes,Poor
15800583,621,Spain,Female,43,8,0.0,1,no,no,102806.6,no,yes,35-44,6-10,yes,Fair
15770214,754,France,Female,27,7,0.0,2,yes,no,144134.64,no,yes,25-34,6-10,no,Very Good
15613463,679,Germany,Female,50,6,132598.38,2,yes,yes,184017.98,no,no,45-54,6-10,no,Good
15587066,535,France,Male,38,2,119272.29,1,no,no,195896.59,yes,no,35-44,1-2,yes,Poor
15693752,487,France,Male,37,2,0.0,2,yes,yes,126722.57,no,yes,35-44,1-2,no,Poor
15714874,850,France,Female,42,3,0.0,2,yes,yes,176883.42,no,yes,35-44,3-5,no,Excellent
15657809,585,France,Male,55,10,106415.57,3,yes,yes,122960.98,yes,no,45-54,6-10,no,Fair
15651955,603,France,Male,31,4,0.0,2,no,yes,9607.1,no,yes,25-34,3-5,no,Fair
15570912,728,Germany,Female,32,9,127772.1,2,yes,yes,152643.48,no,no,25-34,6-10,no,Good
15640266,621,Spain,Male,41,5,104631.67,1,yes,yes,95551.22,no,no,35-44,3-5,no,Fair
15652069,833,France,Male,30,1,0.0,2,yes,no,141860.62,no,yes,25-34,1-2,no,Excellent
15596074,502,France,Male,37,10,0.0,1,yes,yes,76642.68,no,yes,35-44,6-10,no,Poor
15800268,825,Germany,Male,37,6,118050.79,1,no,yes,52301.15,no,no,35-44,6-10,no,Excellent
15809847,668,France,Male,46,0,0.0,2,no,no,29388.02,no,yes,45-54,0,no,Fair
15599074,487,Spain,Female,40,6,136093.74,1,no,yes,193408.43,no,no,35-44,6-10,no,Poor
15599591,600,Germany,Female,39,7,88477.36,2,yes,no,58632.37,no,no,35-44,6-10,no,Fair
15776096,606,Spain,Male,34,3,161572.24,1,no,yes,191076.22,no,no,25-34,3-5,no,Fair
15611669,623,Germany,Male,50,7,126608.37,1,no,yes,645.61,yes,no,45-54,6-10,no,Fair
15694098,575,France,Female,54,9,68332.96,1,yes,yes,144390.75,no,no,45-54,6-10,no,Poor
15713347,577,Spain,Male,48,6,179852.26,1,yes,no,193580.32,no,no,45-54,6-10,yes,Poor
15713094,651,France,Female,25,8,0.0,2,yes,yes,126761.2,no,yes,<25,6-10,no,Fair
15811978,693,Germany,Male,46,2,104763.41,1,yes,yes,62368.33,no,no,45-54,1-2,no,Good
15799925,800,France,Male,60,6,88541.57,2,yes,yes,131718.12,no,no,55-64,6-10,no,Very Good
15692575,760,France,Male,38,6,162888.73,1,yes,no,91098.76,yes,no,35-44,6-10,yes,Very Good
15743149,711,France,Female,35,8,0.0,1,yes,yes,67508.01,no,yes,25-34,6-10,no,Good
15776947,637,Spain,Male,43,8,0.0,1,yes,no,12156.93,yes,yes,35-44,6-10,yes,Fair
15700656,662,France,Male,32,9,0.0,2,no,no,65089.38,no,yes,25-34,6-10,no,Fair
15594515,568,France,Female,44,7,0.0,2,no,no,62370.67,yes,yes,35-44,6-10,no,Poor
15787884,692,France,Female,30,7,0.0,2,yes,yes,18826.34,no,yes,25-34,6-10,no,Good
15577988,614,France,Female,35,1,0.0,2,yes,yes,3342.62,no,yes,25-34,1-2,no,Fair
15795586,478,France,Male,35,1,92474.05,1,yes,no,178626.07,no,no,25-34,1-2,yes,Poor
15677739,562,France,Male,36,6,0.0,2,yes,no,32845.32,no,yes,35-44,6-10,no,Poor
15720134,709,Germany,Male,30,9,115479.48,2,yes,yes,134732.99,no,no,25-34,6-10,no,Good
15688868,684,France,Female,26,5,87098.91,1,no,no,106095.82,no,no,25-34,3-5,yes,Good
15642996,546,Germany,Female,42,9,86351.85,2,yes,no,57380.13,no,no,35-44,6-10,no,Poor
15771222,779,France,Female,42,5,0.0,2,no,no,25951.91,no,yes,35-44,3-5,no,Very Good
15605059,576,Germany,Male,63,3,148843.56,1,yes,no,69414.13,yes,no,55-64,3-5,yes,Poor
15568088,481,Germany,Male,44,3,163714.52,1,yes,no,96123.72,no,no,35-44,3-5,yes,Poor
15665943,445,France,Male,25,6,0.0,2,yes,no,119425.94,no,yes,<25,6-10,no,Poor
15795571,606,Spain,Male,36,0,94153.56,1,no,yes,120138.27,no,no,35-44,0,no,Fair
15662243,559,France,Male,50,5,162702.35,1,no,no,150548.5,yes,no,45-54,3-5,yes,Poor
15593128,608,France,Female,56,10,129255.2,2,yes,no,142492.04,yes,no,55-64,6-10,no,Fair
15589739,698,France,Male,41,3,90605.29,1,yes,yes,14357.0,no,no,35-44,3-5,no,Good
15787602,568,Spain,Male,39,5,0.0,2,yes,yes,129569.92,no,yes,35-44,3-5,no,Poor
15685019,528,France,Male,29,3,102787.42,1,yes,no,55972.56,no,no,25-34,3-5,yes,Poor
15704209,802,France,Female,39,7,120145.96,2,no,yes,59497.01,yes,no,35-44,6-10,no,Excellent
15605264,669,Germany,Male,47,0,63723.78,2,yes,yes,181928.25,no,no,45-54,0,no,Fair
15708265,581,Spain,Female,24,10,159203.71,1,yes,yes,102517.83,yes,no,<25,6-10,no,Fair
15740264,640,France,Male,38,9,0.0,2,yes,no,88827.67,no,yes,35-44,6-10,no,Fair
15615477,529,Spain,Female,44,1,0.0,2,no,no,14161.3,no,yes,35-44,1-2,no,Poor
15727361,547,France,Female,51,1,0.0,2,yes,yes,56908.41,no,yes,45-54,1-2,no,Poor
15760216,718,France,Female,49,10,0.0,1,yes,no,184474.72,yes,yes,45-54,6-10,yes,Good
15806134,707,Germany,Male,34,9,162691.16,2,yes,no,94912.78,no,no,25-34,6-10,no,Good
15601351,735,France,Male,43,9,127806.91,1,yes,yes,73069.59,no,no,35-44,6-10,no,Good
15669262,765,France,Male,43,9,157960.49,2,no,no,136602.8,no,no,35-44,6-10,no,Very Good
15696989,469,Germany,Female,52,8,139493.25,3,no,no,150093.32,yes,no,45-54,6-10,no,Poor
15688498,594,Germany,Female,21,2,87096.82,2,yes,no,168186.11,no,no,<25,1-2,no,Fair
15686964,675,France,Female,34,10,84944.58,1,no,no,146230.63,no,no,25-34,6-10,yes,Good
15625035,703,France,Male,50,8,160139.59,2,yes,yes,79314.1,no,no,45-54,6-10,no,Good
15618391,810,France,Male,33,6,0.0,2,yes,yes,77965.67,no,yes,25-34,6-10,no,Excellent
15591344,715,Spain,Male,42,6,0.0,2,yes,yes,128745.69,no,yes,35-44,6-10,no,Good
15605455,664,France,Male,40,9,0.0,2,yes,no,194767.3,no,yes,35-44,6-10,no,Fair
15680804,850,France,Male,29,6,0.0,2,yes,yes,10672.54,no,yes,25-34,6-10,no,Excellent
15768282,724,Germany,Male,36,6,94615.11,2,yes,yes,10627.21,no,no,35-44,6-10,no,Good
15685826,563,France,Male,30,7,90727.79,1,yes,no,122268.75,no,no,25-34,6-10,yes,Poor
15793491,714,Germany,Male,26,3,119545.48,2,yes,no,65482.94,no,no,25-34,3-5,no,Good
15797787,614,France,Male,36,1,118311.76,1,yes,no,146134.68,no,no,35-44,1-2,yes,Fair
15611171,740,France,Male,33,1,129574.98,1,yes,yes,123300.38,no,no,25-34,1-2,no,Good
15601627,587,France,Male,33,8,148163.57,1,no,no,122925.4,no,no,25-34,6-10,yes,Fair
15734085,465,Germany,Male,24,5,117154.9,1,yes,yes,127744.02,no,no,<25,3-5,no,Poor
15809309,689,Spain,Female,40,5,154251.67,1,no,yes,118319.5,no,no,35-44,3-5,no,Good
15809462,656,France,Male,30,3,0.0,2,no,yes,17104.0,no,yes,25-34,3-5,no,Fair
15634628,579,France,Female,33,1,65667.79,2,no,no,164608.98,no,no,25-34,1-2,no,Poor
15775678,716,France,Female,44,1,0.0,1,yes,yes,152108.47,no,yes,35-44,1-2,no,Good
15579526,551,France,Male,42,1,50194.59,1,yes,yes,23399.58,no,no,35-44,1-2,no,Poor
15779103,527,Germany,Female,39,9,96748.89,2,yes,no,94711.43,no,no,35-44,6-10,no,Poor
15738715,600,France,Female,37,4,0.0,3,yes,no,7312.25,yes,yes,35-44,3-5,no,Fair
15593943,685,France,Female,43,1,132667.17,1,yes,yes,41876.98,no,no,35-44,1-2,no,Good
15754574,738,Spain,Male,36,5,0.0,2,yes,yes,96881.32,no,yes,35-44,3-5,no,Good
15737814,622,France,Male,41,2,127087.06,1,yes,no,102402.91,yes,no,35-44,1-2,yes,Fair
15670889,528,France,Male,34,1,125566.9,1,yes,yes,176763.27,no,no,25-34,1-2,no,Poor
15629299,546,Germany,Female,52,1,106074.89,1,yes,yes,23548.45,yes,no,45-54,1-2,no,Poor
15771569,576,Germany,Male,46,4,137367.94,1,yes,yes,33450.11,no,no,45-54,3-5,no,Poor
15811927,733,France,Female,38,3,157658.36,1,no,no,19658.43,no,no,35-44,3-5,yes,Good
15785654,727,Germany,Male,45,6,114422.85,2,yes,yes,104678.78,yes,no,35-44,6-10,no,Good
15665524,605,Spain,Male,41,5,103154.66,1,no,no,143203.78,no,no,35-44,3-5,yes,Fair
15736287,586,France,Male,33,9,0.0,1,yes,no,6975.02,no,yes,25-34,6-10,yes,Fair
15765732,564,Spain,Female,24,6,149592.14,1,yes,yes,153771.8,no,no,<25,6-10,no,Poor
15797381,593,Germany,Female,48,3,133903.12,2,yes,yes,85902.39,yes,no,45-54,3-5,no,Fair
15598536,736,Germany,Female,26,0,84587.9,1,no,yes,188037.76,no,no,25-34,0,no,Good
15664506,675,Spain,Male,32,8,197436.82,1,yes,yes,52710.7,no,no,25-34,6-10,no,Good
15575619,656,Spain,Female,32,1,104254.27,1,yes,yes,17034.37,no,no,25-34,1-2,no,Fair
15587394,462,France,Male,39,4,140133.08,2,no,no,131304.45,no,no,35-44,3-5,no,Poor
15654457,685,Spain,Female,30,2,0.0,3,yes,yes,172576.43,yes,yes,25-34,1-2,no,Good
15762793,850,Germany,Female,36,0,136980.23,2,yes,yes,99019.65,no,no,35-44,0,no,Excellent
15658067,636,Germany,Female,48,3,120568.41,1,yes,no,190160.04,yes,no,45-54,3-5,yes,Fair
15642816,850,France,Female,27,7,43658.33,2,yes,yes,3025.49,no,no,25-34,6-10,no,Excellent
15693088,628,France,Female,37,9,0.0,2,yes,yes,34689.77,no,yes,35-44,6-10,no,Fair
15793883,798,France,Male,28,3,0.0,2,yes,no,2305.27,no,yes,25-34,3-5,no,Very Good
15665283,610,France,Female,57,7,72092.95,4,no,yes,113228.82,yes,no,55-64,6-10,no,Fair
15680421,591,France,Female,42,10,0.0,2,no,no,171099.22,no,yes,35-44,6-10,no,Fair
15695148,614,Spain,Female,37,9,0.0,2,yes,yes,62023.1,no,yes,35-44,6-10,no,Fair
15636592,651,France,Male,35,0,181821.96,2,no,yes,36923.67,yes,no,25-34,0,no,Fair
15772618,665,France,Male,25,7,90920.75,1,no,yes,112256.57,no,no,<25,6-10,no,Fair
15724453,570,France,Male,23,2,0.0,1,no,no,198830.98,no,yes,<25,1-2,yes,Poor
15565878,631,Spain,Male,29,3,0.0,2,yes,yes,197963.46,no,yes,25-34,3-5,no,Fair
15609160,586,France,Male,32,1,0.0,2,no,no,31635.99,no,yes,25-34,1-2,no,Fair
15678460,691,France,Male,30,9,0.0,1,yes,no,49594.02,no,yes,25-34,6-10,yes,Good
15662571,639,France,Male,35,8,0.0,2,yes,no,170483.9,no,yes,25-34,6-10,no,Fair
15606849,698,France,Female,27,1,94920.71,1,yes,yes,40339.9,no,no,25-34,1-2,no,Good
15670738,733,Germany,Male,45,2,113939.36,2,yes,no,3218.71,no,no,35-44,1-2,no,Good
15662641,850,France,Male,19,8,0.0,1,yes,yes,68569.89,no,yes,<25,6-10,no,Excellent
15727539,618,France,Female,31,4,0.0,2,yes,no,29176.04,no,yes,25-34,3-5,no,Fair
15651020,473,France,Female,25,6,110666.42,2,no,no,46758.42,no,no,<25,6-10,no,Poor
15673877,490,France,Male,39,1,0.0,3,yes,no,171060.01,yes,yes,35-44,1-2,no,Poor
15760865,754,Germany,Female,48,7,141819.02,1,yes,no,93550.53,yes,no,45-54,6-10,yes,Very Good
15705009,649,France,Female,56,8,156974.26,1,yes,no,89405.26,yes,no,55-64,6-10,yes,Fair
15657540,578,France,Male,50,5,151215.34,2,yes,no,169804.4,no,no,45-54,3-5,no,Poor
15707441,690,Spain,Male,26,8,116318.23,1,yes,yes,83253.05,no,no,25-34,6-10,no,Good
15694765,610,Germany,Male,49,6,113882.33,1,yes,no,195813.81,yes,no,45-54,6-10,yes,Fair
15649086,596,France,Male,42,7,0.0,2,yes,yes,121568.37,no,yes,35-44,6-10,no,Fair
15650488,492,France,Female,48,6,127253.98,1,yes,yes,92144.09,yes,no,45-54,6-10,no,Poor
15760924,575,Spain,Male,41,2,100062.39,1,no,no,126307.25,no,no,35-44,1-2,yes,Poor
15700263,569,France,Male,66,2,0.0,1,yes,no,130784.2,yes,yes,65+,1-2,yes,Poor
15806922,674,Spain,Female,41,4,126605.14,1,yes,yes,166694.93,no,no,35-44,3-5,no,Good
15637522,507,France,Female,31,0,106942.08,1,no,yes,44001.11,no,no,25-34,0,no,Poor
15636548,457,Spain,Male,44,7,0.0,2,no,no,185992.36,no,yes,35-44,6-10,no,Poor
15566891,584,Germany,Female,41,3,88594.93,1,yes,no,178997.89,no,no,35-44,3-5,yes,Fair
15627185,744,Germany,Male,29,6,123737.04,2,yes,no,141558.04,no,no,25-34,6-10,no,Very Good
15754012,687,France,Female,35,1,110752.15,2,yes,yes,47921.22,no,no,25-34,1-2,no,Good
15627514,688,Spain,Female,46,3,0.0,2,no,yes,104902.68,no,yes,45-54,3-5,no,Good
15661433,519,France,Male,34,5,0.0,1,yes,no,68479.6,no,yes,25-34,3-5,yes,Poor
15610653,733,Spain,Female,38,5,0.0,2,yes,yes,1271.51,no,yes,35-44,3-5,no,Good
15667002,666,Spain,Male,43,5,0.0,2,yes,no,29346.1,no,yes,35-44,3-5,no,Fair
15709199,511,Spain,Female,40,1,0.0,1,yes,yes,184118.73,no,yes,35-44,1-2,no,Poor
15710087,705,Germany,Female,54,3,125889.3,3,yes,no,96013.5,yes,no,45-54,3-5,no,Good
15679884,544,France,Male,48,10,78314.63,3,yes,yes,103713.93,yes,no,45-54,6-10,no,Poor
15784180,564,France,Female,36,7,206329.65,1,yes,yes,46632.87,yes,no,35-44,6-10,no,Poor
15808849,702,France,Male,40,7,145536.9,1,no,yes,135334.24,no,no,35-44,6-10,no,Good
15751549,658,Germany,Male,31,2,77082.65,2,no,no,13482.28,no,no,25-34,1-2,no,Fair
15588235,654,France,Female,24,8,145081.73,1,yes,yes,130075.07,no,no,<25,6-10,no,Fair
15640418,649,Germany,Female,41,4,115897.73,1,yes,no,143544.48,no,no,35-44,3-5,yes,Fair
15721116,597,Spain,Male,24,0,108058.07,2,yes,yes,187826.11,no,no,<25,0,no,Fair
15599084,782,France,Male,33,7,191523.09,1,yes,yes,167058.75,no,no,25-34,6-10,no,Very Good
15773394,644,France,Male,38,3,0.0,2,yes,yes,79928.41,no,yes,35-44,3-5,no,Fair
15625713,679,Spain,Female,39,7,91187.9,1,no,yes,6075.36,no,no,35-44,6-10,no,Good
15766417,678,France,Female,60,2,0.0,2,yes,yes,43821.56,no,yes,55-64,1-2,no,Good
15622578,806,France,Male,34,5,113958.55,1,no,yes,32125.98,no,no,25-34,3-5,no,Excellent
15799924,668,Spain,Male,43,1,147167.25,1,no,no,141679.73,no,no,35-44,1-2,yes,Fair
15618363,659,Germany,Male,29,9,82916.48,1,yes,yes,84133.48,no,no,25-34,6-10,no,Fair
15637138,660,France,Male,34,1,0.0,2,yes,no,9692.58,no,yes,25-34,1-2,no,Fair
15781665,601,France,Female,37,5,0.0,1,no,no,20708.6,no,yes,35-44,3-5,yes,Fair
15804853,781,France,Female,48,0,57098.96,1,yes,no,85644.06,yes,no,45-54,0,yes,Very Good
15651627,628,Germany,Male,39,1,115341.19,1,yes,yes,107674.3,yes,no,35-44,1-2,no,Fair
15680685,751,France,Male,30,3,165257.2,1,no,no,134822.05,no,no,25-34,3-5,yes,Very Good
15808930,531,France,Female,37,1,0.0,1,yes,no,4606.97,no,yes,35-44,1-2,yes,Poor
15570970,647,France,Female,42,9,0.0,2,yes,yes,51362.82,no,yes,35-44,6-10,no,Fair
15679961,708,Spain,Male,46,7,68799.72,1,yes,yes,39704.14,no,no,45-54,6-10,no,Good
15705458,550,Spain,Male,39,2,116120.19,2,yes,yes,195638.13,no,no,35-44,1-2,no,Poor
15750396,670,France,Male,33,1,0.0,2,yes,yes,86413.11,no,yes,25-34,1-2,no,Fair
15679928,592,France,Female,31,2,84102.11,2,no,yes,116385.24,no,no,25-34,1-2,no,Fair
15711181,589,France,Female,50,4,0.0,2,no,yes,182076.97,no,yes,45-54,3-5,no,Fair
15698324,725,France,Female,33,4,0.0,1,yes,yes,67879.8,no,yes,25-34,3-5,no,Good
15807433,570,France,Female,43,9,0.0,2,no,yes,11417.26,no,yes,35-44,6-10,no,Poor
15636590,575,France,Male,46,1,0.0,2,yes,yes,65998.26,no,yes,45-54,1-2,no,Poor
15628950,501,Germany,Male,25,6,104013.79,1,yes,no,114774.35,no,no,<25,6-10,yes,Poor
15617206,431,Germany,Male,42,8,120822.86,2,yes,no,126153.24,no,no,35-44,6-10,no,Poor
15603741,719,Spain,Male,40,4,128389.12,1,yes,yes,176091.31,no,no,35-44,3-5,no,Good
15742607,850,Germany,Male,36,7,102800.72,1,yes,yes,87352.43,no,no,35-44,6-10,no,Excellent
15747821,554,Germany,Female,31,6,135470.9,1,yes,no,107074.81,no,no,25-34,6-10,yes,Poor
15612043,418,France,Male,36,7,90145.04,1,yes,yes,69157.93,no,no,35-44,6-10,no,Poor
15809558,715,Spain,Male,31,7,0.0,1,yes,yes,149970.59,no,yes,25-34,6-10,no,Good
15803750,750,Spain,Female,33,3,161801.47,1,no,yes,153288.97,yes,no,25-34,3-5,no,Very Good
15704681,766,Germany,Male,37,2,99660.13,2,no,yes,147700.78,no,no,35-44,1-2,no,Very Good
15667392,652,Spain,Female,38,6,123081.84,2,yes,yes,188657.97,no,no,35-44,6-10,no,Fair
15738889,658,France,Male,42,8,102870.93,1,no,yes,103764.55,yes,no,35-44,6-10,no,Fair
15598838,659,France,Female,37,1,151105.68,1,yes,yes,140934.57,no,no,35-44,1-2,no,Fair
15579109,574,Germany,Male,35,5,163856.76,1,yes,yes,15118.2,no,no,25-34,3-5,no,Poor
15799042,611,France,Male,38,7,0.0,1,yes,yes,63202.0,no,yes,35-44,6-10,no,Fair
15697042,738,Spain,Male,35,8,127290.61,1,yes,no,16081.62,no,no,25-34,6-10,yes,Good
15696605,571,France,Male,49,4,180614.04,1,no,no,523.0,no,no,45-54,3-5,yes,Poor
15802274,686,France,Female,44,7,55053.62,1,yes,no,181757.19,no,no,35-44,6-10,yes,Good
15596808,679,Spain,Male,33,4,96110.22,1,yes,no,1173.23,no,no,25-34,3-5,yes,Good
15705403,617,Spain,Female,46,3,106521.49,1,no,yes,86587.37,no,no,45-54,3-5,no,Fair
15732903,673,France,Male,39,7,82255.51,2,yes,no,109545.56,no,no,35-44,6-10,no,Good
15581968,745,France,Female,33,1,0.0,2,yes,yes,174431.01,no,yes,25-34,1-2,no,Very Good
15683892,677,Germany,Female,26,3,102395.79,1,yes,no,119368.99,no,no,25-34,3-5,yes,Good
15595447,613,Spain,Male,39,8,118201.41,1,yes,no,23315.59,no,no,35-44,6-10,yes,Fair
15569249,576,France,Female,55,6,44582.07,3,no,yes,67539.85,yes,no,45-54,6-10,no,Poor
15656188,584,Spain,Female,30,5,0.0,2,yes,yes,185201.58,no,yes,25-34,3-5,no,Fair
15689661,663,France,Male,22,6,0.0,2,no,yes,131827.15,no,yes,<25,6-10,no,Fair
15644934,466,France,Male,26,9,105522.06,1,yes,no,10842.46,no,no,25-34,6-10,yes,Poor
15721793,510,Germany,Female,50,7,123936.54,1,yes,yes,23768.01,no,no,45-54,6-10,no,Poor
15687413,619,Spain,Female,38,6,0.0,2,yes,yes,117616.29,no,yes,35-44,6-10,no,Fair
15761286,696,Germany,Female,66,7,119499.42,2,yes,yes,174027.3,no,no,65+,6-10,no,Good
15658240,554,France,Female,44,9,135814.7,2,no,no,115091.38,no,no,35-44,6-10,no,Poor
15706232,595,France,Male,52,9,0.0,1,yes,yes,106340.66,yes,yes,45-54,6-10,no,Fair
15583394,659,Germany,Male,39,8,106259.63,2,yes,yes,198103.32,no,no,35-44,6-10,no,Fair
15715643,662,France,Male,44,8,0.0,2,yes,yes,175314.87,no,yes,35-44,6-10,no,Fair
15644856,556,Spain,Male,38,2,115463.16,1,yes,no,150679.65,no,no,35-44,1-2,yes,Poor
15785488,701,Spain,Female,39,9,0.0,2,yes,yes,110043.88,no,yes,35-44,6-10,no,Good
15711571,587,Spain,Male,42,5,120233.83,1,yes,no,194890.33,no,no,35-44,3-5,yes,Fair
15778604,571,France,Female,47,7,0.0,2,no,no,112366.98,no,yes,45-54,6-10,no,Poor
15751180,539,France,Female,40,7,81132.21,1,yes,no,167289.82,no,no,35-44,6-10,yes,Poor
15748360,644,Germany,Female,34,10,122196.99,2,yes,yes,182099.71,no,no,25-34,6-10,no,Fair
15770039,572,Germany,Male,39,4,112290.22,1,yes,no,49373.97,yes,no,35-44,3-5,yes,Poor
15685096,753,France,Female,50,4,0.0,2,yes,yes,861.4,no,yes,45-54,3-5,no,Very Good
15669501,706,France,Male,35,5,0.0,2,yes,yes,81718.37,no,yes,25-34,3-5,no,Good
15622631,588,France,Male,44,8,154409.74,1,yes,no,49324.03,yes,no,35-44,6-10,yes,Fair
15586699,825,France,Male,32,9,0.0,2,no,no,9751.03,no,yes,25-34,6-10,no,Excellent
15702377,627,Spain,Male,48,1,132759.8,1,yes,no,78899.22,no,no,45-54,1-2,yes,Fair
15577170,532,France,Male,60,5,76705.87,2,no,yes,13889.73,no,no,55-64,3-5,no,Poor
15769451,764,France,Female,44,1,0.0,2,yes,yes,11467.38,no,yes,35-44,1-2,no,Very Good
15811877,700,France,Female,36,4,0.0,2,yes,no,130789.15,no,yes,35-44,3-5,no,Good
15648725,660,France,Male,41,3,0.0,2,yes,yes,108665.89,no,yes,35-44,3-5,no,Fair
15752801,518,Germany,Male,29,9,125961.74,2,yes,no,160303.08,yes,no,25-34,6-10,no,Poor
15808175,557,France,Female,39,7,49572.73,1,yes,no,115287.99,yes,no,35-44,6-10,yes,Poor
15681342,639,France,Female,35,1,103015.12,2,yes,yes,139094.12,no,no,25-34,1-2,no,Fair
15589210,557,France,Female,24,4,0.0,1,no,no,20515.72,no,yes,<25,3-5,yes,Poor
15696826,633,France,Female,32,1,104001.38,1,no,yes,36642.65,no,no,25-34,1-2,no,Fair
15614962,623,Spain,Female,50,2,87116.71,1,yes,yes,104382.11,no,no,45-54,1-2,no,Fair
15689061,611,France,Male,68,5,82547.11,2,yes,yes,146448.01,no,no,65+,3-5,no,Fair
15640074,666,Spain,Female,47,5,0.0,1,no,no,166650.9,yes,yes,45-54,3-5,yes,Fair
15776156,521,France,Male,27,4,121325.84,1,yes,yes,164223.7,yes,no,25-34,3-5,no,Poor
15739548,775,France,Male,28,9,111167.7,1,yes,no,149331.01,no,no,25-34,6-10,yes,Very Good
15662854,681,Germany,Male,48,5,139714.4,2,no,no,73066.72,no,no,45-54,3-5,no,Good
15687688,564,Germany,Female,32,10,139875.2,2,yes,no,15378.23,no,no,25-34,6-10,no,Poor
15715750,646,Germany,Female,44,2,113063.83,1,no,no,53072.49,yes,no,35-44,1-2,yes,Fair
15571121,670,France,Female,50,8,138340.06,1,no,yes,3159.15,no,no,45-54,6-10,no,Fair
15726466,751,France,Male,43,1,114974.24,1,yes,no,125920.54,no,no,35-44,1-2,yes,Very Good
15660390,544,France,Female,33,6,0.0,2,yes,yes,124113.04,no,yes,25-34,6-10,no,Poor
15663942,639,France,Female,38,5,0.0,2,no,no,93716.38,no,yes,35-44,3-5,no,Fair
15638610,635,Germany,Female,65,5,117325.54,1,yes,no,155799.86,yes,no,55-64,3-5,yes,Fair
15644446,672,France,Female,28,6,0.0,1,no,yes,8814.69,no,yes,25-34,6-10,no,Good
15585892,639,France,Female,35,8,0.0,1,no,no,164453.98,no,yes,25-34,6-10,yes,Fair
15609356,697,France,Female,25,1,0.0,2,no,no,87803.32,no,yes,<25,1-2,no,Good
15803378,850,Spain,Male,44,8,0.0,2,yes,yes,183617.32,no,yes,35-44,6-10,no,Excellent
15599440,748,France,Female,34,8,0.0,2,yes,no,53584.03,no,yes,25-34,6-10,no,Very Good
15692408,463,Spain,Female,35,2,0.0,2,yes,yes,1950.93,no,yes,25-34,1-2,no,Poor
15683168,572,France,Female,30,6,0.0,1,no,yes,175025.27,no,yes,25-34,6-10,no,Poor
15790254,741,Spain,Male,50,1,78737.61,1,yes,yes,13018.96,no,no,45-54,1-2,no,Very Good
15767729,646,Spain,Male,25,5,182876.88,2,yes,yes,42537.59,yes,no,<25,3-5,no,Fair
15768600,805,Germany,Male,50,9,130023.38,1,yes,no,62989.82,yes,no,45-54,6-10,yes,Excellent
15699839,637,France,Male,36,2,152606.82,1,yes,yes,71692.8,no,no,35-44,1-2,no,Fair
15786237,651,France,Male,28,7,0.0,2,yes,no,823.96,no,yes,25-34,6-10,no,Fair
15694530,672,France,Male,28,4,167268.98,1,yes,yes,169469.3,no,no,25-34,3-5,no,Good
15796813,493,France,Male,54,3,167831.88,2,yes,no,150159.95,yes,no,45-54,3-5,no,Poor
15605791,524,Germany,Male,29,9,144287.6,2,yes,no,32063.3,no,no,25-34,6-10,no,Poor
15714087,624,Germany,Female,45,5,151855.33,1,yes,no,68794.15,no,no,35-44,3-5,yes,Fair
15711446,569,Spain,Female,51,3,0.0,3,yes,no,75084.96,yes,yes,45-54,3-5,no,Poor
15588123,677,France,Female,27,2,0.0,2,no,yes,114685.92,no,yes,25-34,1-2,no,Good
15748552,464,Germany,Male,37,4,155994.15,1,no,no,143665.44,no,no,35-44,3-5,yes,Poor
15618410,718,Germany,Male,26,7,147527.03,1,no,no,51099.56,no,no,25-34,6-10,yes,Good
15672432,594,France,Female,53,4,0.0,1,yes,no,5408.74,yes,yes,45-54,3-5,yes,Fair
15610042,574,France,Male,33,8,100267.03,1,yes,no,103006.27,no,no,25-34,6-10,yes,Poor
15580914,478,Spain,Male,48,0,83287.05,2,no,yes,44147.95,yes,no,45-54,0,no,Poor
15583680,615,Spain,Male,41,4,0.0,1,no,yes,149278.96,no,yes,35-44,3-5,no,Fair
15813718,651,Spain,Male,45,4,0.0,2,no,no,193009.21,no,yes,35-44,3-5,no,Fair
15767264,465,Germany,Male,53,1,117438.17,1,no,no,74898.8,yes,no,45-54,1-2,yes,Poor
15686461,558,France,Female,56,7,121235.05,2,yes,yes,116253.1,no,no,55-64,6-10,no,Poor
15678882,540,Germany,Male,37,3,129965.18,1,no,no,19374.08,no,no,35-44,3-5,yes,Poor
15789611,568,Germany,Male,46,8,150836.92,1,no,no,64516.8,yes,no,45-54,6-10,yes,Poor
15668679,630,France,Male,31,0,0.0,2,yes,yes,34475.14,no,yes,25-34,0,no,Fair
15631685,523,Germany,Male,60,1,163894.35,1,no,yes,57061.71,no,no,55-64,1-2,no,Poor
15655658,678,France,Female,48,2,0.0,2,yes,yes,32301.88,no,yes,45-54,1-2,no,Good
15753591,438,France,Male,38,2,0.0,2,yes,no,136859.55,no,yes,35-44,1-2,no,Poor
15617348,544,France,Male,44,1,0.0,2,no,no,69244.24,no,yes,35-44,1-2,no,Poor
15704581,595,Germany,Male,34,2,87967.42,2,no,yes,156309.52,no,no,25-34,1-2,no,Fair
15738487,678,France,Male,26,3,0.0,2,yes,no,4989.33,no,yes,25-34,3-5,no,Good
15648069,850,France,Female,36,6,0.0,2,yes,yes,190194.95,no,yes,35-44,6-10,no,Excellent
15737627,589,Germany,Female,20,2,121093.29,2,yes,no,3529.72,no,no,<25,1-2,no,Fair
15731586,785,Spain,Female,31,2,121691.54,2,no,no,81778.72,no,no,25-34,1-2,no,Very Good
15757467,563,Spain,Male,57,6,0.0,2,yes,yes,39297.48,no,yes,55-64,6-10,no,Poor
15597709,602,France,Female,39,6,154121.32,2,yes,no,176614.86,yes,no,35-44,6-10,no,Fair
15720529,591,France,Male,29,6,0.0,2,yes,yes,108684.65,no,yes,25-34,6-10,no,Fair
15596797,643,Spain,Male,43,1,0.0,2,yes,yes,145764.4,no,yes,35-44,1-2,no,Fair
15681755,605,France,Female,32,5,0.0,2,yes,yes,42135.28,no,yes,25-34,3-5,no,Fair
15815271,755,Germany,Male,43,6,165048.5,3,yes,no,16929.41,yes,no,35-44,6-10,no,Very Good
15682860,769,Spain,Male,38,6,0.0,2,no,no,104393.78,no,yes,35-44,6-10,no,Very Good
15621546,620,France,Female,33,9,127638.35,1,yes,yes,192717.57,no,no,25-34,6-10,no,Fair
15705918,725,France,Male,31,8,0.0,2,yes,yes,59650.42,no,yes,25-34,6-10,no,Good
15684512,818,Germany,Female,72,8,135290.42,2,yes,yes,63729.72,no,no,65+,6-10,no,Excellent
15671769,624,France,Female,71,4,170252.05,3,yes,yes,73679.59,yes,no,65+,3-5,no,Fair
15642934,669,Germany,Female,35,4,108269.2,2,yes,no,174969.92,no,no,25-34,3-5,no,Fair
15594305,712,France,Female,32,1,0.0,2,yes,no,1703.58,no,yes,25-34,1-2,no,Good
15789201,603,Germany,Female,35,9,145623.36,1,yes,no,163181.62,no,no,25-34,6-10,yes,Fair
15706762,597,France,Female,41,4,145809.53,2,yes,yes,52319.26,no,no,35-44,3-5,no,Fair
15766183,580,Germany,Male,76,2,130334.84,2,yes,yes,51672.08,no,no,65+,1-2,no,Poor
15777994,718,France,Female,39,3,0.0,2,yes,yes,145355.11,no,yes,35-44,3-5,no,Good
15568162,527,Spain,Male,53,8,0.0,1,yes,yes,51711.57,no,yes,45-54,6-10,no,Poor
15680643,729,Spain,Female,42,1,0.0,2,yes,yes,149535.97,no,yes,35-44,1-2,no,Good
15761854,746,France,Female,24,4,0.0,1,no,yes,94105.0,no,yes,<25,3-5,no,Very Good
15730793,699,Germany,Female,54,3,111009.32,1,yes,yes,155905.79,yes,no,45-54,3-5,no,Good
15692137,759,France,Female,46,2,0.0,1,yes,yes,138380.11,no,yes,45-54,1-2,no,Very Good
15608595,748,France,Female,39,3,157371.54,1,no,yes,97734.3,no,no,35-44,3-5,no,Very Good
15709459,698,Spain,Female,63,5,0.0,1,yes,yes,173576.71,no,yes,55-64,3-5,no,Good
15775750,686,France,Male,37,9,134560.62,1,yes,no,27596.39,no,no,35-44,6-10,yes,Good
15585855,679,France,Male,40,1,0.0,1,yes,yes,16897.19,no,yes,35-44,1-2,no,Good
15752139,682,Germany,Male,36,5,72373.62,2,yes,no,36895.99,no,no,35-44,3-5,no,Good
15768295,778,France,Female,34,7,109564.1,1,no,yes,113046.81,no,no,25-34,6-10,no,Very Good
15766906,742,France,Female,25,4,132116.13,2,yes,no,129933.5,no,no,<25,3-5,no,Very Good
15725776,649,Germany,Male,24,7,101195.23,1,no,no,133091.32,no,no,<25,6-10,yes,Fair
15682576,763,France,Male,67,1,149436.73,2,no,yes,106282.74,no,no,65+,1-2,no,Very Good
15704081,595,Germany,Male,30,9,130682.11,2,yes,yes,57862.88,no,no,25-34,6-10,no,Fair
15719940,628,Germany,Female,51,10,115280.49,2,no,no,12628.61,yes,no,45-54,6-10,no,Fair
15672894,625,France,Female,36,8,129944.39,2,no,no,198914.8,no,no,35-44,6-10,no,Fair
15667451,733,France,Male,36,5,0.0,2,yes,yes,109127.54,no,yes,35-44,3-5,no,Good
15636767,665,Spain,Female,32,10,0.0,1,yes,yes,22487.45,no,yes,25-34,6-10,no,Fair
15571415,805,Germany,Male,56,6,151802.29,1,yes,no,46791.09,yes,no,55-64,6-10,yes,Excellent
15575605,725,France,Male,38,6,0.0,2,yes,yes,158697.28,no,yes,35-44,6-10,no,Good
15649160,554,France,Female,38,3,138731.95,1,yes,yes,194138.36,no,no,35-44,3-5,no,Poor
15615832,675,Spain,Female,35,8,155621.08,1,no,yes,35177.31,no,no,25-34,6-10,no,Good
15600975,556,France,Female,54,4,150005.38,1,yes,no,157015.5,yes,no,45-54,3-5,yes,Poor
15690772,635,Spain,Female,48,2,0.0,2,yes,yes,136551.25,no,yes,45-54,1-2,no,Fair
15565714,601,France,Male,47,1,64430.06,2,no,yes,96517.97,no,no,45-54,1-2,no,Fair
15763108,600,Germany,Male,53,7,106261.63,1,yes,no,93629.66,yes,no,45-54,6-10,yes,Fair
15723884,758,Spain,Male,40,3,0.0,2,no,no,96097.65,no,yes,35-44,3-5,no,Very Good
15644453,606,Germany,Female,41,4,132670.53,1,yes,no,156476.36,yes,no,35-44,3-5,yes,Fair
15655464,640,France,Female,67,3,0.0,1,no,yes,42964.63,no,yes,65+,3-5,no,Fair
15783883,753,Germany,Female,38,1,117314.92,1,yes,no,122021.33,yes,no,35-44,1-2,yes,Very Good
15787693,559,Spain,Male,38,3,145874.35,1,yes,no,56311.39,yes,no,35-44,3-5,yes,Poor
15664793,754,Spain,Female,50,7,146777.44,2,no,yes,150685.52,no,no,45-54,6-10,no,Very Good
15642391,621,Germany,Male,51,4,109978.83,1,no,no,177740.58,yes,no,45-54,3-5,yes,Fair
15756538,654,France,Female,37,5,0.0,1,no,yes,71492.28,no,yes,35-44,3-5,no,Fair
15668830,650,Spain,Male,24,8,108881.73,1,yes,no,104492.83,no,no,<25,6-10,yes,Fair
15796569,831,Spain,Female,44,10,0.0,1,no,yes,47729.33,no,yes,35-44,6-10,no,Excellent
15677112,519,France,Male,39,2,112957.26,2,yes,no,97593.16,no,no,35-44,1-2,no,Poor
15815040,552,Germany,Female,42,8,103362.14,1,no,yes,186869.58,yes,no,35-44,6-10,no,Poor
15590434,577,Spain,Male,41,4,89015.61,1,no,yes,135227.23,no,no,35-44,3-5,no,Poor
15597536,576,Spain,Male,45,5,133618.01,1,no,no,135244.87,no,no,35-44,3-5,yes,Poor
15723989,646,France,Male,40,5,93680.43,2,yes,yes,179473.26,no,no,35-44,3-5,no,Fair
15767358,711,Germany,Female,45,1,97486.15,2,yes,no,50610.62,no,no,35-44,1-2,no,Good
15594812,806,Spain,Female,37,2,137794.18,2,no,yes,75232.02,no,no,35-44,1-2,no,Excellent
15688210,670,France,Female,39,8,101928.51,1,no,no,89205.54,no,no,35-44,6-10,yes,Fair
15681509,679,Spain,Female,28,9,0.0,2,no,yes,61761.77,no,yes,25-34,6-10,no,Good
15572390,850,Spain,Female,39,6,0.0,2,yes,no,103921.43,no,yes,35-44,6-10,no,Excellent
15801441,670,Germany,Female,35,2,79585.96,1,no,yes,198802.9,no,no,25-34,1-2,no,Fair
15783859,733,France,Female,24,3,161884.99,1,yes,yes,9617.24,no,no,<25,3-5,no,Good
15575243,764,France,Female,39,1,129068.54,2,yes,yes,187905.12,no,no,35-44,1-2,no,Very Good
15773421,673,France,Female,42,4,0.0,2,yes,no,121440.8,no,yes,35-44,3-5,no,Good
15788776,588,Germany,Male,49,6,132623.76,3,yes,no,36292.94,yes,no,45-54,6-10,no,Fair
15765257,564,Spain,Male,31,5,121461.87,1,yes,yes,20432.09,yes,no,25-34,3-5,no,Poor
15661412,715,France,Male,32,8,175307.32,1,yes,no,187051.23,no,no,25-34,6-10,yes,Good
15636478,621,France,Male,31,7,136658.61,1,yes,yes,148689.13,no,no,25-34,6-10,no,Fair
15603683,796,Spain,Female,23,3,146584.19,2,no,no,125445.8,no,no,<25,3-5,no,Very Good
15651868,672,France,Male,34,6,0.0,1,no,no,22736.06,no,yes,25-34,6-10,yes,Good
15815443,527,Spain,Female,46,10,131414.76,1,yes,no,54947.51,no,no,45-54,6-10,yes,Poor
15682686,722,France,Female,38,3,0.0,2,no,yes,167984.72,no,yes,35-44,3-5,no,Good
15697460,596,Germany,Male,34,4,99441.21,2,no,yes,4802.27,no,no,25-34,3-5,no,Fair
15748432,746,France,Female,32,4,0.0,2,yes,yes,72909.75,no,yes,25-34,3-5,no,Very Good
15698271,523,France,Female,26,4,0.0,2,yes,no,185488.81,no,yes,25-34,3-5,no,Poor
15808662,624,France,Male,44,3,0.0,2,yes,no,88407.51,no,yes,35-44,3-5,no,Fair
15690372,553,Spain,Male,38,1,181110.13,2,yes,no,184544.59,no,no,35-44,1-2,no,Poor
15781875,850,Spain,Male,33,3,100476.46,2,yes,yes,136539.13,no,no,25-34,3-5,no,Excellent
15801473,599,Germany,Male,33,2,51949.95,2,yes,no,85045.92,no,no,25-34,1-2,no,Fair
15704509,492,France,Male,35,8,121063.49,1,no,no,85421.48,no,no,25-34,6-10,yes,Poor
15694666,707,Spain,Male,48,8,88441.64,1,yes,yes,119903.2,yes,no,45-54,6-10,no,Good
15731166,743,France,Female,30,1,127023.39,1,yes,yes,138780.89,no,no,25-34,1-2,no,Very Good
15728523,522,France,Male,41,5,144147.68,1,yes,yes,14789.9,no,no,35-44,3-5,no,Poor
15788442,681,Spain,Female,57,2,173306.13,1,no,yes,131964.66,no,no,55-64,1-2,no,Good
15689781,826,France,Female,49,0,0.0,1,no,no,178709.98,yes,yes,45-54,0,yes,Excellent
15764226,630,Germany,Female,28,8,106425.75,1,yes,yes,20344.84,no,no,25-34,6-10,no,Fair
15809837,430,Germany,Female,66,6,135392.31,2,yes,yes,172852.06,yes,no,65+,6-10,no,Poor
15805212,806,France,Female,67,1,0.0,2,no,yes,103945.58,no,yes,65+,1-2,no,Excellent
15716082,703,Spain,Male,39,6,152685.4,1,no,no,183656.12,no,no,35-44,6-10,yes,Good
15643056,755,Germany,Female,38,1,82083.52,1,no,yes,10333.78,no,no,35-44,1-2,no,Very Good
15654859,612,Spain,Female,63,2,131629.17,2,yes,no,122109.58,yes,no,55-64,1-2,no,Fair
15761158,719,France,Female,54,7,0.0,2,yes,yes,125041.52,no,yes,45-54,6-10,no,Good
15577515,554,Germany,Female,55,0,108477.27,1,no,yes,140003.0,yes,no,45-54,0,no,Poor
15723827,683,France,Male,30,4,114779.35,1,no,no,183171.47,no,no,25-34,3-5,yes,Good
15646594,749,France,Male,41,5,57568.94,1,yes,yes,61128.29,no,no,35-44,3-5,no,Very Good
15712877,724,Spain,Male,36,1,0.0,2,yes,no,52462.25,no,yes,35-44,1-2,no,Good
15598802,770,Spain,Male,30,8,0.0,2,no,yes,50839.85,no,yes,25-34,6-10,no,Very Good
15699340,680,France,Male,37,4,0.0,2,yes,no,61240.87,no,yes,35-44,3-5,no,Good
15691150,699,France,Female,32,4,110559.46,1,yes,yes,127429.56,no,no,25-34,3-5,no,Good
15608688,442,France,Male,34,4,0.0,2,yes,no,68343.08,no,yes,25-34,3-5,no,Poor
15737998,529,France,Male,46,8,0.0,1,no,no,126511.94,yes,yes,45-54,6-10,yes,Poor
15735837,574,Spain,Male,36,3,0.0,2,yes,yes,8559.66,no,yes,35-44,3-5,no,Poor
15659100,605,France,Male,33,9,128152.82,1,no,no,147822.81,no,no,25-34,6-10,yes,Fair
15609070,515,Germany,Male,45,7,120961.5,3,yes,yes,39288.11,yes,no,35-44,6-10,no,Poor
15650313,632,Germany,Male,65,6,129472.33,1,yes,yes,85179.48,no,no,55-64,6-10,no,Fair
15627699,558,France,Male,32,10,105000.23,1,yes,no,190019.61,no,no,25-34,6-10,yes,Poor
15591010,434,Germany,Male,55,8,109339.17,2,yes,no,96405.88,yes,no,45-54,6-10,no,Poor
15798895,525,France,Female,59,6,55328.4,1,yes,no,83342.73,yes,no,55-64,6-10,yes,Poor
15745375,640,Germany,Male,23,3,72012.76,1,yes,no,161333.13,no,no,<25,3-5,yes,Fair
15775235,690,France,Female,36,6,110480.48,1,no,no,81292.33,no,no,35-44,6-10,yes,Good
15780088,607,Spain,Male,34,9,132439.99,1,yes,no,177747.72,no,no,25-34,6-10,yes,Fair
15649379,850,France,Female,46,3,0.0,2,yes,yes,187980.21,no,yes,45-54,3-5,no,Excellent
15713983,780,Germany,Male,34,5,94108.54,2,yes,no,177235.21,no,no,25-34,3-5,no,Very Good
15709252,616,Germany,Female,28,10,105173.99,1,no,yes,29835.37,yes,no,25-34,6-10,no,Fair
15699238,618,Spain,Female,40,8,0.0,2,yes,no,80204.38,no,yes,35-44,6-10,no,Fair
15732884,676,France,Male,29,7,131959.86,1,no,no,189268.81,no,no,25-34,6-10,yes,Good
15587297,507,France,Male,33,7,0.0,2,yes,yes,85411.01,no,yes,25-34,6-10,no,Poor
15684722,490,France,Male,34,5,122952.9,2,no,no,154360.97,no,no,25-34,3-5,no,Poor
15621244,678,France,Male,36,0,107379.68,1,yes,yes,84460.18,no,no,35-44,0,no,Good
15744273,637,Germany,Male,30,6,122641.56,2,yes,no,65618.01,no,no,25-34,6-10,no,Fair
15682540,602,France,Female,33,8,0.0,2,yes,yes,112928.74,no,yes,25-34,6-10,no,Fair
15636521,744,Spain,Female,30,1,124037.28,1,yes,yes,142210.94,no,no,25-34,1-2,no,Very Good
15785339,640,France,Female,50,9,117565.03,2,no,no,82559.77,no,no,45-54,6-10,no,Fair
15638983,684,France,Female,38,5,133189.4,1,no,no,127388.06,no,no,35-44,3-5,yes,Good
15654625,495,Germany,Male,39,8,120252.02,2,yes,yes,10160.23,no,no,35-44,6-10,no,Poor
15697310,559,Germany,Female,28,3,152264.81,1,no,no,64242.31,no,no,25-34,3-5,yes,Poor
15678210,684,France,Male,38,5,105069.98,2,yes,yes,198355.28,no,no,35-44,3-5,no,Good
15575438,613,France,Male,42,7,115076.06,1,yes,yes,79323.61,no,no,35-44,6-10,no,Fair
15632789,794,France,Male,30,8,0.0,2,yes,yes,24113.91,no,yes,25-34,6-10,no,Very Good
15621423,736,France,Female,42,7,117280.23,3,no,no,41921.06,yes,no,35-44,6-10,no,Good
15573520,692,Germany,Male,49,6,110540.43,2,no,yes,107472.99,no,no,45-54,6-10,no,Good
15740458,703,Spain,Male,36,7,135095.47,1,yes,no,143859.66,no,no,35-44,6-10,yes,Good
15762799,720,Germany,Male,23,0,187861.18,2,yes,yes,104120.17,no,no,<25,0,no,Good
15686885,777,Germany,Male,44,3,124655.59,2,no,yes,79792.3,no,no,35-44,3-5,no,Very Good
15565996,653,France,Male,44,8,0.0,2,yes,yes,154639.72,no,yes,35-44,6-10,no,Fair
15662152,552,France,Female,38,9,134105.01,1,no,no,57850.1,no,no,35-44,6-10,yes,Poor
15711742,708,France,Female,34,4,0.0,1,yes,yes,62868.33,no,yes,25-34,3-5,no,Good
15701885,647,France,Female,40,9,0.0,2,no,yes,92357.21,no,yes,35-44,6-10,no,Fair
15774262,597,Germany,Male,52,8,83693.34,2,yes,yes,161083.53,no,no,45-54,6-10,no,Fair
15567839,501,France,Male,42,9,114631.23,1,no,yes,91429.74,no,no,35-44,6-10,no,Poor
15644400,709,France,Male,44,9,128601.98,1,yes,no,117031.2,no,no,35-44,6-10,yes,Good
15797246,621,Germany,Female,34,2,91258.52,2,yes,no,44857.4,no,no,25-34,1-2,no,Fair
15778290,799,France,Male,70,8,70416.75,1,yes,yes,36483.52,no,no,65+,6-10,no,Very Good
15708714,675,France,Female,33,6,0.0,2,yes,no,34045.61,no,yes,25-34,6-10,no,Good
15586183,561,France,Female,35,5,0.0,2,yes,no,59981.62,no,yes,25-34,3-5,no,Poor
15761733,707,France,Female,42,10,0.0,2,yes,yes,152944.39,no,yes,35-44,6-10,no,Good
15773934,670,France,Male,33,6,88294.6,1,yes,no,66979.06,no,no,25-34,6-10,yes,Fair
15705343,649,Spain,Female,32,7,0.0,1,yes,no,28797.32,no,yes,25-34,6-10,yes,Fair
15593959,524,France,Male,28,1,93577.3,1,yes,yes,51670.82,no,no,25-34,1-2,no,Poor
15664615,689,Germany,Female,30,5,136650.89,1,yes,yes,41865.72,yes,no,25-34,3-5,no,Good
15671014,573,Spain,Female,72,8,98765.84,1,yes,yes,96015.53,no,no,65+,6-10,no,Poor
15657778,657,France,Male,33,1,84309.57,2,no,no,103914.4,no,no,25-34,1-2,no,Fair
15585192,686,Spain,Male,39,10,136258.06,1,no,no,89199.51,no,no,35-44,6-10,yes,Good
15592914,683,France,Female,29,9,0.0,2,yes,yes,48849.89,no,yes,25-34,6-10,no,Good
15770995,753,Germany,Female,47,1,131160.85,1,yes,no,197444.69,no,no,45-54,1-2,yes,Very Good
15570990,520,Spain,Female,30,4,145222.99,2,no,no,145160.96,no,no,25-34,3-5,no,Poor
15596165,547,Germany,Male,25,4,98141.57,2,yes,yes,52309.8,no,no,<25,3-5,no,Poor
15788131,653,France,Male,47,6,0.0,1,yes,no,50695.93,yes,yes,45-54,6-10,yes,Fair
15800773,648,Spain,Female,28,9,102282.61,1,yes,yes,157891.11,no,no,25-34,6-10,no,Fair
15690153,639,France,Female,37,4,116121.84,2,no,yes,181850.74,no,no,35-44,3-5,no,Fair
15638989,711,France,Female,25,5,190066.54,1,no,no,51345.39,yes,no,<25,3-5,yes,Good
15623210,484,Germany,Female,55,8,149349.58,3,no,no,137519.92,yes,no,45-54,6-10,no,Poor
15652658,721,France,Male,36,1,155176.83,2,yes,yes,49653.37,no,no,35-44,1-2,no,Good
15684440,548,Germany,Male,32,2,98986.28,1,yes,yes,55867.38,no,no,25-34,1-2,no,Poor
15730287,679,France,Male,41,8,147726.98,3,yes,no,172749.4,yes,no,35-44,6-10,no,Good
15720353,553,France,Male,41,1,0.0,2,yes,no,90607.31,no,yes,35-44,1-2,no,Poor
15767231,757,France,Male,36,7,144852.06,1,no,no,130861.95,no,no,35-44,6-10,yes,Very Good
15761554,581,France,Male,54,4,89299.81,1,no,no,5558.47,yes,no,45-54,3-5,yes,Fair
15706637,718,Spain,Male,40,9,0.0,2,no,no,121537.91,no,yes,35-44,6-10,no,Good
15690492,625,France,Male,41,6,97663.16,2,yes,no,57128.78,no,no,35-44,6-10,no,Fair
15694237,744,Spain,Male,39,4,95161.75,1,yes,no,19409.77,no,no,35-44,3-5,yes,Very Good
15729771,799,Germany,Male,31,9,154586.92,1,no,yes,88604.89,yes,no,25-34,6-10,no,Very Good
15609823,751,Spain,Female,34,8,127095.14,2,no,no,479.54,no,no,25-34,6-10,no,Very Good
15793366,781,Germany,Male,35,7,92526.15,2,yes,yes,173837.54,no,no,25-34,6-10,no,Very Good
15614813,777,Germany,Female,46,0,107362.8,1,yes,no,487.3,no,no,45-54,0,yes,Very Good
15566495,704,Spain,Female,24,2,0.0,1,yes,no,35600.25,yes,yes,<25,1-2,yes,Good
15707602,539,France,Female,47,2,127286.04,2,yes,yes,166929.43,yes,no,45-54,1-2,no,Poor
15635244,716,France,Female,29,6,0.0,2,yes,yes,98998.61,no,yes,25-34,6-10,no,Good
15805627,670,France,Male,37,2,0.0,2,yes,yes,54229.74,no,yes,35-44,1-2,no,Fair
15607986,555,France,Male,40,10,139930.18,1,yes,yes,105720.09,no,no,35-44,6-10,no,Poor
15799785,679,Germany,Female,30,4,77949.69,1,yes,yes,121151.46,no,no,25-34,3-5,no,Good
15699963,571,France,Male,38,1,121405.04,1,yes,yes,154844.22,no,no,35-44,1-2,no,Poor
15624595,512,Spain,Female,35,5,124580.69,1,yes,yes,18785.48,no,no,25-34,3-5,no,Poor
15629750,697,France,Male,35,5,133087.76,1,yes,no,64771.61,no,no,25-34,3-5,yes,Good
15651460,424,Spain,Male,34,7,0.0,1,yes,yes,16250.61,no,yes,25-34,6-10,no,Poor
15753550,684,France,Female,43,7,0.0,2,yes,no,131093.99,no,yes,35-44,6-10,no,Good
15594133,697,Spain,Male,62,7,0.0,1,yes,no,129188.18,yes,yes,55-64,6-10,yes,Good
15772329,580,Germany,Male,45,8,103741.14,1,yes,no,47428.73,yes,no,35-44,6-10,yes,Poor
15591552,600,France,Female,32,7,98877.95,1,yes,no,132973.21,no,no,25-34,6-10,yes,Fair
15750921,521,France,Male,37,5,105843.26,2,yes,yes,84908.2,no,no,35-44,3-5,no,Poor
15701687,664,Spain,Male,44,7,77526.66,3,no,no,57338.56,yes,no,35-44,6-10,no,Fair
15728906,634,France,Male,77,5,0.0,2,yes,yes,161579.85,no,yes,65+,3-5,no,Fair
15670029,445,France,Female,33,7,0.0,2,yes,no,122625.68,no,yes,25-34,6-10,no,Poor
15763579,702,Germany,Female,36,2,105264.88,2,yes,yes,52909.87,no,no,35-44,1-2,no,Good
15728010,485,France,Male,37,5,0.0,2,no,yes,170226.47,no,yes,35-44,3-5,no,Poor
15663194,582,Germany,Female,40,3,110150.43,1,yes,yes,191757.65,yes,no,35-44,3-5,no,Fair
15736510,605,Spain,Female,57,2,0.0,3,yes,no,66652.75,yes,yes,55-64,1-2,no,Fair
15745804,628,France,Male,25,7,0.0,2,yes,yes,195977.75,no,yes,<25,6-10,no,Fair
15631451,604,Spain,Female,28,6,0.0,2,yes,yes,69056.26,no,yes,25-34,6-10,no,Fair
15746995,724,Germany,Male,31,9,138166.3,1,yes,no,12920.43,no,no,25-34,6-10,yes,Good
15730673,567,Germany,Male,40,7,122265.24,1,yes,no,138552.74,no,no,35-44,6-10,yes,Poor
15734649,779,Spain,Female,55,0,133295.98,1,yes,no,22832.71,yes,no,45-54,0,yes,Very Good
15701081,785,France,Male,36,2,0.0,1,no,yes,61811.1,no,yes,35-44,1-2,no,Very Good
15632503,563,France,Female,32,0,148326.09,1,yes,no,191604.27,yes,no,25-34,0,yes,Poor
15585928,821,Germany,Female,31,2,68927.57,1,yes,yes,25445.0,no,no,25-34,1-2,no,Excellent
15648681,747,France,Female,47,5,139914.6,4,no,yes,129964.56,yes,no,45-54,3-5,no,Very Good
15747757,600,Germany,Female,58,8,118723.11,1,no,no,6209.51,yes,no,55-64,6-10,yes,Fair
15718921,625,Spain,Male,32,7,106957.28,1,yes,yes,134794.02,no,no,25-34,6-10,no,Fair
15571081,773,France,Female,41,7,190238.93,1,yes,yes,57549.65,no,no,35-44,6-10,no,Very Good
15734578,726,France,Female,53,1,113537.73,1,no,yes,28367.21,no,no,45-54,1-2,no,Good
15579583,641,Spain,Female,40,4,101090.27,1,yes,yes,51703.09,no,no,35-44,3-5,no,Fair
15622729,649,France,Female,46,2,0.0,2,yes,yes,66602.7,no,yes,45-54,1-2,no,Fair
15662189,434,Spain,Male,33,3,0.0,1,yes,yes,2739.71,no,yes,25-34,3-5,no,Poor
15692718,738,France,Female,38,7,0.0,2,no,no,69227.42,no,yes,35-44,6-10,no,Good
15762716,762,Spain,Female,60,10,168920.75,1,yes,no,31445.03,yes,no,55-64,6-10,yes,Very Good
15724851,507,Germany,Male,31,9,111589.67,1,yes,no,150037.19,no,no,25-34,6-10,yes,Poor
15587266,606,Germany,Female,27,6,172310.33,1,no,yes,111448.92,no,no,25-34,6-10,no,Fair
15675926,655,Germany,Male,34,7,118028.35,1,yes,no,51226.32,yes,no,25-34,6-10,yes,Fair
15706268,697,Germany,Male,51,1,147910.3,1,yes,yes,53581.14,no,no,45-54,1-2,no,Good
15581871,504,Germany,Male,42,7,131287.36,2,yes,yes,149697.78,no,no,35-44,6-10,no,Poor
15666166,653,France,Female,74,0,121276.32,1,yes,yes,160348.31,no,no,65+,0,no,Fair
15671582,660,Spain,Male,38,6,109869.32,1,yes,yes,154641.91,no,no,35-44,6-10,no,Fair
15680901,652,France,Female,34,6,97435.85,2,yes,yes,104331.76,no,no,25-34,6-10,no,Fair
15642336,669,France,Female,42,9,0.0,2,no,no,135630.32,no,yes,35-44,6-10,no,Fair
15653147,594,France,Male,35,2,133853.27,1,yes,yes,65361.66,no,no,25-34,1-2,no,Fair
15571284,756,Germany,Male,32,0,109528.16,2,yes,yes,56176.31,no,no,25-34,0,no,Very Good
15591360,642,France,Female,33,4,84607.34,2,no,yes,60059.47,no,no,25-34,3-5,no,Fair
15810485,486,Germany,Male,37,1,101438.0,1,no,no,51364.56,no,no,35-44,1-2,yes,Poor
15611973,804,France,Male,55,7,0.0,2,yes,yes,118752.6,no,yes,45-54,6-10,no,Excellent
15735572,629,France,Male,59,9,113657.83,1,yes,yes,116848.79,yes,no,55-64,6-10,no,Fair
15567860,581,Spain,Female,44,7,189318.16,2,yes,no,45026.23,yes,no,35-44,6-10,no,Fair
15795690,667,France,Male,31,3,99513.91,1,yes,yes,189657.26,no,no,25-34,3-5,no,Fair
15706464,667,Spain,Male,35,4,97585.32,2,no,no,57213.46,no,no,25-34,3-5,no,Fair
15725028,679,France,Male,29,3,0.0,2,yes,yes,63687.06,no,yes,25-34,3-5,no,Good
15751167,680,France,Female,43,4,0.0,2,yes,yes,58761.33,no,yes,35-44,3-5,no,Good
15633944,644,Spain,Male,32,3,136659.74,1,yes,yes,14187.78,no,no,25-34,3-5,no,Fair
15672637,571,France,Female,30,4,85755.86,1,yes,no,145115.95,no,no,25-34,3-5,yes,Poor
15680895,627,Spain,Female,35,7,0.0,1,yes,no,187718.26,no,yes,25-34,6-10,yes,Fair
15793825,536,France,Male,39,4,0.0,2,yes,no,27150.35,no,yes,35-44,3-5,no,Poor
15611318,599,Spain,Male,33,4,51690.89,1,yes,no,111622.76,yes,no,25-34,3-5,yes,Fair
15768474,744,Spain,Male,34,3,0.0,2,yes,no,27244.35,no,yes,25-34,3-5,no,Very Good
15716276,709,France,Female,34,2,111669.68,1,yes,no,57029.66,no,no,25-34,1-2,yes,Good
15623668,653,Germany,Male,31,2,154741.45,2,no,no,25183.01,no,no,25-34,1-2,no,Fair
15696361,648,Germany,Male,31,7,125681.51,1,no,yes,129980.93,no,no,25-34,6-10,no,Fair
15607988,663,Germany,Female,37,8,155303.71,1,yes,no,118716.63,no,no,35-44,6-10,yes,Fair
15637891,613,Germany,Female,43,4,140681.68,1,no,yes,20134.07,no,no,35-44,3-5,no,Fair
15789865,620,France,Male,28,9,71902.52,1,no,yes,190208.23,no,no,25-34,6-10,no,Fair
15627190,661,France,Male,51,6,146606.6,1,yes,yes,68021.9,no,no,45-54,6-10,no,Fair
15788224,669,Germany,Male,45,1,123949.75,1,no,no,110881.56,no,no,35-44,1-2,yes,Fair
15702149,767,Germany,Female,33,1,144753.21,1,yes,yes,132480.75,no,no,25-34,1-2,no,Very Good
15708236,491,France,Female,72,6,91285.22,1,yes,yes,7032.95,no,no,65+,6-10,no,Poor
15568469,653,France,Male,43,0,0.0,2,yes,no,27862.58,no,yes,35-44,0,no,Fair
15764444,679,Germany,Male,58,8,125850.53,2,yes,yes,87008.17,no,no,55-64,6-10,no,Good
15794204,687,France,Male,28,7,108116.66,1,yes,yes,27411.19,no,no,25-34,6-10,no,Good
15807546,837,France,Female,38,2,0.0,2,yes,yes,46395.21,no,yes,35-44,1-2,no,Excellent
15782159,850,France,Male,28,8,67639.56,2,yes,yes,194245.29,no,no,25-34,6-10,no,Excellent
15618703,663,Spain,Female,53,6,150200.23,1,no,yes,151317.27,yes,no,45-54,6-10,no,Fair
15793317,547,Spain,Female,22,7,141287.15,1,yes,no,118142.79,no,no,<25,6-10,yes,Poor
15740487,627,France,Female,41,6,0.0,3,yes,yes,138700.75,yes,yes,35-44,6-10,no,Fair
15722479,707,France,Male,37,1,0.0,2,no,yes,6035.51,no,yes,35-44,1-2,no,Good
15688264,629,France,Female,43,0,0.0,2,yes,yes,41263.69,no,yes,35-44,0,no,Fair
15583067,687,France,Female,36,4,97157.96,1,no,yes,63185.05,no,no,35-44,3-5,no,Good
15686670,588,France,Female,36,2,0.0,2,yes,no,92536.0,yes,yes,35-44,1-2,no,Fair
15593345,502,Germany,Female,33,6,125241.17,2,yes,yes,158736.07,no,no,25-34,6-10,no,Poor
15811690,793,Germany,Male,54,2,128966.13,1,no,no,18633.4,yes,no,45-54,1-2,yes,Very Good
15734008,727,Germany,Male,59,5,152581.06,1,yes,no,71830.1,yes,no,55-64,3-5,yes,Good
15771856,632,Spain,Female,32,1,0.0,2,yes,no,19525.65,no,yes,25-34,1-2,no,Fair
15762045,474,Germany,Female,37,5,142688.57,2,yes,yes,110953.33,no,no,35-44,3-5,no,Poor
15778142,850,Germany,Female,31,1,130089.56,2,yes,yes,4466.21,no,no,25-34,1-2,no,Excellent
15689268,584,France,Male,36,9,0.0,1,yes,yes,105818.51,no,yes,35-44,6-10,no,Fair
15721507,713,France,Female,32,1,117094.02,1,no,no,149558.83,yes,no,25-34,1-2,yes,Good
15750476,742,Spain,Male,24,8,0.0,2,yes,no,4070.28,no,yes,<25,6-10,no,Very Good
15810723,607,France,Female,39,10,0.0,3,yes,no,132741.13,yes,yes,35-44,6-10,no,Fair
15787229,761,Spain,Female,34,2,0.0,2,yes,no,61251.25,no,yes,25-34,1-2,no,Very Good
15570508,600,France,Male,49,7,90218.9,1,yes,no,91347.76,no,no,45-54,6-10,yes,Fair
15617065,650,Spain,Male,42,4,194532.66,1,yes,no,171045.31,yes,no,35-44,3-5,yes,Fair
15689786,850,Germany,Male,56,1,169743.83,1,no,no,155850.4,yes,no,55-64,1-2,yes,Excellent
15648876,501,France,Female,34,5,0.0,1,yes,no,27380.99,no,yes,25-34,3-5,yes,Poor
15802106,418,France,Male,34,8,155973.88,1,yes,no,154208.96,no,no,25-34,6-10,yes,Poor
15773869,797,Spain,Male,59,4,129321.44,1,yes,yes,93624.55,no,no,55-64,3-5,no,Very Good
15711635,788,Germany,Female,42,6,138650.49,2,yes,no,64746.07,no,no,35-44,6-10,no,Very Good
15795527,699,Spain,Male,43,2,136487.86,2,yes,no,82815.93,no,no,35-44,1-2,no,Good
15759133,616,France,Male,18,6,0.0,2,yes,yes,27308.58,no,yes,<25,6-10,no,Fair
15679394,651,France,Female,41,4,38617.2,1,yes,yes,104876.8,no,no,35-44,3-5,no,Fair
15801072,654,France,Female,28,7,0.0,2,yes,no,151316.37,no,yes,25-34,6-10,no,Fair
15646082,676,France,Female,34,8,82909.14,1,yes,no,91817.38,yes,no,25-34,6-10,yes,Good
15796111,708,Germany,Female,54,8,145151.4,1,no,yes,125311.17,yes,no,45-54,6-10,no,Good
15670646,499,Spain,Female,42,0,147187.84,1,yes,yes,14868.94,yes,no,35-44,0,no,Poor
15578722,689,France,Male,39,4,0.0,2,yes,no,196112.45,no,yes,35-44,3-5,no,Good
15815095,850,Spain,Male,54,7,108185.81,2,no,no,24093.4,yes,no,45-54,6-10,no,Excellent
15730360,502,France,Male,30,4,0.0,2,yes,yes,66263.87,no,yes,25-34,3-5,no,Poor
15763194,643,France,Male,34,7,0.0,2,no,yes,100304.13,no,yes,25-34,6-10,no,Fair
15720725,762,France,Male,28,2,0.0,2,yes,no,167909.52,no,yes,25-34,1-2,no,Very Good
15567834,719,France,Male,49,5,105918.1,1,yes,yes,16246.59,no,no,45-54,3-5,no,Good
15720644,789,France,Male,27,6,0.0,2,yes,no,103603.65,no,yes,25-34,6-10,no,Very Good
15811742,553,Spain,Male,42,7,0.0,2,yes,no,7680.23,no,yes,35-44,6-10,no,Poor
15813363,448,Spain,Male,25,2,0.0,2,no,no,95215.73,no,yes,<25,1-2,no,Poor
15717629,632,Germany,Male,42,6,59972.26,2,no,yes,148172.94,no,no,35-44,6-10,no,Fair
15713160,669,Spain,Male,25,7,157228.61,2,yes,no,124382.9,no,no,<25,6-10,no,Fair
15568878,654,Spain,Male,34,5,0.0,2,yes,no,159311.46,no,yes,25-34,3-5,no,Fair
15809800,726,France,Female,38,4,0.0,2,no,no,6787.48,no,yes,35-44,3-5,no,Good
15736420,596,France,Male,21,4,210433.08,2,no,yes,197297.77,yes,no,<25,3-5,no,Fair
15757933,733,Germany,Female,30,1,102452.71,1,yes,no,21556.95,no,no,25-34,1-2,yes,Good
15623072,529,Spain,Female,35,5,0.0,2,yes,no,56518.0,no,yes,25-34,3-5,no,Poor
15683993,493,France,Female,37,8,142987.46,2,yes,no,158840.99,no,no,35-44,6-10,no,Poor
15570947,615,Spain,Female,29,7,143330.56,2,yes,yes,126396.01,no,no,25-34,6-10,no,Fair
15797767,600,France,Female,49,6,0.0,1,no,yes,148087.88,yes,yes,45-54,6-10,no,Fair
15731989,666,France,Male,36,4,120165.4,2,yes,no,33701.5,no,no,35-44,3-5,no,Fair
15591035,644,Spain,Male,54,6,0.0,1,no,yes,84622.37,no,yes,45-54,6-10,no,Fair
15586479,692,France,Female,36,4,0.0,1,yes,no,185580.89,yes,yes,35-44,3-5,yes,Good
15605872,707,France,Male,73,6,66573.17,1,yes,yes,62768.8,no,no,65+,6-10,no,Good
15666012,603,France,Male,40,4,102833.46,2,yes,yes,38829.11,no,no,35-44,3-5,no,Fair
15641733,671,France,Female,34,5,164757.56,1,yes,no,110748.88,no,no,25-34,3-5,yes,Good
15593178,568,Spain,Female,36,10,153610.61,1,yes,yes,54083.8,yes,no,35-44,6-10,no,Poor
15649183,598,Spain,Female,35,8,0.0,3,no,yes,88658.73,no,yes,25-34,6-10,no,Fair
15736399,606,Spain,Male,42,10,0.0,2,yes,no,177938.52,no,yes,35-44,6-10,no,Fair
15751137,850,Germany,Female,36,3,169025.83,1,yes,no,174235.06,no,no,35-44,3-5,yes,Excellent
15757188,644,Spain,Female,26,4,153455.72,2,yes,yes,82696.84,no,no,25-34,3-5,no,Fair
15726167,655,France,Male,37,4,0.0,2,yes,yes,142415.97,no,yes,35-44,3-5,no,Fair
15624850,850,France,Male,30,10,153972.89,2,yes,no,62811.03,no,no,25-34,6-10,no,Excellent
15717700,683,Spain,Male,34,9,114609.55,2,no,yes,25339.29,no,no,25-34,6-10,no,Good
15716347,663,Germany,Male,37,7,143625.83,2,no,yes,176487.05,no,no,35-44,6-10,no,Fair
15696287,682,Germany,Female,38,1,116520.28,1,yes,yes,49833.5,yes,no,35-44,1-2,no,Good
15638871,639,France,Male,77,6,80926.02,2,yes,yes,55829.25,no,no,65+,6-10,no,Fair
15765093,704,France,Male,23,6,166594.78,1,yes,yes,155823.2,no,no,<25,6-10,no,Good
15592999,691,France,Female,40,0,115465.98,1,yes,yes,60622.61,no,no,35-44,0,no,Good
15641715,599,France,Male,34,8,0.0,2,yes,yes,174196.68,no,yes,25-34,6-10,no,Fair
15607746,573,France,Female,36,1,0.0,1,yes,yes,56905.38,no,yes,35-44,1-2,no,Poor
15625311,589,Germany,Female,41,7,92618.62,1,yes,yes,101178.85,no,no,35-44,6-10,no,Fair
15573077,620,Germany,Female,25,8,141825.88,1,yes,yes,73857.94,yes,no,<25,6-10,no,Fair
15735106,647,Spain,Male,28,6,149594.02,2,yes,no,102325.19,no,no,25-34,6-10,no,Fair
15672912,737,Spain,Female,39,7,130051.66,2,no,no,55356.39,yes,no,35-44,6-10,no,Good
15589881,634,France,Female,41,7,0.0,2,yes,yes,131284.93,no,yes,35-44,6-10,no,Fair
15660144,660,France,Male,38,4,0.0,2,no,no,88080.43,no,yes,35-44,3-5,no,Fair
15664083,666,Germany,Female,37,2,158468.76,1,no,yes,93266.01,no,no,35-44,1-2,no,Fair
15690898,696,France,Male,44,8,161889.79,1,no,no,75562.47,no,no,35-44,6-10,yes,Good
15808023,836,France,Female,29,9,133681.78,1,yes,yes,153747.73,no,no,25-34,6-10,no,Excellent
15676909,667,Spain,Female,34,5,0.0,2,yes,no,163830.64,no,yes,25-34,3-5,no,Fair
15764922,596,Spain,Male,20,3,187294.46,1,yes,no,103456.47,no,no,<25,3-5,yes,Fair
15766734,430,France,Male,31,5,0.0,1,yes,no,95655.16,no,yes,25-34,3-5,yes,Poor
15795079,596,Spain,Male,67,6,0.0,2,yes,yes,138350.74,no,yes,65+,6-10,no,Fair
15757434,599,France,Male,28,7,119706.22,1,no,no,31190.42,no,no,25-34,6-10,yes,Fair
15673747,519,France,Female,22,8,0.0,1,no,yes,167553.06,no,yes,<25,6-10,no,Poor
15808386,721,Germany,Female,45,7,138523.2,1,no,no,59604.45,yes,no,35-44,6-10,yes,Good
15603565,603,Spain,Female,56,5,90778.76,2,yes,no,162223.67,yes,no,55-64,3-5,no,Fair
15744044,572,Germany,Male,47,4,99353.42,1,yes,no,196549.85,yes,no,45-54,3-5,yes,Poor
15577771,453,Germany,Female,40,1,111524.49,1,yes,yes,120373.84,yes,no,35-44,1-2,no,Poor
15769548,668,France,Female,37,7,128645.67,1,yes,no,92149.64,no,no,35-44,6-10,yes,Fair
15802071,762,Germany,Male,35,1,117458.51,1,no,yes,178361.48,yes,no,25-34,1-2,no,Very Good
15677395,633,France,Female,39,9,129189.15,2,no,no,170998.83,no,no,35-44,6-10,no,Fair
15632010,647,Spain,Male,33,7,121260.19,2,yes,no,77216.48,no,no,25-34,6-10,no,Fair
15779492,796,Spain,Male,56,6,94231.13,1,no,no,121164.6,yes,no,55-64,6-10,yes,Very Good
15694677,733,France,Male,39,1,0.0,2,yes,yes,141841.31,no,yes,35-44,1-2,no,Good
15704315,556,France,Male,34,8,163757.06,1,yes,yes,104000.06,no,no,25-34,6-10,no,Poor
15742009,489,Spain,Male,58,4,0.0,2,yes,yes,191419.32,no,yes,55-64,3-5,no,Poor
15766663,639,France,Male,22,4,0.0,2,yes,no,28188.96,no,yes,<25,3-5,no,Fair
15742297,715,France,Male,35,2,141005.47,1,yes,yes,60407.93,no,no,25-34,1-2,no,Good
15688059,807,Germany,Female,42,9,105356.09,2,yes,yes,130489.37,no,no,35-44,6-10,no,Excellent
15752344,714,Spain,Male,34,5,0.0,2,yes,no,193040.32,no,yes,25-34,3-5,no,Good
15698749,626,Germany,Female,23,6,85897.95,1,yes,no,109742.8,no,no,<25,6-10,yes,Fair
15631693,697,France,Male,36,7,0.0,2,yes,yes,74760.32,no,yes,35-44,6-10,no,Good
15604536,850,Germany,Female,31,4,164672.66,1,no,yes,61936.1,no,no,25-34,3-5,no,Excellent
15802869,737,Germany,Female,45,2,99169.67,2,yes,yes,78650.95,no,no,35-44,1-2,no,Good
15635598,812,France,Male,29,6,0.0,2,no,no,168023.6,no,yes,25-34,6-10,no,Excellent
15592326,583,France,Male,36,8,0.0,2,no,yes,5571.59,no,yes,35-44,6-10,no,Fair
15736533,730,Germany,Female,37,5,124053.03,1,yes,no,118591.67,no,no,35-44,3-5,yes,Good
15647191,677,France,Male,36,4,0.0,2,yes,no,7824.31,no,yes,35-44,3-5,no,Good
15622507,748,Germany,Female,40,3,103499.09,2,no,no,38153.19,no,no,35-44,3-5,no,Very Good
15765487,753,Germany,Female,38,9,151766.71,1,yes,yes,180829.99,no,no,35-44,6-10,no,Very Good
15646521,634,Spain,Female,36,1,0.0,1,yes,yes,143960.72,no,yes,35-44,1-2,no,Fair
15746258,622,France,Male,29,7,101486.96,1,yes,yes,8788.35,no,no,25-34,6-10,no,Fair
15692430,699,Germany,Male,36,2,123601.56,2,yes,no,103557.85,no,no,35-44,1-2,no,Good
15625501,570,Germany,Male,38,1,127201.58,1,yes,no,147168.28,yes,no,35-44,1-2,yes,Poor
15640521,552,Germany,Male,33,3,144962.74,1,yes,no,58844.84,yes,no,25-34,3-5,yes,Poor
15790630,619,France,Female,48,4,0.0,1,no,no,18094.96,yes,yes,45-54,3-5,yes,Fair
15664720,714,Spain,Male,33,8,122017.19,1,no,no,162515.17,no,no,25-34,6-10,yes,Good
15750055,503,Spain,Male,32,9,100262.88,2,yes,yes,157921.25,no,no,25-34,6-10,no,Poor
15644878,685,Spain,Female,43,6,117302.62,1,no,no,68701.73,no,no,35-44,6-10,yes,Good
15754578,606,France,Female,35,0,135984.15,2,yes,no,186778.89,no,no,25-34,0,no,Fair
15705379,678,France,Male,38,3,0.0,2,yes,no,66561.6,no,yes,35-44,3-5,no,Good
15761047,724,Germany,Male,31,2,160997.54,2,no,yes,64831.36,no,no,25-34,1-2,no,Good
15671293,779,Germany,Female,37,2,128389.63,1,yes,yes,6589.16,yes,no,35-44,1-2,no,Very Good
15687527,638,Spain,Male,35,1,0.0,2,yes,no,165370.66,no,yes,25-34,1-2,no,Fair
15647898,610,Spain,Female,50,5,130554.51,3,yes,no,184758.17,yes,no,45-54,3-5,no,Fair
15671534,646,Germany,Female,57,6,90212.0,1,yes,no,13911.27,yes,no,55-64,6-10,yes,Fair
15591248,628,France,Female,29,9,71996.29,1,yes,yes,34857.46,no,no,25-34,6-10,no,Fair
15676156,528,France,Female,32,4,85615.66,2,yes,no,156192.43,no,no,25-34,3-5,no,Poor
15812918,432,France,Female,27,6,62339.81,2,no,no,53874.67,no,no,25-34,6-10,no,Poor
15604130,622,Spain,Female,47,6,142319.03,1,no,no,100183.05,no,no,45-54,6-10,yes,Fair
15700549,721,France,Male,54,5,0.0,2,yes,yes,4493.12,no,yes,45-54,3-5,no,Good
15715519,614,Spain,Male,36,5,0.0,2,yes,no,130610.78,no,yes,35-44,3-5,no,Fair
15707042,634,France,Female,24,2,87413.19,1,yes,no,63340.65,no,no,<25,1-2,yes,Fair
15605276,742,France,Female,29,4,0.0,2,yes,yes,180066.59,no,yes,25-34,3-5,no,Very Good
15630592,516,France,Female,45,4,0.0,1,yes,no,95273.73,yes,yes,35-44,3-5,yes,Poor
15636626,718,France,Male,35,3,97560.16,1,yes,yes,53511.74,no,no,25-34,3-5,no,Good
15740411,636,Germany,Male,30,8,141787.31,2,yes,yes,109685.61,no,no,25-34,6-10,no,Fair
15593834,691,Spain,Male,36,7,129934.64,1,no,no,75664.56,yes,no,35-44,6-10,yes,Good
15804235,698,France,Female,37,2,166178.02,2,yes,yes,71972.95,no,no,35-44,1-2,no,Good
15679801,712,Spain,Female,39,5,163097.55,2,yes,yes,23702.42,no,no,35-44,3-5,no,Good
15673907,659,France,Male,20,8,0.0,2,no,no,112572.02,no,yes,<25,6-10,no,Fair
15636562,573,Spain,Male,44,8,0.0,2,no,no,62424.46,no,yes,35-44,6-10,no,Poor
15702571,778,Germany,Female,35,1,151958.19,3,yes,yes,131238.37,yes,no,25-34,1-2,no,Very Good
15627365,732,France,Male,46,0,0.0,2,yes,yes,184350.78,no,yes,45-54,0,no,Good
15748499,550,Germany,Male,33,4,118400.91,1,no,yes,13999.64,yes,no,25-34,3-5,no,Poor
15598614,790,Spain,Male,20,8,0.0,2,yes,no,168152.76,no,yes,<25,6-10,no,Very Good
15668889,665,Germany,Female,43,2,116322.27,4,yes,no,35640.12,yes,no,35-44,1-2,no,Fair
15800049,728,Spain,Female,43,5,0.0,1,yes,yes,120088.17,no,yes,35-44,3-5,no,Good
15583724,645,Spain,Female,29,4,0.0,2,yes,yes,74346.11,no,yes,25-34,3-5,no,Fair
15622083,647,Germany,Male,30,6,143138.91,2,yes,no,2955.46,no,no,25-34,6-10,no,Fair
15645571,596,Spain,Male,32,4,0.0,2,no,yes,146504.35,no,yes,25-34,3-5,no,Fair
15598266,610,France,Male,40,9,0.0,1,yes,yes,149602.54,no,yes,35-44,6-10,no,Fair
15667934,512,France,Male,36,0,129804.17,1,yes,no,53020.9,no,no,35-44,0,yes,Poor
15569682,768,Germany,Male,37,9,108308.11,1,yes,no,41788.25,yes,no,35-44,6-10,yes,Very Good
15772941,666,Germany,Male,30,3,110153.27,1,no,yes,74849.46,no,no,25-34,3-5,no,Fair
15586174,700,Germany,Female,30,4,116377.48,1,yes,yes,134417.31,no,no,25-34,3-5,no,Good
15803682,651,Germany,Female,37,10,117791.06,2,yes,yes,75837.58,no,no,35-44,6-10,no,Fair
15627328,542,Spain,Female,26,2,0.0,2,yes,yes,54869.54,no,yes,25-34,1-2,no,Poor
15717065,686,France,Female,35,8,105419.73,1,yes,no,35356.46,no,no,25-34,6-10,yes,Good
15602456,850,Germany,Female,47,4,99219.47,2,yes,yes,122141.13,no,no,45-54,3-5,no,Excellent
15721569,658,Germany,Female,55,8,119327.93,1,no,yes,119439.66,no,no,45-54,6-10,no,Fair
15573798,448,France,Female,36,6,83947.12,2,yes,no,81999.53,no,no,35-44,6-10,no,Poor
15638272,609,Spain,Male,32,4,99883.16,1,yes,yes,120594.85,no,no,25-34,3-5,no,Fair
15799859,704,France,Male,50,4,165438.26,1,yes,no,120770.75,yes,no,45-54,3-5,yes,Good
15599152,698,France,Male,31,1,156111.24,1,no,no,134790.74,no,no,25-34,1-2,yes,Good
15737909,759,France,Male,44,2,111095.58,2,yes,no,100137.7,no,no,35-44,1-2,no,Very Good
15646190,677,France,Female,56,0,119963.45,1,no,no,158325.87,yes,no,55-64,0,yes,Good
15711249,544,Spain,Male,22,4,0.0,2,yes,no,70007.67,no,yes,<25,3-5,no,Poor
15671987,567,Spain,Male,35,8,153137.74,1,yes,no,88659.07,no,no,25-34,6-10,yes,Poor
15812766,490,Spain,Male,40,6,156111.08,1,no,no,190889.13,no,no,35-44,6-10,yes,Poor
15778589,626,France,Male,34,7,113014.7,2,yes,yes,56646.28,no,no,25-34,6-10,no,Fair
15750104,718,Germany,Male,43,5,132615.73,2,yes,no,32999.1,no,no,35-44,3-5,no,Good
15784526,616,France,Male,44,5,102016.38,1,no,yes,178235.37,yes,no,35-44,3-5,no,Fair
15646563,772,France,Female,35,9,0.0,1,no,yes,25448.31,no,yes,25-34,6-10,no,Very Good
15744423,561,France,Male,32,5,0.0,2,yes,no,84871.99,no,yes,25-34,3-5,no,Poor
15593694,814,France,Male,49,8,0.0,2,no,no,157822.54,no,yes,45-54,6-10,no,Excellent
15785367,651,France,Female,56,4,0.0,1,no,no,84383.22,yes,yes,55-64,3-5,yes,Fair
15687765,538,Germany,Female,42,4,80380.24,1,yes,no,119216.46,no,no,35-44,3-5,yes,Poor
15789014,600,France,Female,26,6,108909.12,1,yes,no,82547.01,no,no,25-34,6-10,yes,Fair
15703177,654,France,Female,35,2,90865.8,1,yes,yes,86764.46,no,no,25-34,1-2,no,Fair
15660263,622,France,Male,40,4,99799.76,2,yes,no,197372.13,no,no,35-44,3-5,no,Fair
15776545,682,France,Male,28,10,200724.96,1,no,yes,82872.64,yes,no,25-34,6-10,no,Good
15683276,610,Spain,Female,37,10,140363.95,2,yes,yes,129563.86,no,no,35-44,6-10,no,Fair
15599272,795,France,Female,36,1,151844.64,1,yes,yes,135388.89,no,no,35-44,1-2,no,Very Good
15589541,557,France,Female,27,2,0.0,2,no,yes,4497.55,no,yes,25-34,1-2,no,Poor
15608804,824,Germany,Male,49,8,133231.48,1,yes,yes,67885.37,no,no,45-54,6-10,no,Excellent
15645820,698,France,Male,27,7,0.0,2,yes,no,111471.55,no,yes,25-34,6-10,no,Good
15659031,630,France,Female,36,8,126598.99,2,yes,yes,134407.93,no,no,35-44,6-10,no,Fair
15790113,609,Germany,Female,71,6,113317.1,1,yes,no,108258.22,yes,no,65+,6-10,yes,Fair
15652289,694,France,Male,47,4,0.0,2,yes,no,197528.62,no,yes,45-54,3-5,no,Good
15605341,681,France,Female,58,8,93173.88,1,yes,yes,139761.25,no,no,55-64,6-10,no,Good
15697844,721,Spain,Female,32,10,0.0,1,yes,no,136119.96,yes,yes,25-34,6-10,yes,Good
15652048,563,Germany,Male,44,7,105007.31,2,yes,yes,197812.16,no,no,35-44,6-10,no,Poor
15587038,654,Spain,Female,32,2,0.0,1,yes,yes,51972.92,yes,yes,25-34,1-2,no,Fair
15660528,659,Spain,Male,27,4,0.0,2,yes,no,99341.87,no,yes,25-34,3-5,no,Fair
15700300,674,Germany,Female,44,4,131593.85,1,no,yes,171345.02,yes,no,35-44,3-5,no,Good
15642001,576,Germany,Male,44,9,119530.52,1,yes,no,119056.68,yes,no,35-44,6-10,yes,Poor
15580366,566,Germany,Male,54,4,118614.6,2,yes,yes,172601.62,no,no,45-54,3-5,no,Poor
15657228,545,Germany,Male,37,9,95829.13,2,no,yes,104936.88,no,no,35-44,6-10,no,Poor
15729377,798,France,Male,36,1,0.0,2,yes,yes,159044.1,no,yes,35-44,1-2,no,Very Good
15686913,757,France,Male,38,0,0.0,1,yes,no,83263.06,no,yes,35-44,0,yes,Very Good
15631267,641,France,Male,50,6,153590.73,2,yes,yes,130910.78,no,no,45-54,6-10,no,Fair
15632275,718,France,Male,29,2,0.0,1,yes,no,126336.72,no,yes,25-34,1-2,yes,Good
15715907,699,France,Male,64,9,113109.52,1,yes,no,27980.8,yes,no,55-64,6-10,yes,Good
15764841,623,France,Female,35,0,130557.24,1,yes,yes,47880.71,no,no,25-34,0,no,Fair
15748649,644,France,Male,40,8,93183.19,1,yes,no,73882.49,no,no,35-44,6-10,yes,Fair
15771409,586,France,Male,58,7,151933.63,1,yes,no,162960.05,yes,no,55-64,6-10,yes,Fair
15779207,500,Germany,Male,30,2,125495.64,2,yes,yes,68807.47,no,no,25-34,1-2,no,Poor
15814116,583,France,Female,42,7,0.0,2,yes,no,144039.05,no,yes,35-44,6-10,no,Fair
15665087,595,Germany,Female,26,8,118547.72,1,yes,yes,151192.18,no,no,25-34,6-10,no,Fair
15611189,670,Spain,Male,43,1,97792.21,1,no,no,120225.62,no,no,35-44,1-2,yes,Fair
15729718,610,France,Male,41,6,0.0,3,no,no,56118.81,yes,yes,35-44,6-10,no,Fair
15733602,814,Spain,Female,72,2,0.0,2,no,yes,130853.03,no,yes,65+,1-2,no,Excellent
15620103,660,France,Female,40,8,167181.01,1,yes,yes,185156.94,no,no,35-44,6-10,no,Fair
15770406,580,Germany,Male,35,9,121355.19,1,no,yes,35671.45,no,no,25-34,6-10,no,Poor
15800554,850,France,Female,81,1,0.0,2,yes,yes,59568.24,no,yes,65+,1-2,no,Excellent
15611409,676,Spain,Male,35,0,0.0,2,no,no,139911.58,no,yes,25-34,0,no,Good
15646535,578,France,Male,46,5,113226.47,1,yes,no,56770.76,no,no,45-54,3-5,yes,Poor
15575430,579,France,Female,33,1,118392.75,1,yes,yes,157564.75,no,no,25-34,1-2,no,Poor
15711299,711,Germany,Female,52,8,145262.54,1,no,yes,131473.31,no,no,45-54,6-10,no,Good
15642063,692,France,Male,40,6,163505.16,1,no,no,90424.09,no,no,35-44,6-10,yes,Good
15706602,760,Spain,Female,33,1,118114.28,2,no,yes,156660.21,no,no,25-34,1-2,no,Very Good
15592773,630,Germany,Female,51,0,108449.23,3,no,no,88372.69,yes,no,45-54,0,no,Fair
15786539,808,France,Male,32,1,0.0,2,yes,yes,46200.71,no,yes,25-34,1-2,no,Excellent
15737542,611,Germany,Female,36,10,103294.56,1,yes,no,160548.12,no,no,35-44,6-10,yes,Fair
15590234,697,France,Female,42,1,0.0,1,yes,no,1262.83,yes,yes,35-44,1-2,yes,Good
15773776,655,France,Female,38,6,0.0,1,yes,yes,188639.28,no,yes,35-44,6-10,no,Fair
15728082,601,Spain,Male,28,6,0.0,2,yes,no,14665.28,no,yes,25-34,6-10,no,Fair
15609987,755,France,Male,42,2,119919.12,1,yes,no,156868.21,no,no,35-44,1-2,yes,Very Good
15735330,553,France,Male,37,1,0.0,1,yes,no,30461.55,no,yes,35-44,1-2,yes,Poor
15649430,723,France,Male,28,4,0.0,2,yes,yes,123885.88,no,yes,25-34,3-5,no,Good
15768777,507,Spain,Female,34,4,0.0,2,yes,yes,60688.38,no,yes,25-34,3-5,no,Poor
15777893,777,France,Male,43,1,0.0,2,yes,no,21785.91,no,yes,35-44,1-2,no,Very Good
15791326,566,France,Male,34,3,0.0,1,no,no,188135.69,no,yes,25-34,3-5,yes,Poor
15615176,732,France,Male,26,7,0.0,2,yes,no,154364.66,no,yes,25-34,6-10,no,Good
15735221,697,France,Female,42,10,0.0,2,yes,no,61312.15,no,yes,35-44,6-10,no,Good
15617991,555,France,Male,29,4,128744.04,1,yes,yes,47454.93,no,no,25-34,3-5,no,Poor
15658504,584,Germany,Female,62,9,137727.34,2,no,yes,121102.9,no,no,55-64,6-10,no,Fair
15785705,705,Germany,Female,44,10,106731.58,1,yes,no,137419.87,yes,no,35-44,6-10,yes,Good
15801817,688,France,Female,38,7,123544.21,1,yes,yes,157664.02,no,no,35-44,6-10,no,Good
15752578,626,France,Female,37,2,133968.96,2,yes,no,148689.65,no,no,35-44,1-2,no,Fair
15781574,636,Spain,Male,76,9,126534.6,1,yes,yes,39789.62,no,no,65+,6-10,no,Fair
15792107,719,Spain,Female,35,8,0.0,1,yes,yes,165162.4,no,yes,25-34,6-10,no,Good
15569917,706,Spain,Male,30,6,87609.68,2,no,no,137674.55,yes,no,25-34,6-10,no,Good
15721504,731,Spain,Male,41,3,0.0,2,yes,no,101371.72,no,yes,35-44,3-5,no,Good
15757306,738,Spain,Male,49,3,0.0,3,yes,yes,65066.48,yes,yes,45-54,3-5,no,Good
15647295,426,France,Male,34,9,0.0,2,yes,no,107876.91,no,yes,25-34,6-10,no,Poor
15642098,622,Spain,Female,36,0,108960.0,2,yes,no,111180.3,yes,no,35-44,0,no,Fair
15696120,701,Spain,Female,30,2,0.0,2,yes,no,115650.63,no,yes,25-34,1-2,no,Good
15675176,512,France,Male,51,6,144953.31,1,yes,yes,165035.17,no,no,45-54,6-10,no,Poor
15700046,635,France,Male,41,4,103544.88,2,yes,no,193746.55,no,no,35-44,3-5,no,Fair
15782089,685,France,Male,33,6,0.0,1,yes,no,58458.26,no,yes,25-34,6-10,yes,Good
15706394,609,France,Male,53,7,0.0,2,no,yes,52332.85,no,yes,45-54,6-10,no,Fair
15759387,598,Germany,Male,38,1,101487.18,1,yes,yes,75959.1,yes,no,35-44,1-2,no,Fair
15623369,708,France,Male,52,10,105355.81,1,yes,no,123.07,yes,no,45-54,6-10,yes,Good
15732943,574,Spain,Male,36,4,77967.5,1,yes,no,167066.95,yes,no,35-44,3-5,yes,Poor
15750545,629,France,Male,44,5,0.0,4,no,no,117572.59,yes,yes,35-44,3-5,no,Fair
15809909,422,Spain,Female,54,4,0.0,2,yes,yes,7166.71,no,yes,45-54,3-5,no,Poor
15642448,656,Spain,Male,28,8,120047.77,1,yes,yes,137173.39,no,no,25-34,6-10,no,Fair
15791944,697,France,Male,32,7,175464.85,3,yes,no,116442.42,yes,no,25-34,6-10,no,Good
15768342,718,France,Male,52,8,79475.3,3,yes,yes,32421.32,yes,no,45-54,6-10,no,Good
15567919,586,Germany,Male,37,8,167735.69,2,no,yes,104665.79,no,no,35-44,6-10,no,Fair
15674750,481,Spain,Female,37,8,0.0,2,yes,no,44215.86,no,yes,35-44,6-10,no,Poor
15778345,749,France,Female,33,1,74385.98,1,yes,no,20164.47,no,no,25-34,1-2,yes,Very Good
15687634,561,Germany,Male,49,5,94754.0,1,yes,yes,26691.31,no,no,45-54,3-5,no,Poor
15666096,676,Spain,Male,27,4,0.0,1,no,yes,107955.67,no,yes,25-34,3-5,no,Good
15581700,615,Germany,Male,43,3,86920.86,1,yes,yes,150048.37,no,no,35-44,3-5,no,Fair
15656417,582,France,Female,39,1,132077.48,2,yes,no,192255.15,no,no,35-44,1-2,no,Fair
15649101,601,France,Male,40,10,127847.86,1,no,no,173245.68,no,no,35-44,6-10,yes,Fair
15781975,708,France,Male,34,3,0.0,1,no,yes,121457.88,yes,yes,25-34,3-5,no,Good
15700511,708,Germany,Male,42,9,176702.36,2,yes,yes,104804.74,no,no,35-44,6-10,no,Good
15770255,797,Germany,Female,33,10,83555.58,1,no,no,69767.14,no,no,25-34,6-10,yes,Very Good
15643574,682,France,Male,26,8,0.0,2,yes,no,178373.43,no,yes,25-34,6-10,no,Good
15595010,694,Spain,Female,39,9,0.0,2,no,no,99924.04,no,yes,35-44,6-10,no,Good
15580579,490,France,Female,40,1,0.0,1,yes,yes,49594.19,yes,yes,35-44,1-2,no,Poor
15748532,828,Spain,Male,42,10,0.0,1,yes,yes,186071.14,no,yes,35-44,6-10,no,Excellent
15773789,594,Spain,Female,38,7,96858.35,1,yes,no,77511.45,no,no,35-44,6-10,yes,Fair
15600027,579,Spain,Male,33,1,0.0,2,yes,yes,54816.57,no,yes,25-34,1-2,no,Poor
15620832,723,France,Female,35,0,0.0,2,no,yes,61290.99,no,yes,25-34,0,no,Good
15568819,619,Germany,Female,42,8,132796.04,3,yes,yes,191821.35,yes,no,35-44,6-10,no,Fair
15748691,794,Spain,Female,30,1,154970.54,1,no,yes,156768.45,no,no,25-34,1-2,no,Very Good
15583552,674,Germany,Male,44,3,88902.21,1,yes,no,73731.32,no,no,35-44,3-5,yes,Good
15588019,418,France,Male,28,7,98738.92,1,yes,no,122190.22,no,no,25-34,6-10,yes,Poor
15713250,502,France,Male,33,8,0.0,2,yes,yes,123509.01,no,yes,25-34,6-10,no,Poor
15569595,678,France,Female,50,6,0.0,1,yes,no,8199.5,no,yes,45-54,6-10,yes,Good
15794868,599,Germany,Male,40,10,137456.28,2,yes,yes,14113.11,no,no,35-44,6-10,no,Fair
15576680,736,France,Male,29,4,0.0,2,no,no,51705.01,no,yes,25-34,3-5,no,Good
15613699,430,France,Female,60,7,73937.02,1,yes,no,161937.62,yes,no,55-64,6-10,yes,Poor
15609758,537,France,Female,45,7,158621.04,1,yes,no,120892.96,yes,no,35-44,6-10,yes,Poor
15762392,683,Spain,Male,30,1,113257.2,1,yes,yes,65035.02,no,no,25-34,1-2,no,Good
15693382,828,France,Male,31,9,0.0,1,no,yes,164257.37,no,yes,25-34,6-10,no,Excellent
15791769,691,France,Female,29,9,116536.43,1,yes,no,51987.99,no,no,25-34,6-10,yes,Good
15712483,608,Spain,Female,28,4,0.0,2,yes,no,10899.63,yes,yes,25-34,3-5,no,Fair
15636454,691,France,Female,60,6,101070.69,1,yes,no,177355.8,yes,no,55-64,6-10,yes,Good
15710138,718,Spain,Male,39,6,0.0,2,no,yes,63889.1,no,yes,35-44,6-10,no,Good
15571571,680,Germany,Female,31,3,127331.46,3,yes,yes,176433.6,no,no,25-34,3-5,no,Good
15638751,838,Spain,Female,41,5,0.0,2,yes,no,81313.51,no,yes,35-44,3-5,no,Excellent
15598574,695,Spain,Female,31,5,0.0,2,no,yes,13998.88,no,yes,25-34,3-5,no,Good
15796787,681,France,Male,46,0,105969.42,1,yes,no,5771.56,no,no,45-54,0,yes,Good
15615670,762,France,Male,36,5,119547.46,1,yes,yes,42693.65,no,no,35-44,3-5,no,Very Good
15705506,751,Spain,Male,38,7,0.0,2,no,no,90839.61,no,yes,35-44,6-10,no,Very Good
15599535,678,Spain,Male,28,5,138668.18,1,yes,yes,54144.01,no,no,25-34,3-5,no,Good
15768449,634,France,Female,37,7,51582.5,2,yes,yes,184312.88,no,no,35-44,6-10,no,Fair
15725002,749,France,Male,37,7,0.0,2,yes,no,20306.79,no,yes,35-44,6-10,no,Very Good
15611682,590,Spain,Male,37,6,169902.92,1,yes,yes,128256.18,no,no,35-44,6-10,no,Fair
15749964,610,France,Female,27,4,87262.4,2,yes,no,182720.07,no,no,25-34,3-5,no,Fair
15678779,502,France,Male,33,7,0.0,2,no,yes,4082.52,no,yes,25-34,6-10,no,Poor
15752601,578,France,Female,40,7,0.0,2,no,no,102233.73,no,yes,35-44,6-10,no,Poor
15758477,547,France,Female,32,2,0.0,2,yes,no,132002.83,no,yes,25-34,1-2,no,Poor
15629133,579,France,Female,27,9,0.0,2,yes,no,126838.7,no,yes,25-34,6-10,no,Poor
15604963,661,France,Male,39,5,0.0,2,no,no,181461.46,no,yes,35-44,3-5,no,Fair
15796413,794,France,Male,46,6,0.0,2,yes,no,195325.74,no,yes,45-54,6-10,no,Very Good
15812470,719,France,Male,61,5,0.0,2,no,yes,29132.43,no,yes,55-64,3-5,no,Good
15587443,728,France,Female,69,1,0.0,2,yes,yes,131804.86,no,yes,65+,1-2,no,Good
15689692,598,Germany,Male,19,3,150348.37,1,yes,yes,173784.04,no,no,<25,3-5,no,Fair
15779586,822,Germany,Female,46,3,115074.02,2,yes,no,26249.86,no,no,45-54,3-5,no,Excellent
15667588,670,Spain,Female,40,3,0.0,1,yes,yes,182650.15,no,yes,35-44,3-5,no,Fair
15624423,850,France,Male,28,8,99986.98,1,yes,no,196582.55,no,no,25-34,6-10,yes,Excellent
15591107,723,Germany,Female,68,3,110357.0,1,no,no,141977.54,yes,no,65+,3-5,yes,Good
15748986,705,Germany,Male,42,8,166685.92,2,yes,yes,55313.51,no,no,35-44,6-10,no,Good
15793896,677,Spain,Male,40,7,95312.8,1,yes,yes,62944.75,no,no,35-44,6-10,no,Good
15620570,736,France,Male,43,4,202443.47,1,yes,no,72375.03,no,no,35-44,3-5,yes,Good
15727811,661,Germany,Female,47,0,109493.62,1,no,no,188324.01,yes,no,45-54,0,yes,Fair
15707681,501,Germany,Male,38,9,88977.39,2,no,yes,133403.07,no,no,35-44,6-10,no,Poor
15702030,516,France,Female,29,2,104982.57,1,yes,no,157378.5,no,no,25-34,1-2,yes,Poor
15673238,517,Germany,Female,59,8,154110.99,2,yes,no,101240.08,yes,no,55-64,6-10,no,Poor
15604196,766,France,Male,32,6,185714.28,1,yes,yes,102502.5,no,no,25-34,6-10,no,Very Good
15769356,520,Germany,Female,23,3,116022.53,2,yes,yes,37577.66,no,no,<25,3-5,no,Poor
15665590,541,France,Male,46,6,0.0,2,yes,yes,83456.67,no,yes,45-54,6-10,no,Poor
15572361,790,Germany,Female,34,2,164011.48,1,yes,no,199420.41,no,no,25-34,1-2,yes,Very Good
15667460,797,France,Male,31,9,0.0,2,yes,yes,24748.89,no,yes,25-34,6-10,no,Very Good
15654760,811,France,Male,40,1,101514.89,1,yes,yes,121765.0,no,no,35-44,1-2,no,Excellent
15632669,722,Spain,Female,32,4,0.0,2,yes,yes,113666.48,no,yes,25-34,3-5,no,Good
15613673,675,France,Male,28,9,0.0,1,yes,no,134110.93,no,yes,25-34,6-10,yes,Good
15698522,660,Germany,Male,39,9,134599.33,2,yes,no,183095.87,no,no,35-44,6-10,no,Fair
15741633,566,Spain,Male,32,10,147511.26,1,yes,yes,159891.03,no,no,25-34,6-10,no,Poor
15674583,768,France,Male,25,0,78396.08,1,yes,yes,8316.19,no,no,<25,0,no,Very Good
15665374,610,Spain,Female,31,5,0.0,2,no,no,63736.36,no,yes,25-34,3-5,no,Fair
15588854,715,France,Female,31,3,110581.29,1,yes,yes,94715.24,no,no,25-34,3-5,no,Good
15810716,750,Germany,Male,42,8,151836.36,2,yes,no,68695.38,no,no,35-44,6-10,no,Very Good
15776921,431,Germany,Male,45,5,83624.55,2,no,no,36899.62,no,no,35-44,3-5,no,Poor
15569394,704,France,Male,24,2,148197.15,2,yes,no,182775.08,no,no,<25,1-2,no,Good
15788215,535,Spain,Female,30,5,122924.75,1,no,no,62390.59,yes,no,25-34,3-5,yes,Poor
15641007,614,France,Female,38,4,72594.0,1,yes,yes,76042.48,no,no,35-44,3-5,no,Fair
15594651,748,France,Male,38,4,115221.36,1,no,yes,70956.75,no,no,35-44,3-5,no,Very Good
15575146,492,Germany,Male,51,8,117808.74,2,yes,yes,67311.12,no,no,45-54,6-10,no,Poor
15608916,573,France,Male,40,7,147754.68,1,yes,yes,110454.46,no,no,35-44,6-10,no,Poor
15666297,706,Spain,Female,53,3,0.0,3,no,no,88479.02,yes,yes,45-54,3-5,no,Good
15598586,680,France,Male,31,10,113292.17,1,yes,yes,122639.73,no,no,25-34,6-10,no,Good
15665014,458,Spain,Male,36,5,0.0,2,yes,no,79723.78,no,yes,35-44,3-5,no,Poor
15701738,612,Germany,Male,44,2,115163.38,1,yes,yes,97677.52,yes,no,35-44,1-2,no,Fair
15650591,809,Germany,Male,50,10,118098.62,1,yes,yes,100720.02,yes,no,45-54,6-10,no,Excellent
15652667,590,France,Male,39,9,0.0,2,yes,yes,104730.52,no,yes,35-44,6-10,no,Fair
15679622,602,France,Male,35,8,0.0,1,yes,yes,22499.29,no,yes,25-34,6-10,no,Fair
15730150,540,Spain,Male,37,0,120825.7,1,yes,no,28257.89,no,no,35-44,0,yes,Poor
15813192,494,France,Male,25,6,0.0,2,no,yes,109988.09,no,yes,<25,6-10,no,Poor
15606554,797,France,Male,29,1,0.0,1,no,yes,149991.32,no,yes,25-34,1-2,no,Very Good
15611794,526,Germany,Male,61,6,133845.28,2,yes,yes,45180.8,no,no,55-64,6-10,no,Poor
15672357,631,Spain,Male,38,7,0.0,2,yes,no,181605.85,no,yes,35-44,6-10,no,Fair
15711759,576,France,Female,29,5,108541.04,1,yes,yes,126469.09,no,no,25-34,3-5,no,Poor
15615296,405,France,Male,39,10,0.0,1,yes,no,160810.85,yes,yes,35-44,6-10,yes,Poor
15699294,555,France,Male,30,1,0.0,2,no,no,88146.86,no,yes,25-34,1-2,no,Poor
15788634,750,Spain,Female,37,2,113817.06,1,no,no,88333.74,no,no,35-44,1-2,yes,Very Good
15660871,665,France,Male,28,8,137300.23,1,yes,no,90174.83,no,no,25-34,6-10,yes,Fair
15618258,640,Spain,Male,37,5,158024.38,1,yes,no,81298.09,no,no,35-44,3-5,yes,Fair
15722535,457,France,Female,33,7,127837.54,1,no,yes,60013.17,no,no,25-34,6-10,no,Poor
15711977,695,France,Male,36,4,161533.0,1,yes,no,100940.91,no,no,35-44,3-5,yes,Good
15690169,645,France,Male,31,7,161171.7,2,yes,no,12599.94,yes,no,25-34,6-10,no,Fair
15790689,647,Spain,Male,32,9,80958.36,1,yes,yes,128590.73,no,no,25-34,6-10,no,Fair
15665181,808,Spain,Male,25,7,0.0,2,no,yes,23180.37,no,yes,<25,6-10,no,Excellent
15633608,641,France,Male,33,2,146193.6,2,yes,yes,55796.83,yes,no,25-34,1-2,no,Fair
15805261,700,Spain,Male,29,8,0.0,2,no,yes,152097.02,no,yes,25-34,6-10,no,Good
15740356,660,Germany,Male,26,4,115021.76,1,no,yes,162443.05,no,no,25-34,3-5,no,Fair
15808223,615,Spain,Male,41,1,126773.43,1,yes,yes,55551.26,no,no,35-44,1-2,no,Fair
15769980,705,Germany,Female,40,3,92889.91,1,yes,yes,109496.69,no,no,35-44,3-5,no,Good
15675450,718,France,Male,48,9,0.0,2,yes,yes,72105.63,no,yes,45-54,6-10,no,Good
15776494,754,France,Male,61,5,146622.35,1,yes,yes,41815.22,yes,no,55-64,3-5,no,Very Good
15592412,713,Germany,Male,45,4,131038.14,1,yes,no,74005.04,yes,no,35-44,3-5,yes,Good
15777452,587,France,Female,46,6,88820.29,1,no,no,70224.34,no,no,45-54,6-10,yes,Fair
15692258,569,Spain,Male,31,1,115406.97,1,no,no,145528.22,no,no,25-34,1-2,yes,Poor
15791045,568,France,Female,38,3,132951.92,1,no,yes,124486.28,no,no,35-44,3-5,no,Poor
15807889,634,Germany,Male,74,5,108891.7,1,yes,no,10078.02,no,no,65+,3-5,yes,Fair
15602043,770,Germany,Female,46,5,141788.63,2,no,no,164967.21,no,no,45-54,3-5,no,Very Good
15807335,676,Spain,Female,64,4,116954.32,1,yes,yes,91149.48,no,no,55-64,3-5,no,Good
15629985,723,Germany,Female,47,10,90450.0,2,no,no,103379.31,yes,no,45-54,6-10,no,Good
15679453,614,Germany,Female,39,8,125997.22,1,yes,yes,128049.34,yes,no,35-44,6-10,no,Fair
15637315,601,Spain,Female,41,3,0.0,2,yes,no,54342.83,no,yes,35-44,3-5,no,Fair
15691513,592,France,Male,60,9,0.0,4,yes,yes,13614.01,yes,yes,55-64,6-10,no,Fair
15622289,605,Spain,Female,36,9,0.0,2,no,yes,35521.63,no,yes,35-44,6-10,no,Fair
15715184,752,Spain,Female,31,4,144637.86,2,yes,no,40496.72,no,no,25-34,3-5,no,Very Good
15702801,677,France,Female,29,3,86616.35,1,no,no,91903.9,yes,no,25-34,3-5,yes,Good
15719931,850,France,Male,31,8,0.0,2,yes,no,178667.7,no,yes,25-34,6-10,no,Excellent
15806081,608,Germany,Female,48,2,127924.25,2,yes,no,32202.61,no,no,45-54,1-2,no,Fair
15796336,786,Spain,Female,34,9,0.0,2,yes,no,117034.32,no,yes,25-34,6-10,no,Very Good
15647306,777,France,Female,29,9,131240.61,1,yes,yes,163746.09,yes,no,25-34,6-10,no,Very Good
15742369,667,Spain,Male,31,5,0.0,2,yes,yes,20346.69,no,yes,25-34,3-5,no,Fair
15655859,848,Spain,Male,35,5,120046.74,2,yes,no,84710.65,no,no,25-34,3-5,no,Excellent
15675650,486,France,Female,39,8,97819.36,1,no,yes,120531.31,no,no,35-44,6-10,no,Poor
15574119,598,Spain,Female,64,1,62979.93,1,yes,yes,152273.57,no,no,55-64,1-2,no,Fair
15754168,506,France,Female,40,3,0.0,1,yes,yes,144345.58,no,yes,35-44,3-5,no,Poor
15763029,612,Germany,Male,46,9,161450.03,1,yes,yes,96961.0,yes,no,45-54,6-10,no,Fair
15765048,545,France,Male,30,3,0.0,2,yes,no,170307.43,no,yes,25-34,3-5,no,Poor
15786215,793,France,Male,56,8,119496.25,2,yes,no,29880.99,no,no,55-64,6-10,no,Very Good
15707559,682,France,Female,30,9,0.0,2,yes,yes,195104.91,no,yes,25-34,6-10,no,Good
15582129,517,France,Male,62,1,43772.66,3,yes,no,187756.24,yes,no,55-64,1-2,no,Poor
15687540,684,France,Male,32,9,100249.41,2,no,yes,67599.69,no,no,25-34,6-10,no,Good
15787196,692,Spain,Male,46,2,0.0,2,yes,yes,105983.09,no,yes,45-54,1-2,no,Good
15670898,740,France,Female,60,5,108028.08,2,no,no,25980.42,yes,no,55-64,3-5,no,Good
15775433,666,Germany,Male,71,1,53013.29,2,yes,yes,112222.64,no,no,65+,1-2,no,Fair
15700693,693,France,Male,68,2,0.0,2,yes,yes,59864.96,no,yes,65+,1-2,no,Good
15677955,757,Germany,Male,33,1,122088.67,1,yes,no,42581.09,no,no,25-34,1-2,yes,Very Good
15570086,684,Germany,Male,18,9,90544.0,1,no,yes,4777.23,no,no,<25,6-10,no,Good
15794875,691,Spain,Male,35,6,0.0,2,no,yes,178038.17,no,yes,25-34,6-10,no,Good
15673591,842,France,Male,44,3,141252.18,4,no,yes,128521.16,yes,no,35-44,3-5,no,Excellent
15631756,482,France,Female,35,5,147813.05,2,no,no,109029.72,no,no,25-34,3-5,no,Poor
15757617,735,France,Male,55,6,134140.68,1,yes,no,2267.88,no,no,45-54,6-10,yes,Good
15612729,681,France,Female,63,7,0.0,2,yes,yes,55054.48,no,yes,55-64,6-10,no,Good
15637857,616,France,Female,31,8,0.0,1,no,yes,76456.17,no,yes,25-34,6-10,no,Fair
15681007,850,France,Female,35,2,128548.49,4,yes,no,75478.95,yes,no,25-34,1-2,no,Excellent
15593622,635,France,Male,43,10,122198.21,2,no,yes,179144.54,no,no,35-44,6-10,no,Fair
15629273,638,Germany,Male,42,8,145177.84,1,yes,no,193471.74,yes,no,35-44,6-10,yes,Fair
15765846,820,Spain,Female,31,2,94222.53,1,yes,no,103570.8,no,no,25-34,1-2,yes,Excellent
15596013,694,Germany,Female,58,1,143212.22,1,no,no,102628.56,yes,no,55-64,1-2,yes,Good
15722473,713,France,Male,41,3,0.0,2,yes,no,55772.04,no,yes,35-44,3-5,no,Good
15774936,543,Germany,Male,41,6,143350.41,1,yes,yes,192070.16,yes,no,35-44,6-10,no,Poor
15685640,649,France,Female,41,3,130931.83,1,yes,yes,144808.37,no,no,35-44,3-5,no,Fair
15566563,777,France,Female,30,4,137851.31,1,yes,no,5008.23,yes,no,25-34,3-5,yes,Very Good
15768746,561,France,Male,33,6,0.0,2,no,no,173680.39,no,yes,25-34,6-10,no,Poor
15689952,724,Spain,Male,41,5,0.0,1,no,yes,115753.94,no,yes,35-44,3-5,no,Good
15725906,665,Spain,Female,51,8,0.0,1,yes,yes,38928.48,yes,yes,45-54,6-10,no,Fair
15634501,441,France,Male,60,1,140614.15,1,no,yes,174381.23,no,no,55-64,1-2,no,Poor
15571940,579,Spain,Male,22,3,118680.57,1,yes,yes,49829.8,no,no,<25,3-5,no,Poor
15741643,777,Germany,Male,35,7,122917.69,1,yes,yes,76169.68,no,no,25-34,6-10,no,Very Good
15806822,739,France,Female,36,0,0.0,2,no,no,133465.57,no,yes,35-44,0,no,Good
15701166,660,France,Male,40,5,131754.11,2,yes,yes,38761.61,no,no,35-44,3-5,no,Fair
15718531,554,France,Female,35,8,0.0,2,yes,yes,176779.46,no,yes,25-34,6-10,no,Poor
15628308,850,France,Female,24,6,0.0,2,yes,yes,13159.9,no,yes,<25,6-10,no,Excellent
15585287,842,Germany,Female,35,9,119948.09,1,yes,no,48217.97,yes,no,25-34,6-10,yes,Excellent
15781619,785,France,Female,38,1,0.0,1,yes,no,134964.85,yes,yes,35-44,1-2,yes,Very Good
15805162,550,France,Male,25,0,0.0,2,yes,yes,184221.11,no,yes,<25,0,no,Poor
15588535,750,Spain,Female,39,6,0.0,2,no,no,19264.33,no,yes,35-44,6-10,no,Very Good
15775307,490,Spain,Female,38,3,97266.1,1,yes,yes,92797.23,no,no,35-44,3-5,no,Poor
15777616,605,Germany,Male,28,10,113690.83,1,yes,no,33114.24,no,no,25-34,6-10,yes,Fair
15692291,563,Spain,Female,42,6,99056.22,2,yes,no,154347.95,yes,no,35-44,6-10,no,Poor
15680843,675,France,Male,34,8,0.0,2,yes,yes,184842.21,no,yes,25-34,6-10,no,Good
15606232,621,Spain,Female,36,7,116338.68,1,yes,yes,155743.48,no,no,35-44,6-10,no,Fair
15641585,850,France,Male,40,6,97339.99,1,no,yes,88815.25,no,no,35-44,6-10,no,Excellent
15684358,711,France,Male,41,3,0.0,2,yes,yes,193747.57,no,yes,35-44,3-5,no,Good
15806389,549,Germany,Female,55,1,137592.31,2,no,yes,116548.02,yes,no,45-54,1-2,no,Poor
15641860,764,Germany,Male,34,6,108760.27,2,yes,no,166324.79,yes,no,25-34,6-10,no,Very Good
15814237,627,Germany,Male,30,3,128770.88,2,yes,yes,40199.01,no,no,25-34,3-5,no,Fair
15808780,850,France,Female,34,2,0.0,2,no,no,51919.04,no,yes,25-34,1-2,no,Excellent
15767064,614,Spain,Female,36,1,44054.84,1,yes,yes,73329.08,no,no,35-44,1-2,no,Fair
15751177,685,Germany,Female,44,2,119657.53,1,yes,no,145387.05,yes,no,35-44,1-2,yes,Good
15613427,683,Germany,Female,49,7,108797.63,2,no,no,140763.18,no,no,45-54,6-10,no,Good
15647259,643,Spain,Male,35,2,0.0,2,no,no,67979.35,no,yes,25-34,1-2,no,Fair
15748660,561,Germany,Female,49,1,102025.32,1,yes,no,133051.64,yes,no,45-54,1-2,yes,Poor
15726695,601,Spain,Female,20,9,122446.61,2,yes,no,86791.9,no,no,<25,6-10,no,Fair
15757473,766,France,Female,27,7,158786.67,2,no,yes,47579.25,no,no,25-34,6-10,no,Very Good
15809509,699,France,Male,29,3,125689.29,1,yes,yes,151623.71,no,no,25-34,3-5,no,Good
15715512,850,Germany,Male,29,1,154640.41,1,yes,yes,164039.51,no,no,25-34,1-2,no,Excellent
15614168,792,Germany,Female,50,4,146710.76,1,yes,no,16528.4,yes,no,45-54,3-5,yes,Very Good
15679818,636,Germany,Male,67,7,136709.35,1,no,yes,66753.1,yes,no,65+,6-10,no,Fair
15609928,850,Germany,Male,43,5,129305.09,2,no,yes,19244.58,no,no,35-44,3-5,no,Excellent
15731246,628,Spain,Male,40,10,0.0,2,yes,no,103832.58,no,yes,35-44,6-10,no,Fair
15685243,736,France,Female,63,10,0.0,2,no,yes,502.7,no,yes,55-64,6-10,no,Good
15638730,711,France,Female,21,0,82844.33,2,no,yes,1408.68,no,no,<25,0,no,Good
15697034,583,Spain,Female,22,2,0.0,2,no,yes,5985.36,no,yes,<25,1-2,no,Fair
15699225,757,France,Male,46,0,0.0,2,yes,no,37460.05,no,yes,45-54,0,no,Very Good
15677387,749,Germany,Female,33,10,76692.22,1,no,yes,30396.43,no,no,25-34,6-10,no,Very Good
15759184,705,France,Male,34,7,117715.84,1,yes,no,2498.67,no,no,25-34,6-10,yes,Good
15595991,585,France,Male,54,8,87105.32,1,yes,yes,55346.14,no,no,45-54,6-10,no,Fair
15681332,437,France,Female,43,6,0.0,1,yes,no,148330.97,yes,yes,35-44,6-10,yes,Poor
15756299,741,France,Female,64,2,69311.16,1,yes,yes,59237.72,no,no,55-64,1-2,no,Very Good
15750547,738,France,Male,26,9,0.0,2,yes,yes,48644.94,no,yes,25-34,6-10,no,Good
15566380,586,Spain,Female,33,10,66948.67,2,yes,yes,140759.03,no,no,25-34,6-10,no,Fair
15675963,627,France,Female,57,9,0.0,2,yes,yes,107712.42,no,yes,55-64,6-10,no,Fair
15674671,551,Spain,Male,76,2,128410.71,2,yes,yes,181718.73,no,no,65+,1-2,no,Poor
15621466,606,Germany,Male,38,3,99897.53,1,no,no,37054.65,no,no,35-44,3-5,yes,Fair
15607176,674,France,Male,22,3,0.0,1,yes,yes,173940.59,no,yes,<25,3-5,no,Good
15570299,584,Germany,Female,31,6,152622.34,1,yes,no,99298.8,no,no,25-34,6-10,yes,Fair
15613197,590,France,Male,40,8,0.0,2,yes,no,62933.03,no,yes,35-44,6-10,no,Fair
15798885,585,France,Male,56,4,138227.19,2,yes,yes,55287.84,no,no,55-64,3-5,no,Fair
15714883,508,France,Female,25,2,111395.53,1,no,yes,48197.06,no,no,<25,1-2,no,Poor
15604497,458,Germany,Male,44,7,84386.57,1,yes,no,178642.73,no,no,35-44,6-10,yes,Poor
15773949,692,France,Female,36,3,0.0,2,yes,yes,8282.22,no,yes,35-44,3-5,no,Good
15774164,502,Germany,Male,33,5,174673.65,2,yes,no,33300.56,no,no,25-34,3-5,no,Poor
15774127,518,France,Male,46,3,0.0,2,yes,no,76515.79,no,yes,45-54,3-5,no,Poor
15619016,660,Germany,Male,46,5,109019.65,2,yes,yes,33680.56,no,no,45-54,3-5,no,Fair
15795759,698,Germany,Female,52,1,107906.75,1,yes,no,168886.39,yes,no,45-54,1-2,yes,Good
15798844,678,France,Male,54,7,128914.97,1,no,no,191746.23,yes,no,45-54,6-10,yes,Good
15717962,773,Spain,Male,63,9,111179.83,1,yes,yes,93091.02,no,no,55-64,6-10,no,Very Good
15691504,619,Germany,Female,52,8,124099.13,1,no,no,23904.52,no,no,45-54,6-10,yes,Fair
15693893,684,Germany,Male,59,9,122471.09,1,no,yes,15807.07,no,no,55-64,6-10,no,Good
15672499,635,France,Male,34,3,134692.4,2,yes,yes,83773.02,no,no,25-34,3-5,no,Fair
15750410,680,France,Female,25,4,123816.5,1,yes,yes,90162.35,no,no,<25,3-5,no,Good
15568904,608,Germany,Male,34,3,106288.54,1,yes,yes,36639.25,no,no,25-34,3-5,no,Fair
15649033,603,Germany,Female,55,7,127723.25,2,yes,no,139469.11,yes,no,45-54,6-10,no,Fair
15780989,579,Spain,Male,43,2,145843.82,1,yes,yes,198402.37,yes,no,35-44,1-2,no,Poor
15771059,756,Germany,Female,34,2,148200.72,1,no,no,194584.48,no,no,25-34,1-2,yes,Very Good
15687852,611,France,Male,30,2,104145.65,1,no,no,159629.64,no,no,25-34,1-2,yes,Fair
15695280,532,Germany,Male,24,8,142755.25,1,no,no,34231.48,no,no,<25,6-10,yes,Poor
15592751,684,Germany,Female,63,3,81245.79,1,yes,no,69643.31,yes,no,55-64,3-5,yes,Good
15598338,647,Germany,Female,33,3,168560.46,2,no,no,90270.16,no,no,25-34,3-5,no,Fair
15735784,583,France,Male,38,8,0.0,1,yes,no,47848.56,no,yes,35-44,6-10,yes,Fair
15629128,774,Germany,Male,42,2,132193.94,2,yes,yes,162865.52,no,no,35-44,1-2,no,Very Good
15642870,677,France,Male,58,9,0.0,1,no,yes,168650.4,no,yes,55-64,6-10,no,Good
15637977,542,Germany,Male,25,8,139330.1,1,no,no,54372.37,no,no,<25,6-10,yes,Poor
15600792,613,Spain,Male,29,0,0.0,2,no,yes,133897.32,no,yes,25-34,0,no,Fair
15576131,666,France,Male,40,5,0.0,2,yes,no,147878.05,no,yes,35-44,3-5,no,Fair
15686588,777,France,Female,28,2,134571.5,1,no,yes,118313.38,no,no,25-34,1-2,no,Very Good
15761018,581,Germany,Male,50,2,143829.2,2,yes,no,181224.24,yes,no,45-54,1-2,no,Fair
15616029,705,France,Male,32,7,0.0,2,yes,no,7921.57,no,yes,25-34,6-10,no,Good
15761149,673,France,Female,44,8,133444.97,1,no,yes,5708.19,no,no,35-44,6-10,no,Good
15802758,594,Germany,Female,23,4,104753.84,2,yes,no,56756.52,yes,no,<25,3-5,no,Fair
15647838,648,Germany,Female,51,2,116574.84,1,yes,no,4121.04,yes,no,45-54,1-2,yes,Fair
15735968,605,France,Male,41,10,0.0,2,no,yes,97213.09,no,yes,35-44,6-10,no,Fair
15581286,734,France,Female,40,9,176914.8,1,yes,yes,12799.23,no,no,35-44,6-10,no,Good
15625445,572,France,Female,36,8,68348.18,2,no,yes,50400.32,no,no,35-44,6-10,no,Poor
15600173,595,France,Female,33,9,0.0,2,yes,yes,41447.86,no,yes,25-34,6-10,no,Fair
15635143,749,France,Male,42,2,56726.83,2,no,yes,185543.35,no,no,35-44,1-2,no,Very Good
15664849,573,Spain,Male,46,3,65269.23,1,no,yes,189988.65,yes,no,45-54,3-5,no,Poor
15762455,624,Spain,Male,33,6,66220.17,1,no,yes,170819.01,no,no,25-34,6-10,no,Fair
15797165,703,France,Male,56,9,0.0,1,no,no,85547.33,yes,yes,55-64,6-10,yes,Good
15788189,665,France,Female,41,8,96147.55,1,yes,no,137037.97,no,no,35-44,6-10,yes,Fair
15780492,648,France,Male,42,4,0.0,2,yes,no,19283.14,no,yes,35-44,3-5,no,Fair
15678497,850,Spain,Male,48,2,0.0,1,yes,no,169425.3,yes,yes,45-54,1-2,yes,Excellent
15588560,569,Germany,Female,32,8,145330.43,1,yes,yes,132038.65,no,no,25-34,6-10,no,Poor
15606003,566,France,Female,21,3,0.0,2,yes,yes,3626.47,no,yes,<25,3-5,no,Poor
15611756,537,Germany,Female,47,4,124192.28,2,yes,yes,50881.51,no,no,45-54,3-5,no,Poor
15789563,706,Germany,Female,46,7,111288.18,1,yes,yes,149170.25,yes,no,45-54,6-10,no,Good
15702416,734,France,Male,43,7,107805.67,1,no,no,182505.68,no,no,35-44,6-10,yes,Good
15766288,586,Germany,Female,36,5,103700.69,1,yes,no,194072.56,yes,no,35-44,3-5,yes,Fair
15667633,612,France,Female,38,1,0.0,2,yes,yes,9209.21,no,yes,35-44,1-2,no,Fair
15622774,648,France,Male,34,0,0.0,1,yes,yes,167931.81,no,yes,25-34,0,no,Fair
15755416,557,France,Female,27,3,87739.08,1,yes,yes,123096.56,no,no,25-34,3-5,no,Poor
15769915,643,Spain,Female,20,0,133313.34,1,yes,yes,3965.69,no,no,<25,0,no,Fair
15643908,433,France,Female,49,10,0.0,1,yes,yes,87711.61,no,yes,45-54,6-10,no,Poor
15627395,643,Germany,Male,41,7,154902.66,1,yes,yes,49667.28,no,no,35-44,6-10,no,Fair
15679663,488,France,Female,36,0,0.0,2,yes,no,136675.22,no,yes,35-44,0,no,Poor
15651581,758,Germany,Male,68,6,112595.85,1,yes,no,35865.44,yes,no,65+,6-10,yes,Very Good
15596379,743,Germany,Male,39,3,119695.75,1,no,yes,26136.13,no,no,35-44,3-5,no,Very Good
15746674,730,France,Female,47,7,0.0,1,yes,no,33373.26,yes,yes,45-54,6-10,yes,Good
15801256,746,Spain,Male,49,7,0.0,2,no,yes,10096.25,no,yes,45-54,6-10,no,Very Good
15663808,666,Germany,Female,59,8,152614.51,2,yes,yes,188782.3,no,no,55-64,6-10,no,Fair
15598521,580,Germany,Female,33,7,131647.01,2,no,no,79775.19,no,no,25-34,6-10,no,Poor
15621457,850,France,Male,27,6,96654.72,2,no,no,152740.16,no,no,25-34,6-10,no,Excellent
15764726,563,France,Male,22,3,137583.04,1,no,yes,5791.85,no,no,<25,3-5,no,Poor
15646374,766,Germany,Female,28,3,62717.84,2,yes,yes,13182.43,no,no,25-34,3-5,no,Very Good
15716501,659,France,Male,32,9,95377.13,1,no,yes,187551.24,no,no,25-34,6-10,no,Fair
15589948,607,Spain,Male,28,1,135936.1,2,yes,yes,110560.14,no,no,25-34,1-2,no,Fair
15811343,644,Germany,Male,35,5,161591.11,3,yes,yes,63795.62,no,no,25-34,3-5,no,Fair
15659677,746,France,Male,47,8,142382.03,1,yes,yes,62086.62,no,no,45-54,6-10,no,Very Good
15594436,588,Spain,Male,33,2,0.0,2,yes,yes,12483.56,no,yes,25-34,1-2,no,Fair
15748995,691,Spain,Male,30,9,0.0,2,no,yes,10963.04,no,yes,25-34,6-10,no,Good
15677062,666,France,Female,38,6,127043.09,1,yes,yes,8247.0,no,no,35-44,6-10,no,Fair
15697201,640,Spain,Female,46,3,0.0,1,yes,yes,156260.08,no,yes,45-54,3-5,no,Fair
15666453,611,Germany,Female,29,4,78885.88,2,yes,yes,26927.69,no,no,25-34,3-5,no,Fair
15693771,651,Spain,Female,45,8,95922.9,1,yes,no,84782.42,yes,no,35-44,6-10,yes,Fair
15569867,529,France,Female,29,8,0.0,2,yes,no,19842.11,no,yes,25-34,6-10,no,Poor
15711602,676,France,Female,36,3,91711.59,1,yes,yes,95393.43,no,no,35-44,3-5,no,Good
15717736,639,Germany,Female,46,10,110031.09,2,yes,yes,133995.59,no,no,45-54,6-10,no,Fair
15750441,782,France,Male,36,5,81210.72,2,no,yes,108003.38,no,no,35-44,3-5,no,Very Good
15732791,641,Germany,Male,32,5,122947.92,1,yes,yes,99154.86,no,no,25-34,3-5,no,Fair
15775104,697,France,Female,38,1,182065.85,1,yes,no,49503.5,no,no,35-44,1-2,yes,Good
15757607,623,France,Male,45,0,0.0,1,yes,no,196533.72,yes,yes,35-44,0,yes,Fair
15793070,494,Spain,Female,41,2,69974.66,2,yes,no,188426.13,yes,no,35-44,1-2,no,Poor
15760456,731,France,Female,38,10,123711.73,2,yes,no,171340.68,yes,no,35-44,6-10,no,Good
15665385,657,France,Male,44,6,76495.04,1,yes,no,79071.89,no,no,35-44,6-10,yes,Fair
15612418,744,France,Female,38,9,0.0,2,no,no,20940.76,no,yes,35-44,6-10,no,Very Good
15727138,774,Spain,Male,46,9,0.0,2,yes,yes,34774.26,no,yes,45-54,6-10,no,Very Good
15732061,850,Germany,Female,45,1,121874.89,1,no,no,6865.41,yes,no,35-44,1-2,yes,Excellent
15776051,551,France,Female,45,6,0.0,2,yes,yes,51143.43,no,yes,35-44,6-10,no,Poor
15616530,638,France,Male,36,6,188455.19,1,no,no,47031.4,yes,no,35-44,6-10,yes,Fair
15632344,792,France,Female,42,0,99045.93,2,yes,no,47160.01,no,no,35-44,0,no,Very Good
15744979,666,France,Female,36,8,0.0,1,no,yes,158666.99,no,yes,35-44,6-10,no,Fair
15745433,716,Germany,Female,30,2,205770.78,2,no,no,65464.66,no,no,25-34,1-2,no,Good
15683657,594,France,Female,31,0,79340.95,1,yes,no,78255.86,no,no,25-34,0,yes,Fair
15718572,600,Germany,Male,57,9,138456.03,2,yes,yes,103548.25,no,no,55-64,6-10,no,Fair
15665783,565,France,Male,49,7,0.0,2,yes,yes,89609.26,no,yes,45-54,6-10,no,Poor
15652782,678,Germany,Male,48,2,101099.9,2,no,yes,193476.04,no,no,45-54,1-2,no,Good
15707025,648,Spain,Female,31,5,0.0,2,yes,yes,5199.02,no,yes,25-34,3-5,no,Fair
15647807,642,France,Male,40,8,109219.83,1,yes,no,52827.51,no,no,35-44,6-10,yes,Fair
15718281,706,Germany,Male,67,1,123276.69,2,yes,yes,86507.88,yes,no,65+,1-2,no,Good
15660571,668,Spain,Male,43,10,113034.31,1,yes,yes,100423.88,no,no,35-44,6-10,no,Fair
15727857,635,Spain,Male,41,1,0.0,2,yes,no,175611.5,no,yes,35-44,1-2,no,Fair
15639252,603,Spain,Male,30,6,129548.5,2,yes,yes,19282.85,no,no,25-34,6-10,no,Fair
15628144,635,France,Female,72,4,74812.84,1,no,yes,27448.33,no,no,65+,3-5,no,Fair
15683560,642,France,Female,40,7,0.0,2,yes,no,183963.34,no,yes,35-44,6-10,no,Fair
15653275,785,Spain,Female,54,1,0.0,2,yes,no,45113.92,yes,yes,45-54,1-2,no,Very Good
15622182,628,Germany,Female,28,3,153538.13,2,yes,no,110776.01,no,no,25-34,3-5,no,Fair
15613962,499,France,Female,38,9,0.0,2,no,yes,183042.2,no,yes,35-44,6-10,no,Poor
15618437,567,Spain,Male,34,10,0.0,2,no,yes,161571.79,no,yes,25-34,6-10,no,Poor
15783338,449,Spain,Male,32,0,155619.36,1,yes,yes,166692.03,no,no,25-34,0,no,Poor
15764491,701,Spain,Male,35,10,159693.9,2,yes,yes,71173.64,no,no,25-34,6-10,no,Good
15712960,613,Spain,Male,37,3,171653.17,1,no,yes,5353.12,no,no,35-44,3-5,no,Fair
15688157,683,Germany,Female,39,2,47685.47,2,yes,yes,86019.48,no,no,35-44,1-2,no,Good
15579287,581,France,Male,35,4,0.0,2,no,yes,86383.82,no,yes,25-34,3-5,no,Fair
15570931,620,France,Male,61,5,0.0,1,no,no,31641.52,yes,yes,55-64,3-5,yes,Fair
15615177,561,Spain,Male,28,6,123692.0,1,yes,yes,70548.96,no,no,25-34,6-10,no,Poor
15809906,558,Germany,Male,26,1,148853.29,2,yes,yes,24411.02,no,no,25-34,1-2,no,Poor
15652169,642,France,Male,35,2,133161.95,1,no,yes,122254.86,no,no,25-34,1-2,no,Fair
15649450,805,Germany,Male,24,6,143221.35,2,yes,no,186035.72,no,no,<25,6-10,no,Excellent
15777179,687,France,Male,35,9,0.0,2,no,yes,73133.82,no,yes,25-34,6-10,no,Good
15803538,695,Spain,Male,56,1,0.0,3,yes,no,187734.49,yes,yes,55-64,1-2,no,Good
15610936,562,France,Male,33,6,0.0,2,yes,no,111590.35,no,yes,25-34,6-10,no,Poor
15590094,613,Germany,Male,38,9,126265.88,2,no,no,15859.95,no,no,35-44,6-10,no,Fair
15572706,589,France,Male,37,5,0.0,1,yes,no,61324.87,no,yes,35-44,3-5,yes,Fair
15634564,593,Spain,Male,31,8,112713.34,1,yes,yes,176868.89,no,no,25-34,6-10,no,Fair
15684296,714,France,Male,34,5,141173.03,1,no,yes,98896.06,no,no,25-34,3-5,no,Good
15702293,588,Spain,Female,35,7,0.0,2,yes,yes,108739.15,no,yes,25-34,6-10,no,Fair
15642099,679,Spain,Male,39,6,0.0,2,yes,no,12266.06,no,yes,35-44,6-10,no,Good
15773273,730,Spain,Male,38,5,118866.36,1,yes,yes,163317.5,no,no,35-44,3-5,no,Good
15613337,833,France,Male,47,2,0.0,2,yes,yes,182247.77,no,yes,45-54,1-2,no,Excellent
15800482,586,Spain,Female,33,7,0.0,2,yes,yes,168261.4,no,yes,25-34,6-10,no,Fair
15732644,567,Spain,Female,54,5,92316.31,2,yes,no,158590.66,yes,no,45-54,3-5,no,Poor
15713426,637,Germany,Male,30,1,122185.53,1,yes,no,102566.46,yes,no,25-34,1-2,yes,Fair
15640789,711,France,Male,38,4,123345.85,1,yes,no,141827.83,no,no,35-44,3-5,yes,Good
15598892,828,France,Male,30,4,73070.18,2,no,no,161671.15,no,no,25-34,3-5,no,Excellent
15606436,500,Spain,Male,38,7,0.0,2,no,no,192013.23,no,yes,35-44,6-10,no,Poor
15751227,807,France,Male,47,1,95120.59,1,no,no,127875.1,no,no,45-54,1-2,yes,Excellent
15812365,850,France,Male,40,8,102800.65,1,yes,no,60811.56,no,no,35-44,6-10,yes,Excellent
15616088,782,France,Female,70,7,97072.42,1,no,yes,131177.22,no,no,65+,6-10,no,Very Good
15803886,629,Spain,Male,31,6,132876.55,1,yes,yes,130862.11,no,no,25-34,6-10,no,Fair
15587311,582,Spain,Male,33,6,0.0,2,no,yes,72970.93,no,yes,25-34,6-10,no,Fair
15617401,468,France,Male,22,2,0.0,2,yes,no,28123.99,no,yes,<25,1-2,no,Poor
15775886,670,France,Male,36,3,0.0,1,yes,no,140754.19,yes,yes,35-44,3-5,yes,Fair
15807305,805,France,Male,39,2,0.0,1,no,no,166650.32,no,yes,35-44,1-2,yes,Excellent
15761717,720,France,Male,26,10,51962.91,2,yes,no,45507.24,no,no,25-34,6-10,no,Good
15628008,781,Spain,Female,29,6,98759.89,1,no,no,112202.64,no,no,25-34,6-10,yes,Very Good
15583755,592,Germany,Male,33,2,156570.86,1,yes,yes,37140.2,no,no,25-34,1-2,no,Fair
15661409,542,France,Female,42,1,0.0,1,yes,yes,178256.58,yes,yes,35-44,1-2,no,Poor
15774250,532,France,Male,42,1,159024.71,1,yes,no,100982.93,yes,no,35-44,1-2,yes,Poor
15681476,520,France,Female,39,1,73493.17,1,no,yes,109626.13,yes,no,35-44,1-2,no,Poor
15654870,759,France,Female,45,8,0.0,2,yes,yes,99251.24,no,yes,35-44,6-10,no,Very Good
15790448,473,France,Female,35,6,69617.36,1,yes,no,143345.69,no,no,25-34,6-10,yes,Poor
15785326,639,Spain,Female,35,5,136526.26,2,yes,no,59653.03,no,no,25-34,3-5,no,Fair
15592854,705,France,Male,25,3,113736.27,1,no,yes,196864.61,no,no,<25,3-5,no,Good
15617486,530,France,Male,52,1,106723.28,1,no,no,109960.4,yes,no,45-54,1-2,yes,Poor
15806796,516,Germany,Female,33,10,138847.9,1,yes,yes,127256.7,no,no,25-34,6-10,no,Poor
15644699,850,France,Female,40,0,0.0,2,yes,no,1099.95,no,yes,35-44,0,no,Excellent
15622305,746,Germany,Female,33,2,107868.14,2,yes,yes,146192.4,no,no,25-34,1-2,no,Very Good
15608209,622,Germany,Male,33,3,96926.12,2,yes,no,48553.77,no,no,25-34,3-5,no,Fair
15626898,743,France,Male,30,7,77599.23,1,no,no,144407.1,no,no,25-34,6-10,yes,Very Good
15644297,732,Germany,Male,38,5,178787.54,1,yes,yes,195760.53,no,no,35-44,3-5,no,Good
15731569,850,France,Male,81,5,0.0,2,yes,yes,44827.47,no,yes,65+,3-5,no,Excellent
15582149,850,Germany,Female,34,3,129668.43,2,yes,yes,88743.99,no,no,25-34,3-5,no,Excellent
15802483,686,France,Male,34,6,146178.13,2,yes,yes,88837.11,no,no,25-34,6-10,no,Good
15686999,556,France,Female,40,8,0.0,2,yes,no,62112.7,no,yes,35-44,6-10,no,Poor
15772479,673,France,Male,37,4,0.0,2,no,no,163563.07,no,yes,35-44,3-5,no,Good
15778884,809,France,Female,38,2,154763.21,2,yes,yes,174800.31,no,no,35-44,1-2,no,Excellent
15623630,634,Germany,Female,56,3,116251.24,1,no,yes,42429.88,yes,no,55-64,3-5,no,Fair
15774316,630,France,Male,37,6,0.0,2,yes,yes,82647.65,no,yes,35-44,6-10,no,Fair
15695097,564,Germany,Female,30,0,100954.88,2,no,no,134175.15,no,no,25-34,0,no,Poor
15645404,625,France,Female,51,4,124620.01,2,yes,no,92243.94,yes,no,45-54,3-5,no,Fair
15750574,677,Spain,Female,34,4,0.0,2,yes,yes,6175.53,no,yes,25-34,3-5,no,Good
15636812,583,France,Male,40,9,112701.04,1,no,no,29213.63,no,no,35-44,6-10,yes,Fair
15712068,592,Spain,Male,45,8,84692.5,1,no,yes,67214.02,no,no,35-44,6-10,no,Fair
15652030,637,Germany,Male,49,2,108204.52,1,yes,no,169037.84,yes,no,45-54,1-2,yes,Fair
15577398,850,France,Male,30,6,86449.39,1,yes,yes,188809.23,no,no,25-34,6-10,no,Excellent
15756848,633,Spain,Male,42,10,0.0,1,no,yes,79408.17,no,yes,35-44,6-10,no,Fair
15806929,751,Germany,Male,36,5,73194.99,1,yes,yes,89222.66,no,no,35-44,3-5,no,Very Good
15656005,592,Germany,Male,31,7,124593.23,1,yes,no,86079.67,no,no,25-34,6-10,yes,Fair
15722632,716,Germany,Male,50,2,119655.77,1,yes,yes,12944.17,yes,no,45-54,1-2,no,Good
15794356,641,Germany,Male,42,3,121765.37,2,yes,yes,166516.84,no,no,35-44,3-5,no,Fair
15659656,849,France,Male,35,4,110837.73,1,no,no,126419.8,no,no,25-34,3-5,yes,Excellent
15588341,647,Spain,Male,47,10,99835.17,1,no,yes,89103.05,no,no,45-54,6-10,no,Fair
15709142,608,Germany,Female,30,2,91057.37,2,yes,no,132973.17,no,no,25-34,1-2,no,Fair
15627042,555,France,Female,26,7,0.0,2,yes,no,93122.41,no,yes,25-34,6-10,no,Poor
15627517,497,Spain,Male,27,7,149400.27,1,no,no,167522.19,no,no,25-34,6-10,yes,Poor
15803032,599,Germany,Male,38,9,89111.63,1,no,no,157239.6,no,no,35-44,6-10,yes,Fair
15665129,545,Germany,Male,33,1,132527.9,2,no,yes,107429.71,no,no,25-34,1-2,no,Poor
15628272,774,France,Female,36,9,114997.42,1,yes,no,75304.09,no,no,35-44,6-10,yes,Very Good
15678206,464,France,Male,46,6,161798.53,1,yes,no,182944.47,no,no,45-54,6-10,yes,Poor
15678427,696,Germany,Female,27,2,96129.32,2,yes,yes,5983.7,no,no,25-34,1-2,no,Good
15678067,667,Spain,Male,45,3,0.0,2,no,no,163655.01,no,yes,35-44,3-5,no,Fair
15793331,812,France,Male,32,5,133050.97,2,yes,no,89385.92,no,no,25-34,3-5,no,Excellent
15699532,516,France,Male,51,8,120124.35,2,no,yes,168773.54,no,no,45-54,6-10,no,Poor
15605827,645,France,Male,39,8,0.0,2,no,no,96864.36,no,yes,35-44,6-10,no,Fair
15643635,664,Spain,Male,32,5,133705.74,1,no,no,134455.84,no,no,25-34,3-5,yes,Fair
15787710,427,Spain,Female,39,9,0.0,2,yes,no,28368.37,no,yes,35-44,6-10,no,Poor
15614137,685,France,Female,40,7,0.0,2,yes,no,103898.59,no,yes,35-44,6-10,no,Good
15754494,585,France,Female,33,4,152805.05,1,yes,no,63239.65,no,no,25-34,3-5,yes,Fair
15713440,519,Germany,Female,21,1,151701.45,3,yes,yes,170138.68,yes,no,<25,1-2,no,Poor
15803479,708,France,Female,67,1,0.0,2,no,yes,3837.08,no,yes,65+,1-2,no,Good
15709639,717,France,Female,22,5,112465.06,1,yes,yes,92977.75,no,no,<25,3-5,no,Good
15601719,465,Germany,Male,24,6,156007.09,1,yes,no,191368.37,no,no,<25,6-10,yes,Poor
15772482,829,Germany,Male,28,3,132405.52,3,yes,no,104889.2,yes,no,25-34,3-5,no,Excellent
15591489,826,France,Male,26,5,142662.68,1,no,no,60285.3,no,no,25-34,3-5,yes,Excellent
15629002,747,Germany,Male,36,8,102603.3,2,yes,yes,180693.61,no,no,35-44,6-10,no,Very Good
15798053,707,Spain,Male,32,9,0.0,2,yes,no,126475.79,no,yes,25-34,6-10,no,Good
15753895,590,Spain,Male,37,1,0.0,2,no,no,133535.99,no,yes,35-44,1-2,no,Fair
15595426,603,Spain,Male,57,6,105000.85,2,yes,yes,87412.24,yes,no,55-64,6-10,no,Fair
15645815,615,France,Male,45,5,0.0,2,yes,yes,164886.64,no,yes,35-44,3-5,no,Fair
15632848,634,France,Female,36,1,69518.95,1,yes,no,116238.39,no,no,35-44,1-2,yes,Fair
15703068,716,Germany,Male,41,8,126145.54,2,yes,yes,138051.19,no,no,35-44,6-10,no,Good
15791513,647,France,Male,41,4,138937.35,1,yes,yes,101617.64,yes,no,35-44,3-5,no,Fair
15587210,591,Germany,Female,44,10,113581.98,1,yes,no,1985.41,no,no,35-44,6-10,yes,Fair
15793803,574,France,Male,34,1,112572.39,1,no,no,165626.6,no,no,25-34,1-2,yes,Poor
15787756,467,Germany,Male,51,10,114514.71,2,yes,no,177784.68,yes,no,45-54,6-10,no,Poor
15723437,701,France,Female,35,2,0.0,2,yes,yes,65765.22,no,yes,25-34,1-2,no,Good
15702715,747,France,Female,34,10,0.0,2,yes,yes,50759.8,no,yes,25-34,6-10,no,Very Good
15809872,650,France,Male,32,2,84906.45,1,yes,no,163216.48,no,no,25-34,1-2,yes,Fair
15644295,731,Spain,Female,39,2,126816.18,1,yes,yes,74850.93,no,no,35-44,1-2,no,Good
15778694,638,Germany,Female,26,1,105249.76,2,yes,yes,23491.09,no,no,25-34,1-2,no,Fair
15759555,569,Spain,Male,41,2,0.0,2,yes,no,134272.57,no,yes,35-44,1-2,no,Poor
15631406,459,Germany,Male,50,5,109387.9,1,yes,no,155721.15,no,no,45-54,3-5,yes,Poor
15616676,632,Germany,Male,23,3,122478.51,1,yes,no,147230.77,yes,no,<25,3-5,yes,Fair
15771154,683,France,Female,73,8,137732.23,2,yes,yes,133210.44,no,no,65+,6-10,no,Good
15669491,850,France,Female,46,2,157866.77,1,yes,yes,18986.12,no,no,45-54,1-2,no,Excellent
15697691,512,France,Female,41,6,0.0,1,yes,yes,100507.81,no,yes,35-44,6-10,no,Poor
15665180,616,France,Female,31,3,136789.14,1,yes,no,59346.4,yes,no,25-34,3-5,yes,Fair
15752588,664,France,Male,36,1,0.0,2,yes,yes,95372.64,no,yes,35-44,1-2,no,Fair
15743051,694,France,Male,30,10,144684.03,1,yes,yes,31805.49,no,no,25-34,6-10,no,Good
15571873,655,France,Male,24,9,107065.31,1,yes,yes,51959.82,no,no,<25,6-10,no,Fair
15679743,607,France,Female,33,8,91301.72,1,no,yes,130824.57,no,no,25-34,6-10,no,Fair
15769412,684,Spain,Male,39,4,207034.96,2,no,no,157694.76,yes,no,35-44,3-5,no,Good
15775124,763,Spain,Male,37,8,0.0,2,yes,yes,933.38,no,yes,35-44,6-10,no,Very Good
15732113,671,Spain,Male,50,8,0.0,1,no,yes,2560.11,no,yes,45-54,6-10,no,Good
15578141,592,Spain,Male,38,3,0.0,1,yes,yes,12905.89,yes,yes,35-44,3-5,no,Fair
15595874,666,Spain,Female,36,6,0.0,2,yes,no,176692.87,no,yes,35-44,6-10,no,Fair
15755642,667,France,Male,34,5,0.0,2,yes,yes,102908.63,no,yes,25-34,3-5,no,Fair
15576526,850,Spain,Male,36,6,0.0,2,no,yes,41291.05,no,yes,35-44,6-10,no,Excellent
15792489,622,Spain,Male,42,9,0.0,2,yes,no,119127.06,no,yes,35-44,6-10,no,Fair
15733705,577,France,Female,30,8,92472.1,2,no,yes,126434.61,no,no,25-34,6-10,no,Poor
15807221,555,Spain,Male,21,1,0.0,2,no,no,103901.35,no,yes,<25,1-2,no,Poor
15573045,547,France,Male,62,10,127738.75,2,yes,yes,85153.0,no,no,55-64,6-10,no,Poor
15756824,613,Germany,Female,50,5,101242.98,2,yes,no,12493.61,no,no,45-54,3-5,no,Fair
15773520,672,France,Female,43,4,92599.55,2,yes,yes,167336.78,no,no,35-44,3-5,no,Good
15627439,624,Spain,Female,36,10,0.0,2,no,yes,186180.42,no,yes,35-44,6-10,no,Fair
15701439,698,Spain,Female,50,1,0.0,4,yes,no,88566.9,yes,yes,45-54,1-2,no,Good
15785352,606,France,Male,37,6,82373.94,1,no,no,172526.9,yes,no,35-44,6-10,yes,Fair
15616525,720,Spain,Male,31,4,141356.47,1,no,no,137985.69,no,no,25-34,3-5,yes,Good
15717489,835,France,Male,23,9,0.0,1,yes,no,19793.73,yes,yes,<25,6-10,yes,Excellent
15795737,771,Spain,Female,47,3,72664.0,2,yes,yes,107874.39,no,no,45-54,3-5,no,Very Good
15693877,811,France,Female,47,3,123365.34,2,no,no,171995.34,no,no,45-54,3-5,no,Excellent
15576111,734,Germany,Male,33,5,121898.58,1,yes,no,61829.89,no,no,25-34,3-5,yes,Good
15595713,548,Spain,Male,33,6,0.0,1,yes,yes,31728.35,no,yes,25-34,6-10,no,Poor
15808868,652,France,Female,31,3,103696.97,3,no,no,155221.05,yes,no,25-34,3-5,no,Fair
15708193,707,France,Male,33,2,0.0,2,no,no,130866.95,no,yes,25-34,1-2,no,Good
15697801,605,Germany,Female,56,1,74129.18,2,yes,yes,62199.78,yes,no,55-64,1-2,no,Fair
15770121,623,France,Female,34,9,0.0,1,yes,no,24255.21,no,yes,25-34,6-10,yes,Fair
15800524,686,Germany,Male,29,3,185379.02,1,yes,no,64679.07,no,no,25-34,3-5,yes,Good
15686236,525,Germany,Female,47,1,118087.68,1,yes,no,88120.78,yes,no,45-54,1-2,yes,Poor
15659807,657,Spain,Male,41,8,109402.13,1,yes,yes,66463.62,no,no,35-44,6-10,no,Fair
15736078,730,Germany,Female,33,7,130367.87,1,yes,no,15142.1,yes,no,25-34,6-10,yes,Good
15620836,816,Germany,Female,34,2,108410.87,2,yes,no,102908.91,no,no,25-34,1-2,no,Excellent
15698184,484,France,Female,50,2,90408.16,2,no,no,48170.57,no,no,45-54,1-2,no,Poor
15717643,728,France,Female,34,6,90425.15,2,yes,yes,11597.69,no,no,25-34,6-10,no,Good
15776596,730,Spain,Female,39,6,140094.59,1,yes,no,172450.04,yes,no,35-44,6-10,yes,Good
15814757,477,Spain,Male,31,9,0.0,2,no,yes,184061.17,no,yes,25-34,6-10,no,Poor
15812607,663,Germany,Female,46,6,95439.4,1,yes,yes,21038.58,yes,no,45-54,6-10,no,Fair
15663888,549,Germany,Male,34,6,204017.4,2,yes,no,109538.35,no,no,25-34,6-10,no,Poor
15748882,714,Spain,Male,29,9,0.0,2,yes,no,129192.55,no,yes,25-34,6-10,no,Good
15690829,430,Germany,Male,49,3,137115.16,1,yes,no,146516.86,yes,no,45-54,3-5,yes,Poor
15695819,504,Germany,Male,43,5,134740.19,2,yes,no,181430.91,no,no,35-44,3-5,no,Poor
15696834,530,France,Female,29,5,0.0,2,no,no,121451.21,no,yes,25-34,3-5,no,Poor
15797710,619,Germany,Male,29,4,98955.87,1,no,yes,131712.51,no,no,25-34,3-5,no,Fair
15700654,617,Germany,Male,44,9,49157.09,2,yes,no,53294.17,no,no,35-44,6-10,no,Fair
15583764,791,Germany,Male,31,1,130240.33,1,no,no,96546.55,no,no,25-34,1-2,yes,Very Good
15688849,609,France,Male,48,1,108019.27,3,yes,yes,184524.65,yes,no,45-54,1-2,no,Fair
15661473,780,Germany,Male,51,4,126725.25,1,yes,no,195259.31,yes,no,45-54,3-5,yes,Very Good
15601030,777,Germany,Female,34,5,96693.66,1,yes,yes,172618.52,no,no,25-34,3-5,no,Very Good
15789557,817,Germany,Female,27,7,129810.6,1,yes,yes,59259.44,no,no,25-34,6-10,no,Excellent
15745250,850,France,Male,58,8,156652.13,1,no,no,25899.21,yes,no,55-64,6-10,yes,Excellent
15590349,732,France,Female,36,9,0.0,1,no,no,3749.0,yes,yes,35-44,6-10,yes,Good
15741693,693,France,Male,40,4,130661.96,1,yes,yes,101918.96,no,no,35-44,3-5,no,Good
15618446,576,France,Female,50,8,0.0,2,yes,yes,57802.62,no,yes,45-54,6-10,no,Poor
15766552,643,France,Male,37,6,0.0,2,no,no,142454.77,no,yes,35-44,6-10,no,Fair
15668775,757,France,Male,47,3,130747.1,1,yes,no,143829.54,no,no,45-54,3-5,yes,Very Good
15757895,569,Germany,Male,30,6,106629.49,1,no,yes,44114.88,no,no,25-34,6-10,no,Poor
15774551,772,Spain,Male,36,3,112029.83,1,yes,yes,186948.35,no,no,35-44,3-5,no,Very Good
15684011,576,Germany,Male,29,7,130575.26,1,no,yes,173629.78,no,no,25-34,6-10,no,Poor
15736146,608,Germany,Male,28,4,96679.71,1,yes,yes,49133.45,no,no,25-34,3-5,no,Fair
15656286,794,France,Male,33,0,0.0,2,no,no,178122.71,no,yes,25-34,0,no,Very Good
15774847,593,France,Male,50,6,171740.69,1,no,no,20893.61,no,no,45-54,6-10,yes,Fair
15619340,597,Spain,Male,38,1,0.0,2,yes,no,41303.29,no,yes,35-44,1-2,no,Fair
15815656,541,Germany,Female,39,9,100116.67,1,yes,yes,199808.1,yes,no,35-44,6-10,no,Poor
15623357,692,Germany,Male,24,2,120596.93,1,no,yes,180490.53,no,no,<25,1-2,no,Good
15601324,697,France,Female,48,1,0.0,2,yes,yes,87400.53,no,yes,45-54,1-2,no,Good
15715510,768,France,Male,29,2,95984.69,2,yes,yes,73686.75,no,no,25-34,1-2,no,Very Good
15663770,802,France,Male,38,1,142557.11,1,yes,yes,172497.73,no,no,35-44,1-2,no,Excellent
15779267,584,France,Male,47,5,0.0,2,yes,no,89286.29,no,yes,45-54,3-5,no,Fair
15597957,614,Spain,Male,66,2,0.0,2,no,yes,180082.7,no,yes,65+,1-2,no,Fair
15584620,850,Germany,Female,36,6,143644.16,1,yes,no,22102.25,yes,no,35-44,6-10,yes,Excellent
15750772,671,France,Female,38,6,132129.72,1,no,yes,76068.95,no,no,35-44,6-10,no,Good
15706557,626,France,Female,52,0,0.0,2,yes,no,32159.46,yes,yes,45-54,0,no,Fair
15594391,770,France,Female,68,2,183555.24,1,no,no,159557.28,yes,no,65+,1-2,yes,Very Good
15661656,633,France,Male,38,2,91902.56,2,yes,yes,107673.35,no,no,35-44,1-2,no,Fair
15631217,663,France,Male,40,6,156218.19,1,no,yes,33607.72,no,no,35-44,6-10,no,Fair
15588955,581,Germany,Female,43,5,93259.57,3,yes,no,141035.65,yes,no,35-44,3-5,no,Fair
15758252,561,Germany,Female,45,2,168085.38,2,no,yes,115719.08,no,no,35-44,1-2,no,Poor
15740223,479,Germany,Male,51,1,107714.74,3,yes,no,86128.21,yes,no,45-54,1-2,no,Poor
15805413,769,France,Female,31,6,117852.26,2,yes,no,147668.64,no,no,25-34,6-10,no,Very Good
15635116,659,Spain,Male,60,2,0.0,1,yes,no,177480.45,yes,yes,55-64,1-2,yes,Fair
15764892,590,Spain,Female,51,10,84474.62,2,yes,yes,190937.09,no,no,45-54,6-10,no,Fair
15795936,560,France,Male,50,3,0.0,2,yes,no,84531.79,no,yes,45-54,3-5,no,Poor
15655232,437,Germany,Male,35,6,126803.34,2,yes,yes,161133.4,no,no,25-34,6-10,no,Poor
15640133,661,France,Female,34,0,0.0,2,yes,no,185555.63,no,yes,25-34,0,no,Fair
15751524,677,Germany,Female,36,10,68806.84,1,yes,no,33075.24,no,no,35-44,6-10,yes,Good
15670552,560,France,Female,31,3,115141.18,1,yes,no,39806.75,no,no,25-34,3-5,yes,Poor
15623966,578,France,Female,35,2,0.0,2,no,yes,26389.92,no,yes,25-34,1-2,no,Poor
15752193,421,Spain,Male,34,6,90723.36,1,yes,yes,12162.76,no,no,25-34,6-10,no,Poor
15607269,492,Germany,Female,49,2,151249.45,2,yes,yes,167237.94,no,no,45-54,1-2,no,Poor
15700752,545,France,Female,32,6,0.0,2,yes,yes,52067.37,no,yes,25-34,6-10,no,Poor
15777901,640,Germany,Female,43,9,94752.49,1,yes,no,184006.36,yes,no,35-44,6-10,yes,Fair
15639117,624,Spain,Female,34,6,0.0,1,yes,no,582.59,yes,yes,25-34,6-10,yes,Fair
15720203,577,Spain,Male,28,7,0.0,1,yes,no,143274.41,no,yes,25-34,6-10,yes,Poor
15586236,704,France,Male,31,5,132084.66,3,yes,yes,54474.48,yes,no,25-34,3-5,no,Good
15676645,523,France,Male,45,5,0.0,2,yes,yes,121428.2,no,yes,35-44,3-5,no,Poor
15715988,793,France,Male,35,2,0.0,2,yes,yes,79704.12,no,yes,25-34,1-2,no,Very Good
15603749,564,France,Female,53,2,45472.28,1,yes,yes,41055.71,yes,no,45-54,1-2,no,Poor
15608956,711,France,Male,33,1,0.0,1,no,no,41590.4,no,yes,25-34,1-2,yes,Good
15733872,791,Germany,Female,33,10,130229.71,2,no,no,54019.93,yes,no,25-34,6-10,no,Very Good
15666982,629,Germany,Female,38,9,123948.85,1,yes,no,76053.07,no,no,35-44,6-10,yes,Fair
15602647,729,Germany,Male,39,6,127415.85,1,yes,yes,184977.2,yes,no,35-44,6-10,no,Good
15623063,651,Germany,Male,35,8,110067.71,1,yes,no,127678.95,yes,no,25-34,6-10,yes,Fair
15682928,695,Spain,Male,39,4,65521.2,1,yes,yes,1243.97,no,no,35-44,3-5,no,Good
15729246,847,Spain,Male,31,5,0.0,2,yes,yes,76326.67,no,yes,25-34,3-5,no,Excellent
15588928,704,France,Male,47,5,0.0,2,yes,yes,145338.61,no,yes,45-54,3-5,no,Good
15803352,613,Germany,Male,33,3,155736.42,2,yes,yes,57751.21,no,no,25-34,3-5,no,Fair
15607485,692,Spain,Female,29,4,0.0,2,no,no,138880.24,no,yes,25-34,3-5,no,Good
15656249,720,France,Female,34,3,118307.57,2,yes,yes,136120.29,no,no,25-34,3-5,no,Good
15761783,577,France,Male,41,6,0.0,1,yes,yes,167621.18,no,yes,35-44,6-10,no,Poor
15716605,710,Germany,Female,24,7,103099.17,2,yes,no,173276.62,no,no,<25,6-10,no,Good
15757425,716,France,Female,38,1,0.0,2,yes,yes,99661.46,no,yes,35-44,1-2,no,Good
15603096,410,France,Male,33,6,125789.69,1,no,no,66333.56,yes,no,25-34,6-10,yes,Poor
15588580,584,Germany,Female,36,4,109646.83,1,yes,yes,70240.79,no,no,35-44,3-5,no,Fair
15770539,792,France,Male,30,1,127187.86,1,yes,yes,113553.42,no,no,25-34,1-2,no,Very Good
15572022,605,France,Female,36,6,0.0,1,no,yes,690.84,no,yes,35-44,6-10,no,Fair
15571843,486,Spain,Male,24,1,0.0,1,yes,no,98802.76,no,yes,<25,1-2,yes,Poor
15752502,615,France,Male,41,4,130385.82,1,no,yes,130661.95,no,no,35-44,3-5,no,Fair
15609058,676,France,Male,23,1,107787.47,1,no,yes,116378.82,no,no,<25,1-2,no,Good
15775108,571,France,Male,34,1,99325.04,2,no,yes,186052.15,no,no,25-34,1-2,no,Poor
15708904,850,France,Female,37,9,0.0,1,no,no,100101.06,no,yes,35-44,6-10,yes,Excellent
15600086,717,France,Male,48,7,123764.95,1,yes,yes,169952.82,no,no,45-54,6-10,no,Good
15814675,642,Germany,Female,39,8,128264.03,1,yes,no,61792.76,yes,no,35-44,6-10,yes,Fair
15572777,780,Spain,Male,47,7,86006.21,1,yes,yes,37973.13,no,no,45-54,6-10,no,Very Good
15585106,492,Germany,Female,38,8,57068.43,2,yes,no,188974.81,no,no,35-44,6-10,no,Poor
15738936,760,Germany,Male,29,5,103607.24,2,no,yes,86334.64,no,no,25-34,3-5,no,Very Good
15750970,500,Spain,Male,40,1,99004.24,1,yes,yes,152845.99,no,no,35-44,1-2,no,Poor
15725772,654,Spain,Female,36,2,0.0,2,yes,yes,146652.11,no,yes,35-44,1-2,no,Fair
15692106,606,Spain,Female,25,3,147386.72,3,yes,no,45482.04,yes,no,<25,3-5,no,Fair
15791533,367,Spain,Male,42,6,93608.28,1,yes,no,168816.73,yes,no,35-44,6-10,yes,Poor
15715715,799,Spain,Male,38,2,0.0,2,yes,yes,59297.34,no,yes,35-44,1-2,no,Very Good
15785576,434,Germany,Male,71,9,119496.87,1,yes,no,125848.88,no,no,65+,6-10,yes,Poor
15798834,719,Spain,Female,32,7,0.0,1,no,no,76264.27,no,yes,25-34,6-10,yes,Good
15744127,641,France,Female,37,2,0.0,2,yes,no,3939.87,no,yes,35-44,1-2,no,Fair
15637427,461,Spain,Female,25,6,0.0,2,yes,yes,15306.29,no,yes,<25,6-10,no,Poor
15576990,790,Germany,Female,25,5,152885.77,1,yes,no,58214.79,no,no,<25,3-5,yes,Very Good
15615352,588,France,Male,31,4,99607.37,2,no,yes,35877.03,no,no,25-34,3-5,no,Fair
15647333,621,France,Male,27,4,137003.68,1,yes,no,21254.06,no,no,25-34,3-5,yes,Fair
15572050,768,Germany,Male,48,3,122831.58,1,yes,yes,24533.89,yes,no,45-54,3-5,no,Very Good
15581370,681,Spain,Male,38,2,99811.44,2,yes,no,23531.5,no,no,35-44,1-2,no,Good
15813503,606,Spain,Male,37,8,154712.58,2,yes,no,89099.18,no,no,35-44,6-10,no,Fair
15769783,542,Spain,Male,37,8,0.0,1,yes,yes,807.06,no,yes,35-44,6-10,no,Poor
15793135,713,Germany,Female,24,7,147687.24,1,yes,yes,121592.5,no,no,<25,6-10,no,Good
15599182,597,Spain,Female,33,2,0.0,2,yes,yes,4700.66,no,yes,25-34,1-2,no,Fair
15689517,635,France,Male,27,3,127009.83,1,yes,no,161909.95,no,no,25-34,3-5,yes,Fair
15641366,599,Germany,Male,61,1,124737.96,1,no,yes,90389.61,yes,no,55-64,1-2,no,Fair
15588859,496,Spain,Female,44,0,179356.28,2,yes,no,2919.21,yes,no,35-44,0,no,Poor
15732293,759,Spain,Male,31,8,0.0,2,yes,yes,99086.74,no,yes,25-34,6-10,no,Very Good
15568032,757,Germany,Male,31,1,127320.36,3,yes,no,163170.32,no,no,25-34,1-2,no,Very Good
15623525,564,Spain,Male,31,0,125175.58,1,yes,yes,72757.33,no,no,25-34,0,no,Poor
15606601,561,France,Female,22,6,186788.96,2,yes,no,73286.8,no,no,<25,6-10,no,Poor
15800811,702,France,Male,40,3,148556.74,1,no,yes,146056.29,no,no,35-44,3-5,no,Good
15610711,678,Germany,Female,40,8,128644.46,1,no,no,167673.37,no,no,35-44,6-10,yes,Good
15809654,707,France,Female,46,7,127476.73,2,yes,yes,146011.55,no,no,45-54,6-10,no,Good
15576077,610,France,Female,27,9,159561.93,1,no,yes,103381.47,no,no,25-34,6-10,no,Fair
15643378,744,France,Male,42,1,112419.92,1,yes,yes,83022.92,no,no,35-44,1-2,no,Very Good
15566790,598,France,Male,28,8,129991.76,2,no,yes,46041.08,no,no,25-34,6-10,no,Fair
15774402,562,Spain,Male,36,5,0.0,1,no,yes,182843.24,no,yes,35-44,3-5,no,Poor
15694641,621,Spain,Female,59,2,0.0,2,yes,yes,171364.18,no,yes,55-64,1-2,no,Fair
15605916,659,France,Female,50,3,0.0,1,yes,no,183399.12,yes,yes,45-54,3-5,yes,Fair
15812356,722,Germany,Female,40,6,89175.06,2,no,yes,152883.95,no,no,35-44,6-10,no,Good
15644179,606,France,Female,39,3,0.0,2,yes,no,50560.45,yes,yes,35-44,3-5,no,Fair
15771674,603,Spain,Female,39,5,162390.52,2,yes,no,54702.66,no,no,35-44,3-5,no,Fair
15623314,506,Germany,Female,59,3,190353.08,1,yes,no,78365.75,no,no,55-64,3-5,yes,Poor
15613292,715,France,Male,21,8,0.0,2,yes,no,68666.63,no,yes,<25,6-10,no,Good
15813871,690,France,Male,47,2,0.0,2,yes,no,151375.73,no,yes,45-54,1-2,no,Good
15759480,644,France,Female,40,10,139180.97,1,yes,yes,19959.67,no,no,35-44,6-10,no,Fair
15587712,589,France,Male,36,8,114435.47,1,yes,no,26955.72,no,no,35-44,6-10,yes,Fair
15671165,592,France,Female,66,5,149950.19,1,yes,yes,76267.59,no,no,65+,3-5,no,Fair
15620746,632,France,Male,42,4,126115.6,1,yes,no,100998.5,no,no,35-44,3-5,yes,Fair
15706537,577,Germany,Female,59,7,111396.97,1,no,yes,191070.01,no,no,55-64,6-10,no,Poor
15589312,588,France,Male,30,3,115007.08,1,no,no,176858.5,no,no,25-34,3-5,yes,Fair
15741180,617,France,Male,54,6,102141.9,1,yes,yes,45325.26,no,no,45-54,6-10,no,Fair
15733888,668,Spain,Female,36,3,133686.52,1,yes,no,190958.48,yes,no,35-44,3-5,yes,Fair
15798532,810,France,Male,32,9,120879.73,2,no,yes,78896.59,no,no,25-34,6-10,no,Excellent
15577359,767,Spain,Male,47,5,0.0,1,yes,no,121964.46,yes,yes,45-54,3-5,yes,Very Good
15614936,718,Spain,Female,49,10,82321.88,1,no,yes,11144.4,no,no,45-54,6-10,no,Good
15747647,589,Spain,Female,27,4,0.0,2,yes,no,144181.48,no,yes,25-34,3-5,no,Fair
15588566,778,Spain,Male,33,5,116474.28,2,yes,yes,32757.55,no,no,25-34,3-5,no,Very Good
15570141,724,France,Female,34,3,132352.69,1,yes,no,80320.3,no,no,25-34,3-5,yes,Good
15800793,477,Germany,Female,39,4,182491.57,1,yes,no,185830.72,no,no,35-44,3-5,yes,Poor
15572415,580,France,Male,34,6,0.0,2,yes,yes,160095.31,no,yes,25-34,6-10,no,Poor
15635125,566,Spain,Male,63,2,120787.18,2,yes,yes,52198.84,no,no,55-64,1-2,no,Poor
15636551,711,France,Female,29,3,130181.47,2,yes,no,31811.44,no,no,25-34,3-5,no,Good
15600912,706,Germany,Male,32,5,88348.43,2,yes,yes,104181.78,no,no,25-34,3-5,no,Good
15768476,703,Spain,Male,31,6,0.0,2,yes,yes,67667.19,no,yes,25-34,6-10,no,Good
15650266,679,Germany,Male,39,2,146186.28,2,yes,yes,193974.47,no,no,35-44,1-2,no,Good
15621004,603,France,Male,32,7,0.0,1,yes,no,198055.94,yes,yes,25-34,6-10,yes,Fair
15748352,598,Spain,Male,34,0,104488.17,1,no,yes,43249.67,no,no,25-34,0,no,Fair
15788920,836,Germany,Female,32,4,109196.67,2,yes,no,55218.02,no,no,25-34,3-5,no,Excellent
15743236,687,France,Female,61,7,80538.56,1,yes,no,131305.37,yes,no,55-64,6-10,yes,Good
15637717,704,Germany,Male,41,4,109026.8,2,yes,yes,43117.1,no,no,35-44,3-5,no,Good
15635500,605,Germany,Male,75,2,61319.63,1,no,yes,186655.11,no,no,65+,1-2,no,Fair
15634792,516,France,Female,40,9,0.0,2,no,yes,33266.29,no,yes,35-44,6-10,no,Poor
15607560,572,France,Female,39,2,0.0,2,yes,yes,555.28,no,yes,35-44,1-2,no,Poor
15727177,557,France,Male,42,6,177822.03,1,yes,no,150944.31,yes,no,35-44,6-10,yes,Poor
15774358,443,Germany,Male,59,4,110939.3,1,yes,no,72846.58,yes,no,55-64,3-5,yes,Poor
15791304,604,Germany,Male,25,7,165413.43,1,yes,yes,35279.74,no,no,<25,6-10,no,Fair
15603328,483,France,Male,27,1,77805.66,1,yes,yes,2101.89,no,no,25-34,1-2,no,Poor
15804937,702,France,Male,50,3,0.0,2,no,no,94949.84,no,yes,45-54,3-5,no,Good
15804142,670,Spain,Female,57,3,175575.95,2,yes,no,99061.75,yes,no,55-64,3-5,no,Fair
15608845,804,Spain,Female,38,3,124197.22,1,yes,no,74692.06,no,no,35-44,3-5,yes,Excellent
15702434,850,France,Female,30,3,0.0,2,yes,no,116692.8,no,yes,25-34,3-5,no,Excellent
15632609,554,France,Female,39,10,160132.75,1,yes,no,32824.15,no,no,35-44,6-10,yes,Poor
15603550,588,Germany,Female,37,7,70258.88,2,yes,no,139607.61,no,no,35-44,6-10,no,Fair
15755239,758,Germany,Male,32,4,162657.64,2,yes,yes,115525.13,no,no,25-34,3-5,no,Very Good
15670528,787,Germany,Male,43,0,132217.45,1,yes,no,20955.03,yes,no,35-44,0,yes,Very Good
15732704,582,Spain,Male,25,9,148042.97,2,yes,no,52341.15,no,no,<25,6-10,no,Fair
15589019,633,Spain,Female,33,4,92855.02,1,yes,yes,159813.18,no,no,25-34,3-5,no,Fair
15677796,766,Germany,Male,47,9,129289.98,1,yes,no,169935.46,yes,no,45-54,6-10,yes,Very Good
15760177,564,Spain,Male,37,9,100252.18,1,yes,yes,146033.52,no,no,35-44,6-10,no,Poor
15636595,602,Spain,Male,37,3,107592.89,2,no,yes,153122.73,no,no,35-44,3-5,no,Fair
15737275,649,France,Male,39,3,113096.41,1,yes,yes,60335.24,no,no,35-44,3-5,no,Fair
15672905,679,Spain,Female,40,7,0.0,2,yes,yes,163757.29,no,yes,35-44,6-10,no,Good
15753955,639,Spain,Male,34,7,149940.04,2,no,no,156648.81,no,no,25-34,6-10,no,Fair
15708504,790,Germany,Male,50,8,121438.58,1,yes,yes,176471.78,yes,no,45-54,6-10,no,Very Good
15592451,565,France,Male,32,9,0.0,2,yes,no,5388.3,no,yes,25-34,6-10,no,Poor
15790455,478,France,Female,50,2,0.0,1,no,yes,93332.64,yes,yes,45-54,1-2,no,Poor
15572174,825,France,Male,29,3,148874.01,2,no,yes,71192.82,no,no,25-34,3-5,no,Excellent
15656330,528,Spain,Female,32,0,68138.37,1,yes,yes,170309.19,no,no,25-34,0,no,Poor
15569626,577,Spain,Male,35,5,110080.3,1,yes,yes,109794.31,no,no,25-34,3-5,no,Poor
15608726,663,France,Male,24,7,0.0,2,yes,yes,166310.82,no,yes,<25,6-10,no,Fair
15637366,505,Germany,Female,25,5,114268.85,2,yes,yes,126728.27,no,no,<25,3-5,no,Poor
15778049,633,Germany,Male,29,6,117412.35,1,no,no,30338.94,no,no,25-34,6-10,yes,Fair
15727421,586,France,Female,38,6,0.0,2,yes,yes,37935.83,no,yes,35-44,6-10,no,Fair
15688865,850,France,Female,35,9,0.0,2,no,no,25329.48,no,yes,25-34,6-10,no,Excellent
15751032,629,Germany,Female,37,1,35549.81,2,no,no,49676.33,no,no,35-44,1-2,no,Fair
15734737,744,France,Male,56,9,0.0,2,yes,yes,169498.61,no,yes,55-64,6-10,no,Very Good
15746515,750,France,Male,36,7,136492.92,3,yes,yes,26500.29,yes,no,35-44,6-10,no,Very Good
15664311,637,Germany,Male,28,3,123675.69,1,yes,yes,166458.41,no,no,25-34,3-5,no,Fair
15708139,575,France,Female,40,1,139532.34,1,yes,no,181294.39,no,no,35-44,1-2,yes,Poor
15768574,671,Spain,Male,58,1,178713.98,1,yes,yes,21768.21,no,no,55-64,1-2,no,Good
15738018,571,France,Male,40,5,0.0,2,no,no,72849.29,no,yes,35-44,3-5,no,Poor
15699753,590,France,Male,41,1,89086.31,1,yes,no,24499.97,no,no,35-44,1-2,yes,Fair
15703199,619,Spain,Male,38,3,96143.47,1,no,no,98994.92,no,no,35-44,3-5,yes,Fair
15627830,640,Germany,Female,30,5,32197.64,1,no,yes,141446.01,no,no,25-34,3-5,no,Fair
15570855,670,France,Male,38,7,0.0,2,yes,yes,77864.41,no,yes,35-44,6-10,no,Fair
15772503,737,France,Female,33,4,0.0,2,yes,no,115115.32,no,yes,25-34,3-5,no,Good
15584453,555,Spain,Male,32,10,0.0,2,no,yes,168605.96,no,yes,25-34,6-10,no,Poor
15710111,742,France,Male,33,6,0.0,2,no,no,38550.4,no,yes,25-34,6-10,no,Very Good
15618562,618,Germany,Female,40,0,140306.38,1,yes,no,160618.61,yes,no,35-44,0,yes,Fair
15706764,560,France,Female,35,1,0.0,2,yes,no,3701.63,no,yes,25-34,1-2,no,Poor
15798737,654,France,Male,38,8,0.0,2,yes,no,88659.44,no,yes,35-44,6-10,no,Fair
15712608,787,Germany,Female,42,2,74483.97,2,no,yes,44273.91,no,no,35-44,1-2,no,Very Good
15636736,611,France,Female,53,7,0.0,2,no,yes,156495.39,yes,yes,45-54,6-10,no,Fair
15703544,559,Spain,Male,34,0,0.0,1,yes,no,182988.94,no,yes,25-34,0,yes,Poor
15815645,481,France,Male,37,8,152303.66,2,yes,yes,175082.2,no,no,35-44,6-10,no,Poor
15705739,753,Germany,Male,32,5,159904.79,1,yes,no,148811.14,no,no,25-34,3-5,yes,Very Good
15709643,675,France,Male,32,1,0.0,3,yes,no,85901.09,no,yes,25-34,1-2,no,Good
15669805,748,Germany,Female,31,1,99557.94,1,yes,no,199255.32,no,no,25-34,1-2,yes,Very Good
15737489,610,Spain,Female,46,5,116886.59,1,no,no,107973.44,no,no,45-54,3-5,yes,Fair
15775131,580,Spain,Male,32,9,142188.2,2,no,yes,128028.6,no,no,25-34,6-10,no,Poor
15765283,624,Germany,Female,40,3,149961.99,2,yes,no,104610.86,no,no,35-44,3-5,no,Fair
15628715,709,France,Female,36,8,0.0,2,yes,yes,69676.55,no,yes,35-44,6-10,no,Good
15813283,605,France,Female,34,2,0.0,1,no,no,35982.42,no,yes,25-34,1-2,yes,Fair
15745716,706,Spain,Male,53,7,0.0,2,no,yes,117939.17,no,yes,45-54,6-10,no,Good
15598485,567,Spain,Male,40,8,28649.64,1,yes,yes,95140.62,no,no,35-44,6-10,no,Poor
15696552,747,France,Female,21,4,81025.6,2,yes,no,167682.57,no,no,<25,3-5,no,Very Good
15754569,664,France,Male,57,1,0.0,2,yes,yes,56562.57,no,yes,55-64,1-2,no,Fair
15701741,711,France,Female,39,3,152462.79,1,yes,no,90305.97,no,no,35-44,3-5,yes,Good
15572631,609,France,Male,25,10,0.0,1,no,yes,109895.16,no,yes,<25,6-10,no,Fair
15636069,632,Spain,Male,28,7,155519.59,1,yes,no,1843.24,no,no,25-34,6-10,yes,Fair
15682467,725,France,Female,36,1,118851.05,1,yes,yes,102747.02,no,no,35-44,1-2,no,Good
15790744,850,France,Female,34,9,92899.27,2,yes,no,97465.89,no,no,25-34,6-10,no,Excellent
15625023,682,France,Male,40,4,0.0,1,no,yes,105352.55,no,yes,35-44,3-5,no,Good
15731267,797,France,Male,37,4,75263.7,1,yes,no,85801.77,no,no,35-44,3-5,yes,Very Good
15742879,668,Spain,Male,38,1,147904.31,1,yes,yes,69370.05,no,no,35-44,1-2,no,Fair
15757015,783,Germany,Female,41,5,106640.5,1,yes,no,176945.96,no,no,35-44,3-5,yes,Very Good
15770711,766,Germany,Female,28,4,90696.78,1,no,yes,21597.2,no,no,25-34,3-5,no,Very Good
15569430,704,Spain,Female,36,2,175509.8,2,yes,no,152039.67,no,no,35-44,1-2,no,Good
15617304,722,France,Male,40,6,0.0,2,yes,yes,111893.09,no,yes,35-44,6-10,no,Good
15704466,692,France,Female,34,7,0.0,2,yes,no,195074.62,no,yes,25-34,6-10,no,Good
15664681,584,France,Female,35,2,114321.28,2,no,no,15959.01,no,no,25-34,1-2,no,Fair
15605534,644,Germany,Female,51,4,95560.04,1,no,no,72628.84,yes,no,45-54,3-5,yes,Fair
15792473,598,Germany,Female,50,5,88379.81,3,no,yes,64157.24,yes,no,45-54,3-5,no,Fair
15802625,733,Germany,Male,48,7,85915.52,1,yes,yes,23860.5,no,no,45-54,6-10,no,Good
15766017,615,Germany,Male,58,3,72309.3,1,yes,yes,85687.09,yes,no,55-64,3-5,no,Fair
15762172,850,France,Female,39,2,0.0,2,yes,no,179451.42,no,yes,35-44,1-2,no,Excellent
15728333,521,France,Male,43,8,0.0,1,yes,yes,93180.09,no,yes,35-44,6-10,no,Poor
15792868,675,France,Male,69,1,0.0,2,yes,no,157097.09,no,yes,65+,1-2,no,Good
15605698,746,France,Male,58,3,0.0,3,yes,yes,80344.96,yes,yes,55-64,3-5,no,Very Good
15777060,770,France,Female,33,4,0.0,1,yes,no,26080.54,yes,yes,25-34,3-5,yes,Very Good
15626243,618,France,Male,30,3,133844.22,1,yes,yes,31406.93,no,no,25-34,3-5,no,Fair
15719898,556,France,Male,36,7,154872.08,2,yes,yes,32044.64,no,no,35-44,6-10,no,Poor
15599976,749,France,Female,27,9,0.0,2,yes,no,132734.87,no,yes,25-34,6-10,no,Very Good
15752809,702,Spain,Male,43,6,116121.67,1,yes,no,61602.42,no,no,35-44,6-10,yes,Good
15589698,555,Germany,Male,42,6,107104.5,1,yes,yes,41304.44,yes,no,35-44,6-10,no,Poor
15609977,587,France,Male,47,6,71026.77,1,yes,no,57962.41,no,no,45-54,6-10,yes,Fair
15750121,639,France,Male,38,3,0.0,1,yes,no,42862.82,no,yes,35-44,3-5,yes,Fair
15734177,643,France,Male,33,4,0.0,2,yes,yes,152992.04,no,yes,25-34,3-5,no,Fair
15781347,600,France,Female,41,1,0.0,2,yes,yes,91193.65,no,yes,35-44,1-2,no,Fair
15592025,651,France,Male,53,7,0.0,2,yes,yes,130132.41,no,yes,45-54,6-10,no,Fair
15670163,666,France,Female,27,4,0.0,2,no,no,88751.45,no,yes,25-34,3-5,no,Fair
15765402,520,France,Female,39,6,145644.05,1,no,no,104118.93,no,no,35-44,6-10,yes,Poor
15624343,650,Spain,Female,50,7,129667.77,1,no,no,42028.16,no,no,45-54,6-10,yes,Fair
15602354,564,Germany,Male,33,3,109341.87,1,yes,no,75632.78,no,no,25-34,3-5,yes,Poor
15579183,586,France,Male,64,1,0.0,2,yes,yes,53710.23,no,yes,55-64,1-2,no,Fair
15584899,617,France,Female,35,5,0.0,2,no,yes,13066.3,no,yes,25-34,3-5,no,Fair
15723658,712,Spain,Female,30,6,0.0,2,yes,no,152417.97,no,yes,25-34,6-10,no,Good
15803965,654,France,Male,55,3,87485.67,1,yes,yes,3299.01,no,no,45-54,3-5,no,Fair
15682489,605,France,Male,27,9,0.0,2,yes,no,198091.81,no,yes,25-34,6-10,no,Fair
15813645,491,France,Female,36,0,53369.13,1,yes,yes,103934.12,no,no,35-44,0,no,Poor
15766787,707,France,Female,35,9,0.0,2,yes,yes,70403.65,no,yes,25-34,6-10,no,Good
15687171,638,Spain,Male,34,5,146679.77,1,yes,no,102179.86,no,no,25-34,3-5,yes,Fair
15690744,683,France,Male,43,2,112499.42,2,yes,no,30375.18,no,no,35-44,1-2,no,Good
15707974,815,Spain,Female,38,2,48387.0,1,yes,no,184796.84,no,no,35-44,1-2,yes,Excellent
15673084,645,Spain,Male,38,1,68079.8,1,no,yes,166264.89,no,no,35-44,1-2,no,Fair
15814772,645,Germany,Male,49,4,160133.88,1,no,yes,88391.97,no,no,45-54,3-5,no,Fair
15743709,683,France,Male,30,4,66190.33,1,yes,yes,115186.97,no,no,25-34,3-5,no,Good
15610343,705,France,Female,37,10,0.0,2,yes,yes,13935.53,yes,yes,35-44,6-10,no,Good
15737414,647,France,Male,35,4,123761.68,1,yes,no,83910.4,no,no,25-34,3-5,yes,Fair
15788480,786,Germany,Female,33,0,122325.58,1,no,no,34712.34,yes,no,25-34,0,yes,Very Good
15568519,534,France,Male,41,9,0.0,2,yes,no,13871.34,no,yes,35-44,6-10,no,Poor
15792453,602,Spain,Female,42,1,138912.17,1,yes,yes,139494.75,no,no,35-44,1-2,no,Fair
15658100,695,France,Female,42,0,0.0,2,no,yes,140724.64,no,yes,35-44,0,no,Good
15695197,553,Germany,Female,25,7,128524.19,2,yes,no,20682.46,no,no,<25,6-10,no,Poor
15749807,516,Spain,Female,31,3,0.0,2,yes,no,124202.26,no,yes,25-34,3-5,no,Poor
15773876,655,France,Female,34,3,0.0,2,yes,no,159638.77,no,yes,25-34,3-5,no,Fair
15591698,849,Germany,Female,49,9,132934.89,1,yes,no,171056.65,yes,no,45-54,6-10,yes,Excellent
15712813,520,Germany,Male,43,3,150805.17,3,no,yes,25333.03,yes,no,35-44,3-5,no,Poor
15763898,568,Spain,Female,46,3,0.0,2,yes,yes,29372.62,no,yes,45-54,3-5,no,Poor
15793324,695,Spain,Male,32,9,0.0,3,no,yes,38533.79,no,yes,25-34,6-10,no,Good
15757759,807,Spain,Female,28,7,165969.26,3,yes,no,156122.13,yes,no,25-34,6-10,no,Excellent
15796230,642,Germany,Female,36,2,124495.98,3,yes,yes,57904.22,yes,no,35-44,1-2,no,Fair
15611729,703,Germany,Male,39,1,141559.5,1,yes,yes,31257.1,yes,no,35-44,1-2,no,Good
15709531,556,France,Male,38,2,114756.14,1,yes,no,193214.05,no,no,35-44,1-2,yes,Poor
15650751,585,France,Female,30,6,0.0,2,yes,yes,137757.69,no,yes,25-34,6-10,no,Fair
15641413,587,Germany,Female,49,7,155393.98,2,yes,no,13308.2,yes,no,45-54,6-10,no,Fair
15753840,524,Spain,Female,32,6,0.0,1,yes,yes,132861.9,yes,yes,25-34,6-10,no,Poor
15669994,556,Germany,Female,31,1,128663.81,2,yes,no,125083.29,no,no,25-34,1-2,no,Poor
15695301,504,Spain,Male,44,4,113522.64,1,yes,yes,12405.2,no,no,35-44,3-5,no,Poor
15792004,731,Spain,Female,26,3,0.0,2,yes,no,37697.29,no,yes,25-34,3-5,no,Good
15603035,651,France,Male,34,3,0.0,2,yes,yes,105599.65,no,yes,25-34,3-5,no,Fair
15717286,675,Spain,Female,40,8,79035.95,1,yes,no,142783.98,yes,no,35-44,6-10,yes,Good
15577107,657,Spain,Female,22,6,0.0,3,no,yes,168412.07,yes,yes,<25,6-10,no,Fair
15754747,686,Germany,Male,33,9,141918.09,2,no,yes,184036.47,no,no,25-34,6-10,no,Good
15705676,690,France,Female,35,9,107944.33,2,no,no,48478.47,no,no,25-34,6-10,no,Good
15751912,567,France,Male,36,7,0.0,2,no,yes,3896.08,no,yes,35-44,6-10,no,Poor
15677336,557,Germany,Male,57,1,120043.13,1,yes,no,132370.75,yes,no,55-64,1-2,yes,Poor
15684395,446,Spain,Female,45,10,125191.69,1,yes,yes,128260.86,yes,no,35-44,6-10,no,Poor
15659949,850,France,Male,31,1,96399.31,2,yes,no,106534.15,no,no,25-34,1-2,no,Excellent
15812422,637,France,Male,41,2,0.0,2,no,yes,102515.42,no,yes,35-44,1-2,no,Fair
15806941,499,France,Male,60,7,76961.6,2,yes,yes,83643.87,no,no,55-64,6-10,no,Poor
15637690,622,Germany,Female,34,7,98675.74,1,yes,no,138906.85,yes,no,25-34,6-10,yes,Fair
15632882,684,Germany,Male,37,1,126817.13,2,yes,yes,29995.83,yes,no,35-44,1-2,no,Good
15807107,612,France,Male,32,3,121394.42,1,yes,no,164081.42,no,no,25-34,3-5,yes,Fair
15661034,813,Germany,Female,29,5,106059.4,1,no,no,187976.88,yes,no,25-34,3-5,yes,Excellent
15811958,850,Germany,Male,44,2,112755.34,2,no,no,158171.36,no,no,35-44,1-2,no,Excellent
15785167,795,Spain,Male,29,4,0.0,2,no,no,155711.64,no,yes,25-34,3-5,no,Very Good
15646720,628,Spain,Female,55,7,0.0,3,yes,no,85890.75,yes,yes,45-54,6-10,no,Fair
15658614,565,Germany,Female,38,7,145400.69,2,yes,yes,83844.79,no,no,35-44,6-10,no,Poor
15704657,601,France,Male,39,3,72647.64,1,yes,no,41777.9,yes,no,35-44,3-5,yes,Fair
15567147,802,Spain,Male,40,4,0.0,2,yes,yes,81908.09,no,yes,35-44,3-5,no,Excellent
15701319,614,Germany,Female,37,6,96340.81,2,yes,yes,139377.24,yes,no,35-44,6-10,no,Fair
15745266,434,Spain,Male,55,6,0.0,1,no,yes,73562.05,yes,yes,45-54,6-10,no,Poor
15650437,522,Germany,Male,32,8,124450.36,2,yes,yes,165786.1,no,no,25-34,6-10,no,Poor
15764314,550,Germany,Male,36,2,113877.23,2,yes,no,174921.91,no,no,35-44,1-2,no,Poor
15612594,599,Spain,Male,25,3,0.0,2,yes,yes,120790.02,no,yes,<25,3-5,no,Fair
15593501,493,France,Female,36,5,148667.81,2,yes,no,56092.51,no,no,35-44,3-5,no,Poor
15804150,755,France,Male,34,3,0.0,2,yes,yes,158816.03,no,yes,25-34,3-5,no,Very Good
15649297,605,France,Female,62,4,111065.93,2,no,yes,125660.99,no,no,55-64,3-5,no,Fair
15641110,708,France,Male,41,0,0.0,1,yes,no,128400.62,no,yes,35-44,0,yes,Good
15660608,699,France,Male,44,8,158697.61,1,yes,no,107181.22,no,no,35-44,6-10,yes,Good
15806570,763,France,Female,53,4,0.0,1,yes,no,77203.72,yes,yes,45-54,3-5,yes,Very Good
15715345,743,Spain,Male,25,6,0.0,2,yes,no,129740.11,no,yes,<25,6-10,no,Very Good
15755521,660,France,Female,48,0,90044.32,2,no,yes,187604.97,yes,no,45-54,0,no,Fair
15579074,619,Germany,Male,38,10,84651.79,1,yes,yes,184754.26,no,no,35-44,6-10,no,Fair
15641158,739,Germany,Male,32,3,102128.27,1,yes,no,63981.37,yes,no,25-34,3-5,yes,Good
15752507,769,Germany,Male,60,9,148846.39,1,yes,no,192831.67,yes,no,55-64,6-10,yes,Very Good
15597983,692,France,Male,69,10,154953.94,1,yes,yes,70849.47,no,no,65+,6-10,no,Good
15586069,560,France,Female,30,0,108883.29,1,yes,no,27914.95,no,no,25-34,0,yes,Poor
15655082,607,France,Female,48,4,112070.86,3,yes,no,173568.3,yes,no,45-54,3-5,no,Fair
15720155,630,Germany,Male,29,6,131354.39,1,no,yes,9324.31,yes,no,25-34,6-10,no,Fair
15582116,767,Germany,Female,45,7,132746.2,2,yes,no,26628.88,yes,no,35-44,6-10,no,Very Good
15749365,543,France,Female,34,8,0.0,2,no,yes,145601.8,no,yes,25-34,6-10,no,Poor
15632069,776,France,Male,39,8,125211.55,2,yes,no,144496.07,no,no,35-44,6-10,no,Very Good
15663134,535,Spain,Male,58,1,0.0,2,yes,yes,11779.98,yes,yes,55-64,1-2,no,Poor
15766683,549,Germany,Male,36,6,139422.37,1,no,no,83983.39,yes,no,35-44,6-10,yes,Poor
15707219,844,France,Female,28,4,0.0,2,no,yes,123318.37,no,yes,25-34,3-5,no,Excellent
15709232,586,Germany,Female,47,5,157099.47,2,yes,yes,65481.86,no,no,45-54,3-5,no,Fair
15801351,583,France,Male,40,3,0.0,2,yes,no,47728.0,no,yes,35-44,3-5,no,Fair
15578747,701,Spain,Male,26,5,83600.24,1,no,yes,59195.05,no,no,25-34,3-5,no,Good
15675626,726,France,Male,28,2,0.0,1,no,no,98060.51,no,yes,25-34,1-2,yes,Good
15583736,829,Germany,Male,36,4,81795.74,2,yes,no,90106.94,no,no,35-44,3-5,no,Excellent
15590011,749,Spain,Male,38,9,129378.32,1,yes,yes,13549.34,no,no,35-44,6-10,no,Very Good
15609913,743,France,Female,46,9,0.0,1,yes,no,113436.08,no,yes,45-54,6-10,yes,Very Good
15719479,619,Spain,Female,56,7,0.0,2,yes,yes,42442.21,no,yes,55-64,6-10,no,Fair
15575147,699,France,Male,22,9,99339.0,1,yes,no,68297.61,yes,no,<25,6-10,yes,Good
15597309,749,Spain,Male,36,7,0.0,2,no,no,80134.65,no,yes,35-44,6-10,no,Very Good
15648367,600,Germany,Female,29,6,74430.1,2,yes,yes,96051.1,no,no,25-34,6-10,no,Fair
15758031,760,Spain,Male,38,3,91241.85,1,no,yes,80682.35,no,no,35-44,3-5,no,Very Good
15751771,528,Germany,Male,32,2,99092.45,1,no,yes,111149.98,no,no,25-34,1-2,no,Poor
15689288,630,France,Female,26,5,0.0,2,yes,no,182612.38,no,yes,25-34,3-5,no,Fair
15731026,683,Germany,Female,39,2,100062.16,2,yes,no,109201.43,no,no,35-44,1-2,no,Good
15775809,677,Germany,Female,26,6,98723.67,1,no,yes,151146.67,no,no,25-34,6-10,no,Good
15743076,669,Spain,Male,29,9,0.0,1,yes,yes,93901.61,no,yes,25-34,6-10,no,Fair
15658258,693,France,Male,43,6,128760.32,1,yes,no,36342.79,no,no,35-44,6-10,yes,Good
15756321,612,Spain,Female,52,5,144772.69,1,no,no,98302.57,yes,no,45-54,3-5,yes,Fair
15706799,719,Spain,Male,44,4,0.0,1,no,no,84972.9,yes,yes,35-44,3-5,yes,Good
15775703,702,France,Male,26,2,71281.29,1,yes,yes,108747.12,yes,no,25-34,1-2,no,Good
15642636,755,France,Male,29,9,117035.89,1,yes,yes,21862.19,no,no,25-34,6-10,no,Very Good
15704651,514,France,Male,26,1,0.0,2,no,no,121551.93,no,yes,25-34,1-2,no,Poor
15806771,753,France,Female,40,0,3768.69,2,yes,no,177065.24,yes,no,35-44,0,no,Very Good
15566735,548,Germany,Female,36,2,108913.84,2,yes,yes,140460.01,no,no,35-44,1-2,no,Poor
15681671,850,Germany,Male,28,2,101100.22,2,yes,yes,35337.31,no,no,25-34,1-2,no,Excellent
15775949,612,France,Female,38,7,110615.47,1,yes,yes,193502.93,no,no,35-44,6-10,no,Fair
15586752,628,Germany,Male,33,8,152143.89,1,yes,yes,32174.03,no,no,25-34,6-10,no,Fair
15582519,479,France,Male,47,6,121797.09,1,no,yes,5811.9,yes,no,45-54,6-10,no,Poor
15658233,724,France,Female,41,5,109798.25,1,no,yes,149593.61,no,no,35-44,3-5,no,Good
15755330,512,Germany,Male,41,7,122403.24,1,no,yes,37439.9,yes,no,35-44,6-10,no,Poor
15605072,638,France,Female,43,3,145860.98,1,yes,yes,142763.51,yes,no,35-44,3-5,no,Fair
15617538,834,Spain,Male,40,7,0.0,2,no,no,45038.74,no,yes,35-44,6-10,no,Excellent
15591428,781,France,Male,29,9,0.0,2,no,no,172097.4,no,yes,25-34,6-10,no,Very Good
15692142,707,Germany,Female,48,7,105086.74,1,yes,yes,180344.69,yes,no,45-54,6-10,no,Good
15692931,670,France,Male,22,2,114991.45,1,yes,yes,37392.56,no,no,<25,1-2,no,Fair
15781127,663,Spain,Female,33,8,96769.04,1,yes,yes,36864.05,no,no,25-34,6-10,no,Fair
15677136,624,France,Female,23,5,0.0,2,no,no,132418.59,no,yes,<25,3-5,no,Fair
15677828,598,France,Female,34,4,0.0,2,no,no,60894.26,no,yes,25-34,3-5,no,Fair
15567897,619,Germany,Male,23,5,132725.1,1,yes,yes,143913.33,no,no,<25,3-5,no,Fair
15793641,792,France,Female,70,3,0.0,2,yes,yes,172240.27,no,yes,65+,3-5,no,Very Good
15678333,683,France,Female,26,7,0.0,2,yes,no,86619.77,no,yes,25-34,6-10,no,Good
15630511,691,France,Female,33,6,0.0,2,yes,no,164074.89,no,yes,25-34,6-10,no,Good
15792627,765,Spain,Female,33,5,84557.82,1,yes,yes,69039.43,no,no,25-34,3-5,no,Very Good
15717191,508,France,Male,49,1,93817.41,2,yes,yes,132468.76,yes,no,45-54,1-2,no,Poor
15625716,637,France,Female,33,9,113913.53,1,no,yes,65316.5,no,no,25-34,6-10,no,Fair
15710053,667,Germany,Female,44,5,140406.68,2,no,yes,57164.19,no,no,35-44,3-5,no,Fair
15580043,575,Spain,Female,22,8,105229.34,1,yes,yes,34397.08,no,no,<25,6-10,no,Poor
15601410,744,Spain,Female,46,1,0.0,3,yes,yes,177431.59,yes,yes,45-54,1-2,no,Very Good
15684669,567,France,Female,41,9,137891.35,1,yes,no,142009.46,yes,no,35-44,6-10,yes,Poor
15619083,502,France,Female,35,6,0.0,2,yes,yes,80618.47,no,yes,25-34,6-10,no,Poor
15692207,609,France,Female,53,6,0.0,2,yes,yes,124218.27,no,yes,45-54,6-10,no,Fair
15730705,715,France,Male,37,9,165252.52,1,yes,no,85286.3,no,no,35-44,6-10,yes,Good
15749688,541,France,Male,32,8,0.0,2,no,no,40889.14,no,yes,25-34,6-10,no,Poor
15728542,850,France,Female,71,4,0.0,2,yes,yes,107236.87,no,yes,65+,3-5,no,Excellent
15760063,595,Spain,Male,23,7,0.0,2,yes,yes,168085.97,no,yes,<25,6-10,no,Fair
15658982,650,Germany,Female,28,5,122034.4,3,no,yes,146663.43,yes,no,25-34,3-5,no,Fair
15758769,625,France,Female,44,7,0.0,1,yes,no,4791.8,no,yes,35-44,6-10,yes,Fair
15778481,817,France,Male,59,1,118962.58,1,yes,yes,120819.58,no,no,55-64,1-2,no,Excellent
15661162,526,Spain,Male,49,2,0.0,1,yes,no,114539.67,yes,yes,45-54,1-2,yes,Poor
15568164,850,France,Female,34,4,71379.53,2,yes,yes,154000.99,no,no,25-34,3-5,no,Excellent
15601569,598,France,Female,40,2,171178.25,1,yes,no,137980.58,yes,no,35-44,1-2,yes,Fair
15772383,613,France,Male,36,9,131307.11,1,no,no,83343.73,no,no,35-44,6-10,yes,Fair
15667456,709,Spain,Male,62,3,0.0,2,yes,yes,82195.15,no,yes,55-64,3-5,no,Good
15672983,678,Spain,Female,27,5,87099.85,2,yes,no,149550.95,no,no,25-34,3-5,no,Good
15799534,720,France,Male,71,5,183135.39,2,yes,yes,197688.5,no,no,65+,3-5,no,Good
15582847,662,France,Male,26,0,0.0,2,no,yes,72929.96,no,yes,25-34,0,no,Fair
15612478,525,France,Male,51,10,0.0,3,yes,no,171045.35,yes,yes,45-54,6-10,no,Poor
15709621,662,France,Male,31,3,0.0,2,no,yes,27731.05,no,yes,25-34,3-5,no,Fair
15802009,770,France,Female,33,6,0.0,2,yes,yes,126131.9,no,yes,25-34,6-10,no,Very Good
15698816,721,Spain,Female,33,4,72535.45,1,yes,yes,103931.49,no,no,25-34,3-5,no,Good
15574830,633,Germany,Male,58,2,128137.42,2,yes,no,147635.33,yes,no,55-64,1-2,no,Fair
15603082,701,France,Male,51,9,0.0,2,no,no,61961.57,no,yes,45-54,6-10,no,Good
15685947,556,Germany,Male,42,0,115915.53,2,no,yes,125435.47,yes,no,35-44,0,no,Poor
15643048,639,France,Male,66,0,0.0,2,no,yes,42240.54,no,yes,65+,0,no,Fair
15807568,632,France,Male,50,2,0.0,2,no,no,57942.88,no,yes,45-54,1-2,no,Fair
15597591,456,France,Male,29,5,107000.49,1,yes,yes,153419.62,no,no,25-34,3-5,no,Poor
15747558,729,Spain,Female,38,10,0.0,2,yes,no,189727.12,no,yes,35-44,6-10,no,Good
15756655,632,France,Female,34,2,0.0,2,no,no,165385.55,no,yes,25-34,1-2,no,Fair
15589949,433,Spain,Male,34,9,152806.74,1,yes,no,19687.99,no,no,25-34,6-10,yes,Poor
15601012,802,France,Female,60,3,92887.06,1,yes,no,39473.63,yes,no,55-64,3-5,yes,Excellent
15724269,670,France,Male,25,7,0.0,2,yes,yes,144723.38,no,yes,<25,6-10,no,Fair
15567506,738,Germany,Female,40,6,114940.67,2,yes,yes,194895.57,yes,no,35-44,6-10,no,Good
15791877,706,Germany,Male,34,0,140641.26,2,yes,yes,77271.91,no,no,25-34,0,no,Good
15794360,592,Germany,Female,70,5,71816.74,2,yes,no,105096.82,yes,no,65+,3-5,no,Fair
15686538,522,France,Female,41,7,0.0,2,no,yes,176780.39,no,yes,35-44,6-10,no,Poor
15585985,746,France,Male,48,5,165282.42,1,yes,no,153786.46,yes,no,45-54,3-5,yes,Very Good
15699257,651,Spain,Male,42,2,143145.87,2,yes,no,43612.06,no,no,35-44,1-2,no,Fair
15804104,494,France,Male,28,9,114731.76,2,no,yes,79479.74,no,no,25-34,6-10,no,Poor
15727619,753,Germany,Female,46,9,113909.69,3,yes,no,92320.37,yes,no,45-54,6-10,no,Very Good
15740237,671,Germany,Male,36,2,116695.27,1,no,no,193201.86,no,no,35-44,1-2,yes,Good
15801436,696,France,Male,42,4,0.0,1,no,no,126353.13,yes,yes,35-44,3-5,yes,Good
15705735,577,Spain,Male,43,3,0.0,2,yes,yes,135008.92,no,yes,35-44,3-5,no,Poor
15649359,587,France,Male,36,1,0.0,2,no,yes,17135.6,no,yes,35-44,1-2,no,Fair
15624892,712,Germany,Male,37,7,93978.96,2,yes,no,60651.77,no,no,35-44,6-10,no,Good
15784918,498,Germany,Male,35,2,121968.11,2,no,yes,188343.05,no,no,25-34,1-2,no,Poor
15584785,660,France,Male,37,2,97324.91,1,yes,no,23291.83,no,no,35-44,1-2,yes,Fair
15797197,678,Spain,Male,29,6,0.0,2,yes,no,64443.75,no,yes,25-34,6-10,no,Good
15574858,530,France,Male,37,8,0.0,2,yes,yes,287.99,no,yes,35-44,6-10,no,Poor
15794101,559,France,Female,48,2,0.0,2,no,yes,137961.41,no,yes,45-54,1-2,no,Poor
15743245,624,France,Male,42,3,145155.37,1,yes,no,72169.95,yes,no,35-44,3-5,yes,Fair
15791535,592,France,Male,28,5,137222.77,1,no,no,39608.58,no,no,25-34,3-5,yes,Fair
15605215,767,France,Male,48,9,0.0,2,no,yes,175458.21,no,yes,45-54,6-10,no,Very Good
15771749,653,Germany,Female,38,5,114268.22,2,yes,yes,89524.83,no,no,35-44,3-5,no,Fair
15616833,678,Spain,Male,27,2,0.0,2,yes,yes,13221.25,no,yes,25-34,1-2,no,Good
15750728,586,Spain,Female,42,2,0.0,1,yes,no,102889.34,no,yes,35-44,1-2,yes,Fair
15769353,550,France,Female,40,8,150490.32,1,no,no,166468.21,yes,no,35-44,6-10,yes,Poor
15770091,643,Germany,Male,28,9,160858.13,2,yes,no,27149.27,no,no,25-34,6-10,no,Fair
15716420,612,Spain,Male,39,5,170288.38,1,yes,yes,59601.15,no,no,35-44,3-5,no,Fair
15740602,674,Germany,Female,27,4,111568.01,1,no,yes,22026.18,no,no,25-34,3-5,no,Good
15796071,657,Spain,Male,29,7,83889.03,1,yes,no,153059.62,no,no,25-34,6-10,yes,Fair
15811389,724,Germany,Female,35,0,171982.95,2,no,yes,167313.07,no,no,25-34,0,no,Good
15783875,500,France,Female,34,4,0.0,2,yes,no,12833.96,no,yes,25-34,3-5,no,Poor
15671800,688,France,Male,20,8,137624.4,2,yes,yes,197582.79,no,no,<25,6-10,no,Good
15677288,599,France,Male,50,3,121159.65,1,no,no,4033.39,yes,no,45-54,3-5,yes,Fair
15633525,631,France,Male,29,7,0.0,2,no,yes,125877.22,no,yes,25-34,6-10,no,Fair
15634606,634,Spain,Male,52,1,0.0,2,yes,yes,176913.42,no,yes,45-54,1-2,no,Fair
15579207,545,France,Male,37,3,91184.01,1,yes,no,105476.65,no,no,35-44,3-5,yes,Poor
15619892,644,Spain,Male,18,8,0.0,2,yes,no,59172.42,no,yes,<25,6-10,no,Fair
15567778,690,Germany,Female,54,1,144027.8,1,yes,yes,108731.02,yes,no,45-54,1-2,no,Good
15711750,711,France,Female,34,6,0.0,2,yes,yes,175310.38,no,yes,25-34,6-10,no,Good
15751084,712,France,Female,29,8,140170.61,1,yes,yes,38170.04,no,no,25-34,6-10,no,Good
15768945,627,France,Male,27,1,62092.9,1,yes,yes,105887.04,no,no,25-34,1-2,no,Fair
15586931,694,Spain,Male,39,3,0.0,1,yes,yes,95625.03,no,yes,35-44,3-5,no,Good
15636353,534,Spain,Male,35,4,0.0,2,no,no,9541.15,no,yes,25-34,3-5,no,Poor
15623858,603,France,Male,45,9,0.0,1,no,no,148516.79,no,yes,35-44,6-10,yes,Fair
15703354,808,France,Female,33,2,103516.87,1,yes,no,113907.8,no,no,25-34,1-2,yes,Excellent
15663987,723,Spain,Male,30,1,0.0,3,yes,no,164647.72,yes,yes,25-34,1-2,no,Good
15780805,585,France,Female,35,2,0.0,2,yes,no,98621.04,yes,yes,25-34,1-2,no,Fair
15768566,706,France,Male,34,8,0.0,2,yes,yes,37479.97,no,yes,25-34,6-10,no,Good
15643229,671,France,Female,31,6,0.0,2,yes,yes,15846.42,no,yes,25-34,6-10,no,Good
15754940,597,Spain,Male,43,2,85162.26,1,no,yes,5104.08,yes,no,35-44,1-2,no,Fair
15676576,646,France,Female,43,8,143061.88,1,yes,no,61937.6,no,no,35-44,6-10,yes,Fair
15800068,801,Spain,Female,46,6,0.0,2,yes,yes,170008.74,no,yes,45-54,6-10,no,Excellent
15648030,731,Spain,Female,33,5,137388.01,2,yes,no,165000.68,no,no,25-34,3-5,no,Good
15668594,620,Germany,Female,25,1,137712.01,1,yes,yes,76197.05,no,no,<25,1-2,no,Fair
15728709,484,Germany,Male,40,7,106901.42,2,no,no,118045.98,no,no,35-44,6-10,no,Poor
15724181,647,Spain,Male,47,5,105603.21,2,yes,yes,157360.9,no,no,45-54,3-5,no,Fair
15647546,688,Germany,Female,40,8,150679.71,2,no,yes,196226.38,no,no,35-44,6-10,no,Good
15702601,680,Germany,Male,30,4,108300.27,2,no,yes,44384.57,yes,no,25-34,3-5,no,Good
15567725,689,France,Female,46,7,52016.08,2,yes,yes,72993.65,no,no,45-54,6-10,no,Good
15674179,513,Germany,Male,34,7,60515.13,1,no,no,124571.09,no,no,25-34,6-10,yes,Poor
15686957,553,Germany,Male,35,2,158584.28,2,yes,no,43640.16,no,no,25-34,1-2,no,Poor
15607690,689,Germany,Male,47,2,118812.5,2,no,no,31121.42,no,no,45-54,1-2,no,Good
15806546,517,Spain,Male,46,4,0.0,1,yes,no,22372.78,no,yes,45-54,3-5,yes,Poor
15632850,731,France,Male,37,8,0.0,2,yes,yes,170338.35,no,yes,35-44,6-10,no,Good
15709016,687,Germany,Female,47,1,91219.29,1,no,no,158845.49,yes,no,45-54,1-2,yes,Good
15638068,507,Spain,Male,32,7,0.0,2,yes,no,67926.18,no,yes,25-34,6-10,no,Poor
15749345,468,France,Female,22,1,76318.64,1,yes,yes,194783.12,no,no,<25,1-2,no,Poor
15791321,682,Spain,Female,58,4,0.0,1,yes,no,176036.01,no,yes,55-64,3-5,yes,Good
15699095,603,France,Female,24,3,0.0,1,yes,yes,198826.03,yes,yes,<25,3-5,no,Fair
15638329,522,Germany,Male,25,1,111432.13,1,yes,yes,168683.57,no,no,<25,1-2,no,Poor
15575445,629,Spain,Male,41,10,150148.51,1,no,no,6936.27,no,no,35-44,6-10,yes,Fair
15752622,729,France,Female,32,7,38550.06,1,no,yes,179230.23,no,no,25-34,6-10,no,Good
15774507,574,France,Female,39,5,119013.86,1,yes,no,103421.91,no,no,35-44,3-5,yes,Poor
15570857,677,Germany,Female,39,0,111213.64,2,yes,yes,147578.26,no,no,35-44,0,no,Good
15599386,627,Germany,Male,28,5,71097.23,1,yes,yes,130504.49,no,no,25-34,3-5,no,Fair
15744913,788,Spain,Male,36,10,109632.85,1,yes,yes,16149.13,no,no,35-44,6-10,no,Very Good
15647292,697,France,Male,63,7,148368.02,1,no,no,118862.08,yes,no,55-64,6-10,yes,Good
15728838,578,France,Male,45,1,148600.91,1,yes,no,143397.14,yes,no,35-44,1-2,yes,Poor
15584704,519,France,Male,48,10,71083.98,1,yes,no,137959.0,no,no,45-54,6-10,yes,Poor
15749068,632,France,Female,40,9,139625.34,1,yes,no,93702.96,yes,no,35-44,6-10,yes,Fair
15622985,679,France,Female,39,4,0.0,1,no,no,172939.3,yes,yes,35-44,3-5,yes,Good
15587676,699,France,Male,30,9,0.0,1,yes,yes,108162.13,no,yes,25-34,6-10,no,Good
15779496,615,France,Male,64,0,81564.1,2,no,yes,35896.09,no,no,55-64,0,no,Fair
15733460,622,Spain,Male,36,9,0.0,2,yes,yes,104852.6,no,yes,35-44,6-10,no,Fair
15711457,755,France,Female,28,7,124540.28,1,no,yes,188850.89,no,no,25-34,6-10,no,Very Good
15795290,767,France,Female,42,2,133616.39,1,yes,no,28615.8,no,no,35-44,1-2,yes,Very Good
15611223,752,Germany,Female,38,10,101648.5,2,yes,no,172001.44,no,no,35-44,6-10,no,Very Good
15794159,633,France,Female,26,8,124281.84,1,yes,yes,60116.57,no,no,25-34,6-10,no,Fair
15780677,717,France,Female,59,4,0.0,2,yes,yes,170528.63,no,yes,55-64,3-5,no,Good
15690175,585,Spain,Male,45,0,0.0,2,no,no,189683.7,no,yes,35-44,0,no,Fair
15722599,751,France,Female,37,9,183613.66,2,no,no,49734.94,no,no,35-44,6-10,no,Very Good
15569976,754,Germany,Male,65,1,136186.44,1,yes,yes,121529.59,yes,no,55-64,1-2,no,Very Good
15707011,495,France,Male,47,10,137682.68,1,yes,no,71071.47,no,no,45-54,6-10,yes,Poor
15702277,650,France,Male,34,4,106005.54,1,no,yes,142995.32,no,no,25-34,3-5,no,Fair
15801915,529,France,Female,31,6,152310.55,1,yes,no,13054.25,no,no,25-34,6-10,yes,Poor
15580213,585,France,Female,43,2,0.0,2,yes,no,89402.54,no,yes,35-44,1-2,no,Fair
15637947,668,Spain,Male,32,1,134446.04,1,no,yes,111241.37,no,no,25-34,1-2,no,Fair
15715888,591,France,Female,38,2,142289.28,1,no,yes,119638.85,no,no,35-44,1-2,no,Fair
15732967,731,France,Male,19,6,0.0,2,yes,yes,151581.79,no,yes,<25,6-10,no,Good
15737047,754,France,Female,45,6,0.0,1,yes,no,73881.68,yes,yes,35-44,6-10,yes,Very Good
15694039,650,Germany,Female,46,9,149003.76,2,yes,no,176902.83,no,no,45-54,6-10,no,Fair
15649457,588,Germany,Male,41,2,131341.46,2,no,yes,7034.94,no,no,35-44,1-2,no,Fair
15742809,712,Spain,Female,29,7,77919.78,1,yes,no,122547.58,no,no,25-34,6-10,yes,Good
15637829,691,France,Female,34,7,0.0,2,no,yes,161559.12,no,yes,25-34,6-10,no,Good
15633194,771,France,Female,41,10,108309.0,4,yes,yes,137510.41,yes,no,35-44,6-10,no,Very Good
15611635,678,Spain,Female,39,6,0.0,1,no,yes,185366.56,no,yes,35-44,6-10,no,Good
15638774,719,Spain,Female,40,9,0.0,2,yes,no,182224.14,no,yes,35-44,6-10,no,Good
15722037,610,Germany,Male,36,7,115462.02,1,no,yes,42581.04,no,no,35-44,6-10,no,Fair
15672930,722,Spain,Male,37,9,0.0,2,yes,no,31921.95,no,yes,35-44,6-10,no,Good
15668774,758,Germany,Female,23,5,122739.1,1,yes,no,102460.84,yes,no,<25,3-5,yes,Very Good
15780966,709,France,Female,32,2,0.0,2,no,no,109681.29,no,yes,25-34,1-2,no,Good
15659694,634,Germany,Female,53,3,113781.5,2,yes,yes,106345.05,yes,no,45-54,3-5,no,Fair
15624424,678,Spain,Female,49,1,0.0,2,yes,yes,102472.9,no,yes,45-54,1-2,no,Good
15708713,633,France,Male,35,3,0.0,2,yes,yes,36249.76,no,yes,25-34,3-5,no,Fair
15755405,710,France,Male,43,9,128284.45,1,yes,no,32996.89,yes,no,35-44,6-10,yes,Good
15647570,640,Germany,Male,45,8,120591.19,1,no,no,195123.94,no,no,35-44,6-10,yes,Fair
15684348,656,France,Male,63,8,0.0,2,no,yes,57014.43,no,yes,55-64,6-10,no,Fair
15702541,551,France,Female,59,2,166968.28,1,yes,no,159483.76,yes,no,55-64,1-2,yes,Poor
15646942,786,Spain,Female,39,7,0.0,2,no,no,100929.59,no,yes,35-44,6-10,no,Very Good
15748920,561,France,Female,49,8,0.0,2,yes,yes,12513.07,no,yes,45-54,6-10,no,Poor
15694581,807,Spain,Male,42,5,0.0,2,yes,yes,74900.9,no,yes,35-44,3-5,no,Excellent
15643215,602,Germany,Male,38,2,71667.97,2,no,no,137111.89,no,no,35-44,1-2,no,Fair
15649060,727,Germany,Female,31,3,82729.47,2,yes,no,60212.51,no,no,25-34,3-5,no,Good
15774258,678,France,Male,40,1,0.0,2,yes,yes,187343.4,no,yes,35-44,1-2,no,Good
15731553,730,France,Male,23,8,0.0,2,yes,no,183284.53,no,yes,<25,6-10,no,Good
15617029,596,Spain,Female,30,1,0.0,2,yes,no,8125.39,no,yes,25-34,1-2,no,Fair
15780716,686,Germany,Male,39,3,129626.19,2,yes,yes,103220.56,no,no,35-44,3-5,no,Good
15577018,684,Germany,Female,26,2,114035.39,1,no,no,96885.19,no,no,25-34,1-2,yes,Good
15809515,797,Germany,Male,32,1,151922.94,1,yes,no,8877.06,no,no,25-34,1-2,yes,Very Good
15789924,658,France,Female,39,4,0.0,1,yes,yes,147530.06,no,yes,35-44,3-5,no,Fair
15725076,653,Spain,Female,27,6,107751.68,2,yes,yes,33389.42,no,no,25-34,6-10,no,Fair
15672481,641,France,Male,37,6,0.0,2,yes,no,45309.24,no,yes,35-44,6-10,no,Fair
15574115,656,Spain,Female,41,6,101179.23,2,yes,yes,35230.61,no,no,35-44,6-10,no,Fair
15661830,750,Spain,Female,36,6,0.0,2,yes,yes,59816.41,no,yes,35-44,6-10,no,Very Good
15665879,768,France,Female,40,8,0.0,2,no,yes,69080.46,no,yes,35-44,6-10,no,Very Good
15673820,568,France,Male,33,7,0.0,2,yes,no,143450.61,no,yes,25-34,6-10,no,Poor
15747772,706,Germany,Male,36,9,58571.18,2,yes,no,40774.01,no,no,35-44,6-10,no,Good
15666197,430,Germany,Female,38,8,153058.64,1,yes,no,99377.27,no,no,35-44,6-10,yes,Poor
15773639,745,Germany,Male,35,4,98270.34,1,yes,no,133617.43,no,no,25-34,3-5,yes,Very Good
15581893,747,France,Male,43,1,130788.71,1,no,yes,101495.0,yes,no,35-44,1-2,no,Very Good
15672447,657,Germany,Male,40,7,99165.84,1,no,yes,119333.95,yes,no,35-44,6-10,no,Fair
15777830,639,France,Female,42,4,0.0,2,no,no,167682.37,no,yes,35-44,3-5,no,Fair
15713890,704,France,Male,44,3,0.0,2,no,yes,152884.85,no,yes,35-44,3-5,no,Good
15577598,651,Spain,Male,23,4,115636.05,2,yes,no,70400.86,no,no,<25,3-5,no,Fair
15786042,706,Germany,Female,44,2,185932.18,2,yes,no,65413.41,no,no,35-44,1-2,no,Good
15753462,632,Germany,Male,30,2,72549.0,2,no,yes,182728.8,no,no,25-34,1-2,no,Fair
15759690,751,France,Male,42,4,0.0,2,yes,yes,81442.6,no,yes,35-44,3-5,no,Very Good
15801414,767,France,Female,35,2,0.0,2,no,no,144251.38,no,yes,25-34,1-2,no,Very Good
15656141,741,France,Male,39,5,0.0,1,no,yes,40207.06,no,yes,35-44,3-5,no,Very Good
15608701,651,Germany,Male,29,3,121890.06,1,yes,no,54530.51,yes,no,25-34,3-5,yes,Fair
15582892,601,France,Male,46,2,99786.07,1,yes,yes,32683.88,yes,no,45-54,1-2,no,Fair
15632967,520,France,Male,34,3,0.0,2,yes,yes,104703.96,no,yes,25-34,3-5,no,Poor
15587573,626,Germany,Male,27,4,115084.53,2,no,yes,26907.43,no,no,25-34,3-5,no,Fair
15654891,811,France,Male,30,6,0.0,2,yes,yes,180591.32,no,yes,25-34,6-10,no,Excellent
15611365,730,France,Female,32,9,127661.69,1,no,no,60905.51,no,no,25-34,6-10,yes,Good
15749103,604,Germany,Female,47,4,118907.6,1,no,yes,47777.15,yes,no,45-54,3-5,no,Fair
15810203,499,Germany,Female,44,6,77627.33,2,yes,no,108222.68,no,no,35-44,6-10,no,Poor
15813660,754,Spain,Male,40,2,160625.17,1,no,yes,3554.63,no,no,35-44,1-2,no,Very Good
15605673,716,Spain,Female,29,8,0.0,2,no,no,78616.92,no,yes,25-34,6-10,no,Good
15669282,636,France,Female,20,10,124266.86,1,no,no,100566.81,no,no,<25,6-10,yes,Fair
15792726,470,France,Female,25,8,127974.06,2,yes,yes,183259.35,no,no,<25,6-10,no,Poor
15593241,444,France,Male,43,3,0.0,2,yes,yes,159131.21,no,yes,35-44,3-5,no,Poor
15683053,809,Spain,Female,48,2,0.0,1,yes,no,160976.85,yes,yes,45-54,1-2,yes,Excellent
15632736,850,Germany,Female,30,3,104911.35,2,yes,yes,42933.26,no,no,25-34,3-5,no,Excellent
15731865,637,France,Male,27,1,0.0,2,yes,no,91291.2,no,yes,25-34,1-2,no,Fair
15760450,512,France,Male,43,1,0.0,2,yes,yes,52471.36,no,yes,35-44,1-2,no,Poor
15787204,774,Spain,Female,43,1,110646.54,1,no,no,108804.28,no,no,35-44,1-2,yes,Very Good
15650454,641,France,Male,57,5,0.0,2,yes,yes,122449.18,no,yes,55-64,3-5,no,Fair
15573730,586,Germany,Male,42,6,126704.49,2,yes,no,41682.3,no,no,35-44,6-10,no,Fair
15705050,611,France,Male,30,9,0.0,2,yes,yes,148887.69,no,yes,25-34,6-10,no,Fair
15791342,660,Spain,Male,31,1,84560.04,1,yes,yes,137784.25,no,no,25-34,1-2,no,Fair
15684316,532,France,Male,43,9,0.0,2,no,no,190573.91,yes,yes,35-44,6-10,no,Poor
15700540,557,Germany,Female,38,2,129893.56,1,no,no,102076.03,no,no,35-44,1-2,yes,Poor
15770631,730,Spain,Male,25,5,167385.81,1,yes,yes,56307.51,no,no,<25,3-5,no,Good
15790594,535,France,Female,27,6,0.0,2,no,yes,49775.58,no,yes,25-34,6-10,no,Poor
15604020,773,Germany,Female,36,4,105858.71,1,no,yes,4395.45,no,no,35-44,3-5,no,Very Good
15637599,510,Germany,Female,44,4,123070.89,1,yes,no,28461.29,yes,no,35-44,3-5,yes,Poor
15736578,539,France,Male,39,1,0.0,1,yes,yes,28184.7,no,yes,35-44,1-2,no,Poor
15666332,690,Spain,Female,48,2,0.0,2,yes,yes,3149.1,no,yes,45-54,1-2,no,Good
15727291,821,France,Female,40,1,0.0,2,yes,no,194273.12,no,yes,35-44,1-2,no,Excellent
15785920,687,Germany,Male,35,1,125141.24,2,yes,yes,148537.07,no,no,25-34,1-2,no,Good
15658987,557,France,Female,46,4,96173.17,2,yes,yes,116378.31,no,no,45-54,3-5,no,Poor
15687719,532,Spain,Female,37,5,0.0,2,no,yes,6761.84,no,yes,35-44,3-5,no,Poor
15799641,540,Spain,Male,39,2,0.0,2,yes,no,81995.92,no,yes,35-44,1-2,no,Poor
15758702,705,France,Female,55,8,0.0,2,yes,yes,14392.68,no,yes,45-54,6-10,no,Good
15689526,542,Germany,Female,35,9,127543.11,2,yes,no,468.94,yes,no,25-34,6-10,no,Poor
15586848,706,France,Male,38,1,0.0,2,yes,no,122379.54,no,yes,35-44,1-2,no,Good
15707637,765,France,Female,56,1,0.0,1,yes,no,13228.93,yes,yes,55-64,1-2,yes,Very Good
15719426,529,France,Male,67,8,103101.56,2,yes,yes,154002.02,yes,no,65+,6-10,no,Poor
15639265,714,France,Male,54,7,126113.28,1,yes,no,112777.38,no,no,45-54,6-10,yes,Good
15576124,582,France,Male,41,1,40488.76,1,yes,no,128528.83,no,no,35-44,1-2,yes,Fair
15757829,609,Germany,Female,40,10,137389.77,2,yes,no,170122.22,no,no,35-44,6-10,no,Fair
15633227,518,France,Female,28,9,85146.36,1,no,no,2803.89,no,no,25-34,6-10,yes,Poor
15753092,791,Germany,Male,35,5,129828.58,1,yes,yes,181918.26,yes,no,25-34,3-5,no,Very Good
15782939,747,France,Male,42,4,80214.36,1,yes,no,115241.96,yes,no,35-44,3-5,yes,Very Good
15746338,565,France,Female,40,2,0.0,2,yes,yes,129956.13,no,yes,35-44,1-2,no,Poor
15590676,735,France,Male,34,1,141796.43,1,yes,no,45858.49,no,no,25-34,1-2,yes,Good
15599329,697,France,Female,49,7,195238.29,4,no,yes,131083.56,yes,no,45-54,6-10,no,Good
15783097,813,Germany,Male,27,6,111348.15,1,yes,no,46422.46,no,no,25-34,6-10,yes,Excellent
15597885,772,France,Male,43,6,0.0,2,yes,yes,57675.88,no,yes,35-44,6-10,no,Very Good
15597467,606,France,Female,71,8,0.0,2,yes,yes,169741.96,no,yes,65+,6-10,no,Fair
15724764,667,Germany,Female,42,10,64404.26,2,no,no,26022.37,no,no,35-44,6-10,no,Fair
15778418,637,Germany,Male,40,9,154309.67,1,yes,yes,125334.16,yes,no,35-44,6-10,no,Fair
15684769,542,France,Male,67,10,129431.36,1,no,yes,21343.74,no,no,65+,6-10,no,Poor
15756167,762,Spain,Female,43,5,134204.67,1,yes,yes,139971.01,no,no,35-44,3-5,no,Very Good
15632439,698,France,Female,39,4,0.0,2,no,yes,47455.82,no,yes,35-44,3-5,no,Good
15755138,850,France,Female,32,8,0.0,2,yes,yes,55593.8,no,yes,25-34,6-10,no,Excellent
15659092,621,France,Female,50,5,0.0,2,yes,no,191756.54,yes,yes,45-54,3-5,no,Fair
15742116,671,Germany,Female,48,9,116711.06,2,no,no,76373.38,no,no,45-54,6-10,no,Good
15801994,775,France,Male,31,9,0.0,2,yes,no,169278.51,no,yes,25-34,6-10,no,Very Good
15647572,504,Spain,Male,34,0,54980.81,1,yes,yes,136909.88,no,no,25-34,0,no,Poor
15644551,751,Spain,Female,37,3,99773.85,2,yes,no,54865.92,no,no,35-44,3-5,no,Very Good
15709135,691,Germany,Male,30,7,101231.77,2,no,no,156529.44,no,no,25-34,6-10,no,Good
15684469,841,Germany,Male,32,2,117070.21,1,yes,no,113482.2,no,no,25-34,1-2,yes,Excellent
15627637,709,Germany,Male,23,8,73314.04,2,yes,no,63446.47,no,no,<25,6-10,no,Good
15667093,673,France,Male,37,2,0.0,1,yes,yes,13624.02,no,yes,35-44,1-2,no,Good
15690589,541,France,Male,37,9,212314.03,1,no,yes,148814.54,no,no,35-44,6-10,no,Poor
15595350,661,France,Female,31,3,136067.82,2,yes,no,65567.91,no,no,25-34,3-5,no,Fair
15777586,784,Spain,Female,42,2,109052.04,2,yes,no,6409.55,no,no,35-44,1-2,no,Very Good
15804064,742,France,Female,35,2,79126.17,1,yes,yes,126997.53,no,no,25-34,1-2,no,Very Good
15717770,850,Spain,Female,55,7,0.0,1,no,no,171762.87,yes,yes,45-54,6-10,yes,Excellent
15754443,443,France,Female,35,9,108308.0,1,yes,no,129031.19,yes,no,25-34,6-10,yes,Poor
15776939,778,Germany,Female,48,3,102290.56,2,yes,no,182691.31,no,no,45-54,3-5,no,Very Good
15713517,529,France,Male,39,6,102025.08,2,yes,no,12351.01,no,no,35-44,6-10,no,Poor
15683522,678,Germany,Female,37,2,113383.07,1,yes,yes,135123.96,no,no,35-44,1-2,no,Good
15673995,516,Spain,Female,65,9,102541.1,1,yes,no,181490.42,no,no,55-64,6-10,yes,Poor
15771054,469,Spain,Male,35,5,0.0,2,yes,no,186490.37,no,yes,25-34,3-5,no,Poor
15578788,786,Spain,Male,40,6,0.0,2,no,no,41248.8,no,yes,35-44,6-10,no,Very Good
15737408,703,France,Female,41,6,109941.51,1,yes,no,116267.28,no,no,35-44,6-10,yes,Good
15750837,579,Germany,Male,41,0,141749.68,1,no,yes,9201.53,no,no,35-44,0,no,Poor
15576022,565,France,Male,38,5,0.0,2,no,yes,80630.32,no,yes,35-44,3-5,no,Poor
15635502,443,France,Male,44,2,0.0,1,yes,no,159165.7,no,yes,35-44,1-2,yes,Poor
15627298,589,France,Male,37,7,85146.48,2,yes,no,86490.09,yes,no,35-44,6-10,no,Fair
15811415,691,France,Female,44,6,134066.1,2,yes,yes,197572.41,no,no,35-44,6-10,no,Good
15645059,711,France,Female,28,8,0.0,2,no,no,105159.89,no,yes,25-34,6-10,no,Good
15689671,775,Spain,Male,27,4,0.0,1,yes,yes,40807.26,no,yes,25-34,3-5,no,Very Good
15718667,621,France,Male,35,7,87619.29,1,yes,no,143.34,no,no,25-34,6-10,yes,Fair
15803202,350,France,Male,51,10,0.0,1,yes,yes,125823.79,yes,yes,45-54,6-10,no,Poor
15593683,668,Spain,Female,30,8,0.0,2,yes,no,138465.7,no,yes,25-34,6-10,no,Fair
15703394,633,Spain,Male,27,3,0.0,2,yes,no,44008.91,no,yes,25-34,3-5,no,Fair
15570289,697,Germany,Male,43,8,103409.16,1,yes,no,66893.28,yes,no,35-44,6-10,yes,Good
15567437,734,Germany,Female,30,7,123040.38,1,yes,yes,76503.06,no,no,25-34,6-10,no,Good
15711687,434,France,Male,41,4,108128.52,1,no,yes,56784.11,no,no,35-44,3-5,no,Poor
15656592,646,Germany,Male,48,8,169023.33,2,yes,yes,175657.55,no,no,45-54,6-10,no,Fair
15634373,764,France,Male,30,5,0.0,2,no,yes,105155.66,no,yes,25-34,3-5,no,Very Good
15769125,727,Spain,Female,41,10,0.0,2,no,yes,47468.56,no,yes,35-44,6-10,no,Good
15711386,724,France,Female,29,6,0.0,2,no,yes,64729.51,no,yes,25-34,6-10,no,Good
15714241,749,Spain,Male,42,9,222267.63,1,no,no,101108.85,yes,no,35-44,6-10,yes,Very Good
15642530,706,Germany,Female,47,10,144090.42,1,yes,no,140938.95,yes,no,45-54,6-10,yes,Good
15713599,728,France,Male,30,10,114835.43,1,no,yes,37662.49,no,no,25-34,6-10,no,Good
15744770,636,France,Male,44,2,0.0,2,no,no,86414.41,no,yes,35-44,1-2,no,Fair
15780498,634,France,Male,34,3,145030.92,1,yes,yes,41820.65,no,no,25-34,3-5,no,Fair
15624397,627,France,Male,43,8,71240.3,1,no,yes,127734.16,no,no,35-44,6-10,no,Fair
15615219,518,France,Male,59,5,138772.15,1,no,yes,123872.0,no,no,55-64,3-5,no,Poor
15570908,687,Spain,Female,29,7,93617.07,1,no,yes,113050.92,no,no,25-34,6-10,no,Good
15762855,622,Spain,Female,23,8,0.0,2,yes,yes,131389.39,no,yes,<25,6-10,no,Fair
15661827,693,Spain,Female,45,4,0.0,2,yes,yes,26589.56,no,yes,35-44,3-5,no,Good
15746035,450,Spain,Male,25,9,74237.2,2,no,yes,195463.35,no,no,<25,6-10,no,Poor
15691906,664,Germany,Female,49,5,127421.78,2,yes,no,108876.75,yes,no,45-54,3-5,no,Fair
15793424,663,Spain,Female,28,8,61274.7,2,yes,no,136054.45,no,no,25-34,6-10,no,Fair
15577905,660,France,Male,34,8,106486.66,2,no,yes,182262.66,no,no,25-34,6-10,no,Fair
15667216,579,France,Female,29,10,73194.52,2,yes,yes,129209.09,no,no,25-34,6-10,no,Poor
15673971,655,Germany,Female,44,6,146498.76,1,yes,no,64853.51,yes,no,35-44,6-10,yes,Fair
15701238,683,France,Male,47,1,0.0,2,yes,no,148989.15,no,yes,45-54,1-2,no,Good
15644849,655,France,Female,32,2,0.0,1,yes,yes,71047.51,no,yes,25-34,1-2,no,Fair
15635531,575,Spain,Female,30,8,0.0,2,yes,no,185341.63,no,yes,25-34,6-10,no,Poor
15632263,574,Spain,Male,30,5,120355.0,1,yes,no,137793.35,no,no,25-34,3-5,yes,Poor
15720110,795,France,Male,32,2,117265.21,1,yes,yes,198317.23,no,no,25-34,1-2,no,Very Good
15619045,776,France,Female,43,4,0.0,2,no,yes,162137.5,no,yes,35-44,3-5,no,Very Good
15697510,707,Spain,Female,52,7,0.0,1,yes,no,109688.82,yes,yes,45-54,6-10,yes,Good
15784923,705,Germany,Female,37,3,109974.22,1,yes,yes,36320.87,yes,no,35-44,3-5,no,Good
15567383,678,Germany,Female,44,2,98009.13,2,no,yes,31384.86,no,no,35-44,1-2,no,Good
15732621,663,France,Male,34,10,0.0,1,yes,yes,114083.73,no,yes,25-34,6-10,no,Fair
15757981,748,France,Male,66,8,0.0,1,yes,yes,163331.65,no,yes,65+,6-10,no,Very Good
15727819,677,Spain,Female,34,10,171671.9,1,yes,yes,50777.77,no,no,25-34,6-10,no,Good
15738088,634,Spain,Male,63,10,0.0,2,yes,no,30772.86,yes,yes,55-64,6-10,no,Fair
15765173,350,France,Female,60,3,0.0,1,no,no,113796.15,yes,yes,55-64,3-5,yes,Poor
15665159,727,France,Male,61,0,128213.96,2,yes,yes,188729.08,yes,no,55-64,0,no,Good
15618203,773,Germany,Male,51,8,116197.65,2,yes,yes,86701.4,no,no,45-54,6-10,no,Very Good
15791452,675,France,Male,39,1,0.0,2,yes,no,153129.22,no,yes,35-44,1-2,no,Good
15638159,649,Spain,Female,36,6,86607.39,1,no,no,19825.09,no,no,35-44,6-10,yes,Fair
15585466,552,France,Male,29,10,0.0,2,yes,no,12186.83,no,yes,25-34,6-10,no,Poor
15677310,761,Germany,Male,62,5,98854.34,1,no,no,86920.97,yes,no,55-64,3-5,yes,Very Good
15646262,622,France,Male,31,7,0.0,1,yes,no,35408.77,no,yes,25-34,6-10,yes,Fair
15656901,615,France,Male,59,8,0.0,2,yes,yes,165576.55,no,yes,55-64,6-10,no,Fair
15621093,681,Germany,Male,31,4,97338.19,2,no,no,48226.76,no,no,25-34,3-5,no,Good
15592123,768,France,Male,30,6,0.0,2,yes,yes,199454.37,no,yes,25-34,6-10,no,Very Good
15589200,617,Spain,Male,34,9,0.0,2,yes,no,118749.58,no,yes,25-34,6-10,no,Fair
15602934,452,France,Female,33,6,131698.57,2,yes,no,151623.91,no,no,25-34,6-10,no,Poor
15812720,807,Germany,Male,37,10,130110.45,2,no,yes,172097.95,no,no,35-44,6-10,no,Excellent
15695383,567,Spain,Male,44,9,0.0,2,yes,no,87677.15,no,yes,35-44,6-10,no,Poor
15723064,603,Spain,Male,24,1,165149.13,2,yes,no,21858.28,no,no,<25,1-2,no,Fair
15761606,617,Spain,Female,37,9,101707.8,1,yes,no,123866.28,no,no,35-44,6-10,yes,Fair
15650322,701,France,Female,34,3,105588.66,1,no,yes,74694.41,no,no,25-34,3-5,no,Good
15669782,820,Germany,Male,39,9,111336.89,1,yes,no,16770.31,yes,no,35-44,6-10,yes,Excellent
15751628,438,France,Male,60,7,78391.17,1,no,yes,49424.6,no,no,55-64,6-10,no,Poor
15809057,600,Spain,Female,27,6,0.0,2,yes,yes,172031.22,no,yes,25-34,6-10,no,Fair
15617052,782,France,Male,34,9,0.0,1,yes,no,183021.06,yes,yes,25-34,6-10,yes,Very Good
15590810,638,Germany,Female,41,9,144326.09,1,yes,no,73979.85,yes,no,35-44,6-10,yes,Fair
15801293,850,Germany,Male,27,1,101278.25,2,yes,yes,26265.18,no,no,25-34,1-2,no,Excellent
15770968,741,Germany,Female,19,8,108711.57,2,yes,no,24857.25,no,no,<25,6-10,no,Very Good
15572356,689,Spain,Male,73,1,108555.07,1,no,yes,167969.15,no,no,65+,1-2,no,Good
15603247,743,Germany,Female,35,1,146781.24,1,yes,no,189307.7,no,no,25-34,1-2,yes,Very Good
15619116,493,France,Female,36,2,0.0,2,no,yes,99770.3,no,yes,35-44,1-2,no,Poor
15691792,416,Spain,Male,35,8,0.0,1,no,no,119712.78,no,yes,25-34,6-10,yes,Poor
15783276,725,France,Female,25,9,0.0,2,yes,yes,168607.74,no,yes,<25,6-10,no,Good
15766137,497,France,Male,34,2,0.0,2,yes,yes,83087.13,no,yes,25-34,1-2,no,Poor
15574554,537,Germany,Male,66,8,103291.25,2,yes,yes,130664.79,no,no,65+,6-10,no,Poor
15578671,706,Spain,Female,29,1,209490.21,1,yes,yes,133267.69,yes,no,25-34,1-2,no,Good
15716608,651,Spain,Male,38,2,0.0,3,yes,no,67029.82,yes,yes,35-44,1-2,no,Fair
15690670,720,France,Male,33,2,0.0,2,no,yes,141031.08,no,yes,25-34,1-2,no,Good
15630466,797,France,Male,45,8,0.0,1,no,no,125110.02,no,yes,35-44,6-10,yes,Very Good
15630349,543,Spain,Male,23,5,0.0,2,yes,no,117832.39,no,yes,<25,3-5,no,Poor
15803801,454,France,Male,34,4,0.0,2,yes,no,198817.72,no,yes,25-34,3-5,no,Poor
15647890,691,France,Male,37,9,149405.18,1,yes,yes,146411.6,no,no,35-44,6-10,no,Good
15606115,510,France,Female,52,6,191665.21,1,yes,yes,131312.56,yes,no,45-54,6-10,no,Poor
15714642,792,Spain,Female,40,7,0.0,1,yes,no,141652.2,no,yes,35-44,6-10,yes,Very Good
15741181,721,France,Male,41,6,135071.12,1,yes,yes,64477.25,no,no,35-44,6-10,no,Good
15773973,765,France,Male,41,2,0.0,2,no,yes,191215.61,no,yes,35-44,1-2,no,Very Good
15758546,850,Spain,Male,39,8,0.0,2,yes,yes,37090.44,no,yes,35-44,6-10,no,Excellent
15598940,681,Germany,Male,38,6,181804.34,2,yes,yes,57517.71,no,no,35-44,6-10,no,Good
15669783,586,France,Female,60,3,47020.65,2,no,yes,63241.21,yes,no,55-64,3-5,no,Fair
15624993,753,France,Female,36,7,128518.98,1,yes,yes,44567.83,yes,no,35-44,6-10,no,Very Good
15760568,593,Germany,Female,38,5,142658.04,2,no,yes,135337.11,no,no,35-44,3-5,no,Fair
15699047,674,France,Female,21,9,120150.39,2,yes,yes,33964.03,no,no,<25,6-10,no,Good
15616168,610,France,Female,35,7,81905.95,1,yes,yes,61623.19,no,no,25-34,6-10,no,Fair
15773146,652,France,Male,26,3,137998.2,2,no,yes,168989.77,no,no,25-34,3-5,no,Fair
15770375,850,Germany,Female,26,8,123126.29,1,yes,no,74425.41,no,no,25-34,6-10,yes,Excellent
15589725,740,France,Female,51,4,0.0,2,yes,yes,178929.84,no,yes,45-54,3-5,no,Good
15710034,637,Germany,Male,43,1,135645.29,2,no,yes,101382.86,yes,no,35-44,1-2,no,Fair
15800806,685,Spain,Male,31,7,122449.31,2,yes,yes,180769.55,no,no,25-34,6-10,no,Good
15570485,558,Spain,Male,40,4,161766.87,1,no,no,92378.54,no,no,35-44,3-5,yes,Poor
15575391,677,France,Female,37,3,0.0,2,yes,yes,38252.25,no,yes,35-44,3-5,no,Good
15790750,592,Germany,Male,36,10,123187.51,1,no,yes,146111.35,no,no,35-44,6-10,no,Fair
15714832,652,Germany,Male,36,9,150956.71,1,no,no,72350.17,no,no,35-44,6-10,yes,Fair
15619953,662,Spain,Female,42,6,105021.28,1,yes,no,48242.38,no,no,35-44,6-10,yes,Fair
15673929,543,France,Male,64,4,0.0,2,yes,yes,148305.82,no,yes,55-64,3-5,no,Poor
15578835,675,Spain,Female,50,1,133204.91,1,no,yes,8270.06,no,no,45-54,1-2,no,Good
15752388,643,Spain,Female,35,6,0.0,2,yes,yes,41549.64,no,yes,25-34,6-10,no,Fair
15797081,611,Germany,Female,49,9,115488.52,2,yes,yes,138656.81,yes,no,45-54,6-10,no,Fair
15570194,412,France,Male,29,5,0.0,2,no,no,12510.53,no,yes,25-34,3-5,no,Poor
15580149,638,Spain,Male,41,7,0.0,2,yes,no,43889.41,no,yes,35-44,6-10,no,Fair
15777708,824,Spain,Female,38,3,0.0,2,yes,no,192800.25,no,yes,35-44,3-5,no,Excellent
15769955,683,France,Female,40,1,0.0,2,no,no,75762.0,no,yes,35-44,1-2,no,Good
15810444,562,Germany,Female,39,6,130565.02,1,yes,no,9854.72,yes,no,35-44,6-10,yes,Poor
15645593,599,France,Female,41,2,91328.71,1,yes,no,115724.78,no,no,35-44,1-2,yes,Fair
15765345,753,France,Male,35,4,0.0,2,yes,yes,106303.4,no,yes,25-34,3-5,no,Very Good
15760873,594,France,Male,50,7,81310.34,1,yes,yes,183868.01,no,no,45-54,6-10,no,Fair
15794178,657,France,Male,34,3,107136.6,1,yes,no,153895.46,no,no,25-34,3-5,yes,Fair
15589361,716,Spain,Male,34,9,0.0,1,yes,yes,66695.71,no,yes,25-34,6-10,no,Good
15662483,850,France,Male,43,7,0.0,2,yes,yes,173851.11,no,yes,35-44,6-10,no,Excellent
15809736,664,France,Male,46,2,0.0,1,yes,yes,177423.02,yes,yes,45-54,1-2,no,Fair
15731148,558,France,Male,33,0,108477.49,1,yes,yes,109096.71,yes,no,25-34,0,no,Poor
15774328,606,Germany,Male,40,1,144757.97,2,yes,yes,166656.18,no,no,35-44,1-2,no,Fair
15646969,776,Spain,Male,33,2,0.0,2,yes,yes,176921.0,no,yes,25-34,1-2,no,Very Good
15718769,557,Spain,Male,36,1,113110.26,1,yes,no,98413.1,no,no,35-44,1-2,yes,Poor
15610226,614,France,Female,27,9,106414.57,2,no,no,77500.81,no,no,25-34,6-10,no,Fair
15616270,620,Spain,Male,42,4,106920.91,1,no,yes,119747.08,no,no,35-44,3-5,no,Fair
15790717,695,Spain,Male,35,7,0.0,2,yes,no,160387.98,no,yes,25-34,6-10,no,Good
15635703,729,Germany,Female,39,1,131513.26,1,yes,yes,193715.0,no,no,35-44,1-2,no,Good
15616365,571,France,Female,53,2,0.0,2,yes,no,28045.77,no,yes,45-54,1-2,no,Poor
15630244,457,France,Male,40,10,134320.23,2,yes,no,150757.35,no,no,35-44,6-10,no,Poor
15734714,559,France,Female,29,3,79715.36,1,yes,no,82252.28,no,no,25-34,3-5,yes,Poor
15721433,664,France,Female,38,4,74306.19,2,yes,no,154395.56,no,no,35-44,3-5,no,Fair
15590201,500,Spain,Female,50,5,0.0,4,yes,yes,83866.35,yes,yes,45-54,3-5,no,Poor
15590828,782,Germany,Male,42,7,126428.38,1,yes,no,39830.1,no,no,35-44,6-10,yes,Very Good
15752097,708,Spain,Male,38,8,99640.89,1,yes,no,12429.22,no,no,35-44,6-10,yes,Good
15800031,681,France,Male,43,3,66338.68,1,yes,yes,18772.5,yes,no,35-44,3-5,no,Good
15630857,674,Spain,Female,39,6,0.0,2,yes,yes,9574.83,no,yes,35-44,6-10,no,Good
15689953,697,Spain,Male,43,10,128226.37,1,no,no,188486.94,no,no,35-44,6-10,yes,Good
15759733,774,France,Female,26,5,0.0,2,yes,yes,64716.08,no,yes,25-34,3-5,no,Very Good
15810826,624,France,Male,36,6,0.0,2,no,no,84749.96,no,yes,35-44,6-10,no,Fair
15668009,747,Spain,Male,37,1,0.0,2,no,yes,180551.76,no,yes,35-44,1-2,no,Very Good
15743456,715,France,Female,32,10,0.0,2,yes,no,60907.49,no,yes,25-34,6-10,no,Good
15725762,808,France,Male,24,4,122168.65,1,yes,no,174107.04,no,no,<25,3-5,yes,Excellent
15761713,678,France,Female,43,7,178074.33,1,no,no,110405.9,no,no,35-44,6-10,yes,Good
15769246,813,Germany,Male,59,2,135078.41,1,yes,no,187636.06,yes,no,55-64,1-2,yes,Excellent
15781129,687,Spain,Male,38,8,69434.4,2,yes,yes,66580.13,yes,no,35-44,6-10,no,Good
15599124,832,France,Female,29,5,0.0,2,yes,no,178779.52,no,yes,25-34,3-5,no,Excellent
15639004,668,France,Male,72,2,0.0,2,yes,yes,70783.61,no,yes,65+,1-2,no,Fair
15810995,526,Germany,Male,34,3,122726.56,1,yes,yes,46772.36,no,no,25-34,3-5,no,Poor
15653773,457,France,Female,38,7,164496.99,1,yes,yes,163327.27,no,no,35-44,6-10,no,Poor
15708357,649,Spain,Female,38,8,0.0,1,yes,no,103760.53,no,yes,35-44,6-10,yes,Fair
15733597,669,France,Female,41,0,150219.41,2,no,no,107839.03,no,no,35-44,0,no,Fair
15789560,668,France,Male,42,8,187534.79,1,yes,yes,32900.41,yes,no,35-44,6-10,no,Fair
15699524,466,France,Female,30,3,0.0,1,yes,no,193984.6,no,yes,25-34,3-5,yes,Poor
15626475,685,France,Male,30,2,0.0,2,yes,yes,140889.32,no,yes,25-34,1-2,no,Good
15810839,610,France,Male,34,0,103108.17,1,no,no,125646.82,no,no,25-34,0,yes,Fair
15684318,582,Germany,Female,50,6,96486.57,2,yes,yes,20344.02,no,no,45-54,6-10,no,Fair
15768120,702,Germany,Male,36,9,90560.48,2,yes,no,174268.87,no,no,35-44,6-10,no,Good
15712807,556,Spain,Male,46,3,131764.96,1,yes,yes,108500.66,yes,no,45-54,3-5,no,Poor
15696371,812,Spain,Female,24,1,92476.88,1,no,no,83247.14,no,no,<25,1-2,yes,Excellent
15675794,645,Germany,Male,47,9,152076.93,1,yes,no,121840.2,yes,no,45-54,6-10,yes,Fair
15774277,809,France,Male,43,2,0.0,2,yes,yes,132908.07,no,yes,35-44,1-2,no,Excellent
15603764,560,France,Male,49,4,0.0,1,yes,yes,100075.1,yes,yes,45-54,3-5,no,Poor
15618647,744,France,Male,29,1,43504.42,1,yes,yes,119327.75,no,no,25-34,1-2,no,Very Good
15614643,731,Spain,Female,39,2,0.0,2,yes,no,136737.13,no,yes,35-44,1-2,no,Good
15707696,471,Spain,Female,28,5,0.0,2,yes,yes,22356.97,no,yes,25-34,3-5,no,Poor
15749583,686,Germany,Female,38,2,93569.86,3,no,no,10137.34,yes,no,35-44,1-2,no,Good
15815125,668,Spain,Male,45,4,102486.21,2,yes,yes,158379.25,no,no,35-44,3-5,no,Fair
15779620,575,France,Male,36,1,0.0,1,no,yes,94570.56,no,yes,35-44,1-2,no,Poor
15768233,435,Germany,Male,37,8,114346.3,1,no,yes,980.93,yes,no,35-44,6-10,no,Poor
15637788,743,France,Male,23,3,110203.77,1,yes,no,95583.45,no,no,<25,3-5,yes,Very Good
15777046,580,France,Female,39,9,128362.59,1,yes,no,86044.98,no,no,35-44,6-10,yes,Poor
15788723,599,Germany,Female,49,10,143888.22,2,yes,yes,166236.38,yes,no,45-54,6-10,no,Fair
15790489,534,Spain,Male,34,5,170600.78,1,no,yes,5240.53,no,no,25-34,3-5,no,Poor
15739476,680,France,Female,32,5,0.0,1,yes,yes,150684.23,no,yes,25-34,3-5,no,Good
15612670,631,Spain,Female,46,10,0.0,2,yes,yes,129508.96,no,yes,45-54,6-10,no,Fair
15631222,485,France,Female,39,2,75339.64,1,yes,yes,70665.16,no,no,35-44,1-2,no,Poor
15658972,699,France,Female,40,8,122038.34,1,yes,no,102085.35,no,no,35-44,6-10,yes,Good
15724691,712,France,Male,34,1,0.0,2,yes,yes,195052.12,no,yes,25-34,1-2,no,Good
15740442,603,France,Male,51,8,186825.57,1,yes,no,93739.71,yes,no,45-54,6-10,yes,Fair
15760427,850,France,Male,40,6,124788.18,1,yes,no,65612.12,no,no,35-44,6-10,yes,Excellent
15677939,584,France,Female,41,3,0.0,2,yes,yes,160095.48,no,yes,35-44,3-5,no,Fair
15611599,604,France,Female,71,2,0.0,2,yes,yes,49506.82,no,yes,65+,1-2,no,Fair
15633474,586,France,Male,51,2,138553.57,1,yes,yes,92406.22,no,no,45-54,1-2,no,Fair
15671973,467,Spain,Male,39,5,0.0,2,yes,yes,7415.96,no,yes,35-44,3-5,no,Poor
15790019,520,France,Male,35,9,105387.89,1,yes,yes,25059.06,no,no,25-34,6-10,no,Poor
15737735,683,Spain,Male,40,4,95053.1,1,yes,yes,116816.54,yes,no,35-44,3-5,no,Good
15661745,557,France,Male,36,3,0.0,1,no,yes,144078.02,no,yes,35-44,3-5,no,Poor
15797065,613,Spain,Female,32,0,0.0,2,no,yes,126675.62,no,yes,25-34,0,no,Fair
15710671,786,France,Male,34,3,137361.96,1,no,no,183682.09,no,no,25-34,3-5,yes,Very Good
15656522,593,Spain,Male,32,10,158537.42,1,yes,no,166850.57,no,no,25-34,6-10,yes,Fair
15705085,670,Spain,Female,29,9,0.0,2,yes,no,27359.19,no,yes,25-34,6-10,no,Fair
15744873,657,Germany,Female,48,5,143595.87,1,no,no,101314.65,yes,no,45-54,3-5,yes,Fair
15781914,718,Germany,Male,32,9,169947.41,2,yes,yes,27979.16,no,no,25-34,6-10,no,Good
15637354,623,France,Female,24,7,148167.83,2,yes,yes,109470.34,no,no,<25,6-10,no,Fair
15717307,496,France,Male,31,5,0.0,2,yes,no,93713.13,no,yes,25-34,3-5,no,Poor
15746695,429,France,Female,39,6,48023.83,1,yes,no,74870.99,no,no,35-44,6-10,yes,Poor
15804962,606,France,Male,36,1,155655.46,1,yes,yes,192387.51,yes,no,35-44,1-2,no,Fair
15665378,499,France,Female,46,6,0.0,2,yes,no,73457.55,no,yes,45-54,6-10,no,Poor
15757865,642,France,Male,62,7,0.0,2,yes,yes,61120.75,no,yes,55-64,6-10,no,Fair
15578787,641,France,Female,52,4,0.0,1,yes,no,90964.54,yes,yes,45-54,3-5,yes,Fair
15794323,673,France,Male,32,8,121240.76,1,yes,no,116969.73,no,no,25-34,6-10,yes,Good
15697546,570,France,Female,36,3,0.0,2,yes,no,92118.75,no,yes,35-44,3-5,no,Poor
15629519,472,France,Female,37,1,0.0,2,yes,yes,48357.9,no,yes,35-44,1-2,no,Poor
15624703,550,Germany,Male,35,9,129847.75,2,yes,no,197325.4,no,no,25-34,6-10,no,Poor
15570002,625,Germany,Female,55,8,118772.71,4,no,no,135853.62,yes,no,45-54,6-10,no,Fair
15808566,516,France,Male,46,2,0.0,2,yes,yes,169122.54,no,yes,45-54,1-2,no,Poor
15805463,682,Germany,Male,32,2,105163.88,2,yes,yes,164170.46,no,no,25-34,1-2,no,Good
15709136,620,France,Male,28,8,0.0,2,yes,yes,199909.32,no,yes,25-34,6-10,no,Fair
15801605,626,France,Female,39,0,0.0,2,yes,yes,83295.09,no,yes,35-44,0,no,Fair
15567855,623,France,Female,29,1,0.0,2,no,no,39382.06,no,yes,25-34,1-2,no,Fair
15675141,569,France,Female,35,4,93934.63,1,yes,no,184748.23,no,no,25-34,3-5,yes,Poor
15665759,724,France,Female,69,5,117866.92,1,yes,yes,62280.91,no,no,65+,3-5,no,Good
15761487,678,France,Female,55,5,0.0,1,no,yes,196794.11,yes,yes,45-54,3-5,no,Good
15700394,713,Spain,Female,26,4,122857.46,2,yes,no,144682.17,yes,no,25-34,3-5,no,Good
15631162,631,France,Male,32,10,0.0,2,no,yes,196342.66,no,yes,25-34,6-10,no,Fair
15630641,846,France,Female,37,6,127103.97,1,yes,yes,41516.44,no,no,35-44,6-10,no,Excellent
15585066,660,France,Female,43,1,0.0,1,no,yes,112026.1,yes,yes,35-44,1-2,no,Fair
15722991,567,France,Male,54,9,96402.96,1,no,no,52035.29,yes,no,45-54,6-10,yes,Poor
15737404,731,France,Male,31,1,132512.26,1,yes,yes,185466.85,no,no,25-34,1-2,no,Good
15722409,693,Spain,Male,47,8,107604.66,1,yes,yes,80149.27,no,no,45-54,6-10,no,Good
15806420,772,France,Male,34,9,0.0,2,yes,no,170980.86,no,yes,25-34,6-10,no,Very Good
15658148,657,France,Male,38,7,0.0,2,yes,no,185827.74,no,yes,35-44,6-10,no,Fair
15810660,774,Germany,Male,34,4,120875.23,2,no,yes,113407.26,no,no,25-34,3-5,no,Very Good
15709780,667,France,Female,37,9,71786.9,2,yes,yes,67734.79,no,no,35-44,6-10,no,Fair
15727350,516,France,Female,37,8,113143.12,1,no,no,3363.36,no,no,35-44,6-10,yes,Poor
15752312,551,Spain,Male,49,1,150777.72,2,yes,yes,135757.27,no,no,45-54,1-2,no,Poor
15616745,542,Spain,Male,35,2,174894.53,1,yes,yes,22314.55,no,no,25-34,1-2,no,Poor
15572294,623,France,Male,28,7,0.0,1,no,no,129526.57,no,yes,25-34,6-10,yes,Fair
15674110,701,France,Female,43,2,160416.56,1,no,yes,37266.43,no,no,35-44,1-2,no,Good
15662501,583,France,Male,48,3,91246.53,1,yes,no,60017.46,yes,no,45-54,3-5,yes,Fair
15649239,731,Spain,Male,46,10,0.0,2,yes,no,153015.42,no,yes,45-54,6-10,no,Good
15700424,461,France,Female,35,5,0.0,1,yes,yes,54209.02,no,yes,25-34,3-5,no,Poor
15636388,702,Germany,Female,23,7,98775.23,1,yes,no,114603.96,no,no,<25,6-10,yes,Good
15713975,565,Germany,Female,47,10,139756.12,1,yes,no,165849.49,yes,no,45-54,6-10,yes,Poor
15592925,711,Spain,Male,42,3,177626.77,3,no,yes,16392.72,yes,no,35-44,3-5,no,Good
15581626,664,France,Male,54,8,0.0,1,yes,yes,162719.69,yes,yes,45-54,6-10,no,Fair
15641319,518,Spain,Male,50,4,0.0,1,no,no,107112.25,yes,yes,45-54,3-5,yes,Poor
15723481,728,Spain,Male,42,8,0.0,2,no,yes,41823.22,no,yes,35-44,6-10,no,Good
15787825,585,Germany,Male,37,6,152496.82,1,yes,yes,99907.29,no,no,35-44,6-10,no,Fair
15710726,573,France,Male,52,8,0.0,2,no,yes,178229.04,no,yes,45-54,6-10,no,Poor
15627195,568,Germany,Male,26,1,112930.28,2,yes,no,22095.73,no,no,25-34,1-2,no,Poor
15657957,602,Germany,Female,26,8,113674.2,1,yes,no,197861.16,yes,no,25-34,6-10,yes,Fair
15676117,603,France,Male,44,9,0.0,1,yes,no,138328.24,no,yes,35-44,6-10,yes,Fair
15607874,687,France,Male,38,0,144450.58,1,no,yes,137276.83,no,no,35-44,0,no,Good
15796993,741,France,Male,52,1,171236.3,2,no,no,21834.4,yes,no,45-54,1-2,no,Very Good
15649858,469,Spain,Male,37,9,96776.49,1,yes,yes,119890.86,no,no,35-44,6-10,no,Poor
15811032,477,Germany,Female,58,8,145984.92,1,yes,yes,24564.7,no,no,55-64,6-10,no,Poor
15679963,737,Germany,Male,43,8,96353.8,1,no,no,10209.8,no,no,35-44,6-10,yes,Good
15579131,835,France,Male,25,7,0.0,2,yes,yes,83449.65,no,yes,<25,6-10,no,Excellent
15572428,717,Germany,Female,33,0,115777.23,1,yes,yes,81508.1,no,no,25-34,0,no,Good
15622461,562,France,Female,51,7,122822.0,2,no,no,32626.21,no,no,45-54,6-10,no,Poor
15636105,758,Spain,Male,61,2,0.0,2,yes,yes,43982.41,no,yes,55-64,1-2,no,Very Good
15583849,408,France,Male,40,3,0.0,2,no,no,124874.23,no,yes,35-44,3-5,no,Poor
15718780,650,Spain,Female,32,4,79450.09,1,yes,yes,118324.75,no,no,25-34,3-5,no,Fair
15739271,582,Germany,Male,33,2,122394.0,1,yes,yes,22113.93,no,no,25-34,1-2,no,Fair
15697129,706,Spain,Female,43,1,0.0,2,yes,no,31962.77,no,yes,35-44,1-2,no,Good
15763415,567,Germany,Male,41,0,134378.89,1,yes,yes,105746.94,no,no,35-44,0,no,Poor
15796617,720,France,Male,29,2,0.0,2,yes,no,39925.52,no,yes,25-34,1-2,no,Good
15626628,631,Spain,Female,31,2,88161.85,2,yes,no,127630.88,no,no,25-34,1-2,no,Fair
15765857,623,Spain,Male,41,2,142412.13,1,yes,no,28778.98,no,no,35-44,1-2,yes,Fair
15742511,514,France,Male,35,3,121030.9,1,yes,no,10008.68,no,no,25-34,3-5,yes,Poor
15786433,650,Germany,Female,35,3,165982.43,2,yes,yes,24482.16,no,no,25-34,3-5,no,Fair
15685805,673,Spain,Female,35,6,0.0,2,yes,no,98618.79,no,yes,25-34,6-10,no,Good
15627971,504,France,Female,32,8,206663.75,1,no,no,16281.94,no,no,25-34,6-10,yes,Poor
15783025,723,Germany,Male,37,3,94661.53,2,yes,no,121239.65,no,no,35-44,3-5,no,Good
15726289,645,France,Male,25,0,174400.36,1,yes,no,42669.37,no,no,<25,0,yes,Fair
15802118,664,Spain,Male,41,7,123428.69,1,yes,yes,164924.11,no,no,35-44,6-10,no,Fair
15607990,760,Spain,Male,43,6,175735.5,1,yes,yes,157337.29,no,no,35-44,6-10,no,Very Good
15695932,766,Spain,Male,36,5,78381.13,1,no,yes,153831.6,no,no,35-44,3-5,no,Very Good
15812279,634,France,Male,37,5,115345.86,2,no,no,168781.8,no,no,35-44,3-5,no,Fair
15687558,640,Germany,Female,31,10,118613.34,1,yes,no,168469.65,no,no,25-34,6-10,yes,Fair
15729065,784,Germany,Male,28,2,109960.06,2,yes,yes,170829.87,no,no,25-34,1-2,no,Very Good
15698902,547,Germany,Female,42,1,142703.4,1,yes,no,86207.49,yes,no,35-44,1-2,yes,Poor
15570192,608,Germany,Female,40,8,121729.42,1,no,no,61164.45,no,no,35-44,6-10,yes,Fair
15809265,547,France,Female,35,4,0.0,1,yes,yes,133287.73,no,yes,25-34,3-5,no,Poor
15745201,612,France,Female,43,4,139496.35,2,yes,yes,77128.23,no,no,35-44,3-5,no,Fair
15580623,573,Spain,Male,28,8,0.0,2,no,no,77660.03,no,yes,25-34,6-10,no,Poor
15578156,615,Spain,Male,32,5,138521.83,1,yes,yes,56897.1,no,no,25-34,3-5,no,Fair
15631063,710,France,Female,33,2,0.0,2,yes,no,72945.32,no,yes,25-34,1-2,no,Good
15692577,674,Germany,Female,38,10,83727.68,1,yes,no,45418.12,no,no,35-44,6-10,yes,Good
15810910,702,Spain,Female,38,9,0.0,2,yes,yes,158527.45,no,yes,35-44,6-10,no,Good
15723217,616,France,Male,37,9,0.0,1,yes,no,111312.96,no,yes,35-44,6-10,yes,Fair
15733111,688,Spain,Male,32,6,124179.3,1,yes,yes,138759.15,no,no,25-34,6-10,no,Good
15610727,605,France,Male,36,7,128829.25,1,yes,no,190588.59,no,no,35-44,6-10,yes,Fair
15792720,676,France,Male,33,6,171490.78,1,no,no,79099.64,no,no,25-34,6-10,yes,Good
15723153,708,Spain,Male,33,3,0.0,2,yes,no,138613.21,no,yes,25-34,3-5,no,Good
15802823,745,Spain,Female,38,7,0.0,2,yes,yes,194230.82,no,yes,35-44,6-10,no,Very Good
15756118,661,Spain,Male,20,8,0.0,1,yes,no,110252.53,no,yes,<25,6-10,yes,Fair
15684934,726,France,Male,31,9,0.0,2,yes,yes,106117.3,no,yes,25-34,6-10,no,Good
15776936,475,France,Male,40,7,160818.08,1,no,yes,169642.13,yes,no,35-44,6-10,no,Poor
15729087,751,Germany,Male,54,9,156367.6,2,no,yes,116179.92,no,no,45-54,6-10,no,Very Good
15786463,645,Germany,Female,59,8,121669.93,2,no,no,91.75,yes,no,55-64,6-10,no,Fair
15717498,775,France,Male,42,6,133970.22,2,no,yes,187839.9,no,no,35-44,6-10,no,Very Good
15718406,540,France,Male,41,3,0.0,2,yes,no,121098.65,no,yes,35-44,3-5,no,Poor
15799468,591,France,Female,34,3,96127.27,1,no,no,30972.06,no,no,25-34,3-5,yes,Fair
15626383,596,Spain,Male,60,7,121907.97,1,no,yes,30314.04,no,no,55-64,6-10,no,Fair
15597385,573,Spain,Male,41,5,0.0,2,no,yes,14479.29,no,yes,35-44,3-5,no,Poor
15570271,577,Spain,Male,31,6,0.0,1,yes,yes,196395.25,no,yes,25-34,6-10,no,Poor
15690330,830,Germany,Female,40,8,77701.64,1,no,yes,19512.38,no,no,35-44,6-10,no,Excellent
15680611,663,France,Male,67,9,0.0,3,yes,yes,72318.77,no,yes,65+,6-10,no,Fair
15810227,421,France,Male,34,2,0.0,2,yes,yes,96615.23,no,yes,25-34,1-2,no,Poor
15807194,718,Spain,Male,34,5,113922.44,2,yes,no,30772.22,no,no,25-34,3-5,no,Good
15712199,655,Germany,Female,61,2,183997.7,2,yes,yes,161217.18,no,no,55-64,1-2,no,Fair
15694995,712,France,Male,23,2,0.0,2,no,yes,66795.78,no,yes,<25,1-2,no,Good
15723400,663,France,Male,28,4,0.0,2,yes,yes,123969.64,no,yes,25-34,3-5,no,Fair
15654772,640,France,Female,47,6,89799.46,2,no,yes,13783.77,yes,no,45-54,6-10,no,Fair
15574743,577,Spain,Male,29,2,0.0,1,yes,yes,168924.41,no,yes,25-34,1-2,no,Poor
15807593,546,Spain,Female,36,7,85660.96,1,no,no,134778.01,no,no,35-44,6-10,yes,Poor
15686718,802,Germany,Male,37,9,115569.21,1,no,yes,119782.89,no,no,35-44,6-10,no,Excellent
15695299,590,France,Female,45,2,81828.22,1,yes,no,52167.97,no,no,35-44,1-2,yes,Fair
15722701,594,Germany,Male,18,1,132694.73,1,yes,no,167689.56,no,no,<25,1-2,yes,Fair
15799635,577,Spain,Male,51,2,108867.0,1,no,no,140800.66,yes,no,45-54,1-2,yes,Poor
15742323,541,France,Male,39,7,0.0,2,yes,no,19823.02,no,yes,35-44,6-10,no,Poor
15658435,781,France,Female,27,5,0.0,2,no,no,72969.9,no,yes,25-34,3-5,no,Very Good
15586029,806,Germany,Male,34,2,96152.68,2,yes,no,143711.02,no,no,25-34,1-2,no,Excellent
15772337,723,Germany,Female,49,0,153855.52,1,yes,yes,180862.26,yes,no,45-54,0,no,Good
15807555,535,France,Male,45,2,0.0,2,yes,no,125658.28,no,yes,35-44,1-2,no,Poor
15603378,768,France,Female,36,3,141334.95,1,no,yes,125870.5,no,no,35-44,3-5,no,Very Good
15792862,653,Germany,Male,41,1,104584.11,1,yes,no,15126.32,yes,no,35-44,1-2,yes,Fair
15657349,803,Germany,Female,50,8,98173.02,1,no,no,22457.25,yes,no,45-54,6-10,yes,Excellent
15777614,545,Spain,Female,44,1,0.0,2,yes,yes,82614.89,no,yes,35-44,1-2,no,Poor
15653952,581,Germany,Female,38,3,135157.05,1,yes,yes,32919.42,no,no,35-44,3-5,no,Fair
15724336,513,Germany,Female,49,5,171601.27,1,yes,no,126223.84,no,no,45-54,3-5,yes,Poor
15689594,731,France,Male,29,5,179539.2,1,no,no,112010.02,no,no,25-34,3-5,yes,Good
15801920,727,Germany,Male,39,5,80615.46,2,no,no,180962.32,no,no,35-44,3-5,no,Good
15653347,560,Spain,Male,47,1,0.0,1,no,no,128882.66,yes,yes,45-54,1-2,yes,Poor
15749951,766,Germany,Male,27,5,126285.73,1,yes,no,177614.17,yes,no,25-34,3-5,yes,Very Good
15648178,630,Germany,Female,23,4,137964.51,1,no,yes,174570.55,no,no,<25,3-5,no,Fair
15738662,652,Germany,Male,41,9,159434.03,1,yes,no,178373.93,no,no,35-44,6-10,yes,Fair
15640855,729,Germany,Male,40,5,113574.61,2,yes,no,103396.08,no,no,35-44,3-5,no,Good
15584288,629,France,Female,33,6,0.0,2,yes,yes,59129.72,no,yes,25-34,6-10,no,Fair
15760988,667,Germany,Male,33,9,124573.33,2,no,no,683.37,no,no,25-34,6-10,no,Fair
15569624,671,Germany,Female,31,6,105864.6,2,yes,no,145567.34,no,no,25-34,6-10,no,Good
15597949,768,Germany,Female,47,5,104552.61,1,yes,no,48137.08,yes,no,45-54,3-5,yes,Very Good
15604551,732,France,Female,35,3,0.0,2,yes,no,90876.95,no,yes,25-34,3-5,no,Good
15617476,546,France,Female,30,5,0.0,2,no,yes,198543.09,no,yes,25-34,3-5,no,Poor
15645323,630,France,Male,55,2,0.0,1,yes,yes,106202.07,yes,yes,45-54,1-2,no,Fair
15793311,765,Germany,Female,46,8,119492.88,2,no,yes,166896.01,yes,no,45-54,6-10,no,Very Good
15764153,704,France,Female,33,0,130499.09,2,yes,yes,74804.36,no,no,25-34,0,no,Good
15802560,470,Spain,Female,48,6,140576.11,1,yes,yes,116971.05,no,no,45-54,6-10,no,Poor
15728608,688,Germany,Female,34,9,91025.58,2,no,yes,163783.0,no,no,25-34,6-10,no,Good
15770474,685,France,Female,33,1,0.0,3,no,yes,70221.13,yes,yes,25-34,1-2,no,Good
15724444,567,France,Female,38,1,125877.65,2,yes,yes,107841.77,no,no,35-44,1-2,no,Poor
15753110,720,Spain,Male,64,3,45752.78,2,yes,no,79623.28,yes,no,55-64,3-5,no,Good
15711521,609,France,Male,39,3,121778.71,1,yes,yes,138399.67,no,no,35-44,3-5,no,Fair
15632816,521,Germany,Female,49,2,127948.57,1,yes,yes,182765.14,no,no,45-54,1-2,no,Poor
15693637,556,France,Female,30,7,0.0,2,yes,yes,186648.19,no,yes,25-34,6-10,no,Poor
15725509,662,Germany,Male,30,5,115286.68,2,yes,yes,149587.92,no,no,25-34,3-5,no,Fair
15684645,704,Germany,Male,41,9,62078.21,2,yes,no,129050.67,no,no,35-44,6-10,no,Good
15692235,750,France,Female,38,1,0.0,2,yes,no,47764.99,no,yes,35-44,1-2,no,Very Good
15777459,619,Spain,Female,32,4,175406.13,2,yes,yes,172792.43,yes,no,25-34,3-5,no,Fair
15656937,468,Spain,Male,26,1,131643.25,1,yes,no,64436.16,no,no,25-34,1-2,yes,Poor
15610643,435,Germany,Male,44,3,151739.65,1,yes,no,167461.5,no,no,35-44,3-5,yes,Poor
15777315,529,France,Male,43,6,93616.35,2,no,no,98348.66,no,no,35-44,6-10,no,Poor
15611058,702,Germany,Female,60,5,138597.54,2,yes,yes,41536.59,yes,no,55-64,3-5,no,Good
15630413,608,France,Female,41,5,0.0,2,yes,yes,72462.25,no,yes,35-44,3-5,no,Fair
15635942,576,France,Male,40,9,0.0,2,yes,no,112465.19,yes,yes,35-44,6-10,no,Poor
15648858,666,France,Female,27,1,85225.21,1,no,yes,64511.44,no,no,25-34,1-2,no,Fair
15810732,730,France,Female,36,8,148749.29,2,yes,no,91830.75,no,no,35-44,6-10,no,Good
15705448,647,Germany,Male,52,7,130013.12,1,yes,yes,190806.36,yes,no,45-54,6-10,no,Fair
15730488,516,Spain,Female,27,1,0.0,1,no,yes,112311.15,no,yes,25-34,1-2,no,Poor
15620443,711,France,Female,81,6,0.0,2,yes,yes,72276.24,no,yes,65+,6-10,no,Good
15741078,736,France,Male,54,7,111729.47,2,no,yes,84920.49,no,no,45-54,6-10,no,Good
15753161,768,France,Female,36,5,180169.44,2,yes,no,17348.56,no,no,35-44,3-5,no,Very Good
15711396,427,Spain,Male,40,8,0.0,2,yes,yes,82870.75,no,yes,35-44,6-10,no,Poor
15593499,686,Spain,Female,47,6,0.0,1,yes,no,32080.69,yes,yes,45-54,6-10,yes,Good
15579189,690,France,Female,42,5,0.0,2,no,yes,120512.08,no,yes,35-44,3-5,no,Good
15743545,647,Spain,Female,29,2,0.0,2,yes,no,179032.68,no,yes,25-34,1-2,no,Fair
15791316,714,France,Male,35,3,0.0,2,yes,yes,95623.28,no,yes,25-34,3-5,no,Good
15608246,736,Germany,Female,36,8,103914.17,1,yes,yes,110035.88,yes,no,35-44,6-10,no,Good
15676526,608,France,Female,34,4,88772.87,1,yes,yes,168822.01,no,no,25-34,3-5,no,Fair
15813911,809,France,Female,39,5,0.0,1,yes,no,77705.75,no,yes,35-44,3-5,yes,Excellent
15630195,745,France,Female,40,6,131184.67,1,yes,yes,49815.62,no,no,35-44,6-10,no,Very Good
15736250,781,France,Male,38,2,117810.79,1,no,yes,65632.33,yes,no,35-44,1-2,no,Very Good
15671334,527,France,Male,31,4,0.0,1,yes,no,169361.89,no,yes,25-34,3-5,yes,Poor
15574169,595,Germany,Female,32,0,92466.21,1,yes,no,4721.3,no,no,25-34,0,yes,Fair
15718839,850,Germany,Female,38,2,102741.15,2,no,yes,23974.85,no,no,35-44,1-2,no,Excellent
15762331,569,France,Male,37,9,178755.84,1,yes,no,199929.17,no,no,35-44,6-10,yes,Poor
15606901,728,France,Male,43,7,0.0,2,yes,no,40023.7,no,yes,35-44,6-10,no,Good
15713559,473,Germany,Female,32,5,146602.25,2,yes,yes,72946.95,no,no,25-34,3-5,no,Poor
15768881,738,France,Male,29,2,0.0,2,yes,yes,170421.13,no,yes,25-34,1-2,no,Good
15743075,659,France,Male,35,6,0.0,2,yes,yes,58879.11,no,yes,25-34,6-10,no,Fair
15660980,597,Spain,Male,38,6,115702.67,2,yes,yes,25059.05,no,no,35-44,6-10,no,Fair
15810942,445,Germany,Female,61,2,137655.31,1,no,yes,29909.84,no,no,55-64,1-2,no,Poor
15728362,671,France,Female,29,3,0.0,2,yes,no,158043.11,no,yes,25-34,3-5,no,Good
15683339,656,Spain,Female,34,6,59877.33,1,yes,no,14032.62,yes,no,25-34,6-10,yes,Fair
15685476,658,France,Male,31,5,100082.14,1,no,yes,49809.88,no,no,25-34,3-5,no,Fair
15663650,698,Germany,Male,52,10,107304.39,3,yes,no,28806.32,yes,no,45-54,6-10,no,Good
15617434,655,Spain,Male,38,9,0.0,1,no,yes,90490.33,no,yes,35-44,6-10,no,Fair
15622470,772,Spain,Male,41,10,96032.22,1,yes,yes,75825.57,no,no,35-44,6-10,no,Very Good
15703682,681,Spain,Male,33,10,0.0,1,no,no,158336.36,no,yes,25-34,6-10,yes,Good
15727391,688,Germany,Male,29,9,144553.5,2,yes,no,143454.95,no,no,25-34,6-10,no,Good
15711062,633,Germany,Male,40,5,86172.81,2,yes,yes,117279.49,no,no,35-44,3-5,no,Fair
15567339,735,France,Male,73,9,0.0,1,yes,yes,114283.33,no,yes,65+,6-10,no,Good
15760662,521,Germany,Female,29,2,87212.8,1,yes,yes,994.86,no,no,25-34,1-2,no,Poor
15605737,541,France,Male,36,5,0.0,2,yes,no,124795.84,no,yes,35-44,3-5,no,Poor
15692977,612,Germany,Female,36,2,130700.92,2,no,no,77592.8,no,no,35-44,1-2,no,Fair
15672082,562,France,Male,62,3,0.0,2,yes,no,105986.01,no,yes,55-64,3-5,no,Poor
15600280,703,France,Female,32,6,0.0,2,no,no,33606.52,no,yes,25-34,6-10,no,Good
15804052,710,Spain,Male,23,6,0.0,2,yes,yes,134188.11,no,yes,<25,6-10,no,Good
15576065,731,Spain,Female,40,5,171325.98,1,yes,yes,159718.27,yes,no,35-44,3-5,no,Good
15796838,703,Spain,Male,58,4,92930.92,1,no,yes,85148.78,no,no,55-64,3-5,no,Good
15693526,618,France,Female,40,0,0.0,1,yes,no,119059.13,no,yes,35-44,0,yes,Fair
15748595,689,France,Female,29,1,77556.79,2,yes,yes,122998.26,no,no,25-34,1-2,no,Good
15679029,718,France,Male,33,7,102874.28,1,no,no,117841.06,no,no,25-34,6-10,yes,Good
15753639,608,France,Male,37,5,146093.39,2,no,no,160593.41,no,no,35-44,3-5,no,Fair
15604138,749,Spain,Male,34,2,0.0,1,no,no,174189.04,yes,yes,25-34,1-2,yes,Very Good
15666095,753,Spain,Male,51,4,79811.72,2,no,yes,68260.27,yes,no,45-54,3-5,no,Very Good
15643487,630,Spain,Male,39,10,105473.74,1,no,no,58854.88,yes,no,35-44,6-10,yes,Fair
15764033,693,Germany,Female,43,1,121927.92,1,yes,no,87994.95,yes,no,35-44,1-2,yes,Good
15747288,838,Spain,Female,40,6,61671.19,1,no,yes,150659.35,yes,no,35-44,6-10,no,Excellent
15790599,756,Germany,Female,39,5,149363.12,2,yes,yes,109098.39,no,no,35-44,3-5,no,Very Good
15737705,775,France,Female,27,4,152309.37,1,yes,no,104112.0,no,no,25-34,3-5,yes,Very Good
15737194,635,France,Female,33,5,0.0,2,yes,no,122949.71,no,yes,25-34,3-5,no,Fair
15726776,705,Spain,Male,36,1,111629.29,1,yes,yes,21807.16,no,no,35-44,1-2,no,Good
15804357,481,France,Male,40,3,0.0,1,yes,yes,32319.93,no,yes,35-44,3-5,no,Poor
15664432,727,Spain,Female,49,7,96296.78,1,yes,no,190457.87,yes,no,45-54,6-10,yes,Good
15688984,595,France,Male,20,4,95830.43,1,yes,no,177738.98,no,no,<25,3-5,yes,Fair
15583026,535,France,Female,38,0,135919.33,1,yes,no,80425.65,no,no,35-44,0,yes,Poor
15771668,578,France,Male,59,10,185966.64,1,no,no,9445.42,yes,no,55-64,6-10,yes,Poor
15779904,597,France,Female,29,5,0.0,2,yes,yes,174825.57,no,yes,25-34,3-5,no,Fair
15784323,449,France,Female,21,7,0.0,2,no,no,175743.92,no,yes,<25,6-10,no,Poor
15756277,850,Germany,Female,43,8,92244.83,2,yes,no,54949.73,no,no,35-44,6-10,no,Excellent
15663312,494,France,Female,35,9,112727.06,2,yes,no,183752.91,no,no,25-34,6-10,no,Poor
15793197,676,France,Female,34,8,100359.54,1,no,no,46038.28,no,no,25-34,6-10,yes,Good
15731463,818,Germany,Male,43,10,105301.5,1,yes,yes,78941.59,no,no,35-44,6-10,no,Excellent
15621768,712,Spain,Male,45,6,112994.65,1,no,no,198398.68,no,no,35-44,6-10,yes,Good
15691323,672,Germany,Male,40,4,89025.88,2,yes,no,188892.19,no,no,35-44,3-5,no,Good
15781326,636,France,Male,35,9,95478.17,1,no,no,169286.74,no,no,25-34,6-10,yes,Fair
15595640,698,France,Male,37,8,0.0,2,no,no,145004.39,no,yes,35-44,6-10,no,Good
15814331,597,Germany,Female,43,7,119127.46,2,yes,no,55809.92,no,no,35-44,6-10,no,Fair
15602030,717,France,Male,28,4,128206.79,1,yes,yes,54272.12,no,no,25-34,3-5,no,Good
15747974,614,France,Male,49,1,0.0,2,yes,no,192440.54,no,yes,45-54,1-2,no,Fair
15611315,708,Germany,Female,23,4,71433.08,1,yes,no,103697.57,no,no,<25,3-5,yes,Good
15636977,507,Germany,Male,36,9,118214.32,3,yes,no,119110.03,yes,no,35-44,6-10,no,Poor
15690337,581,France,Female,27,5,102258.11,2,yes,no,194681.6,no,no,25-34,3-5,no,Fair
15680666,579,Spain,Female,39,2,151963.26,2,yes,no,158948.63,no,no,35-44,1-2,no,Poor
15679551,504,Spain,Female,46,2,163764.84,1,yes,yes,165122.55,yes,no,45-54,1-2,no,Poor
15778915,737,France,Female,32,7,128551.36,2,no,yes,189402.71,no,no,25-34,6-10,no,Good
15568849,540,Spain,Female,31,10,118158.74,1,yes,yes,158027.57,no,no,25-34,6-10,no,Poor
15747762,609,France,Male,32,7,118520.41,1,no,no,3815.48,no,no,25-34,6-10,yes,Fair
15753679,778,France,Male,24,4,0.0,2,yes,yes,162809.2,no,yes,<25,3-5,no,Very Good
15750049,621,France,Male,40,10,163823.37,1,no,no,89519.47,no,no,35-44,6-10,yes,Fair
15606097,665,Germany,Male,63,7,104469.58,1,yes,yes,25165.36,yes,no,55-64,6-10,no,Fair
15802368,608,France,Female,47,6,0.0,1,yes,yes,126012.57,no,yes,45-54,6-10,no,Fair
15767488,680,Spain,Male,36,7,0.0,2,yes,no,20109.21,no,yes,35-44,6-10,no,Good
15669946,663,Germany,Female,46,2,141726.88,1,yes,yes,58257.23,no,no,45-54,1-2,no,Fair
15612103,627,Germany,Female,35,2,137852.96,1,yes,yes,172269.21,yes,no,25-34,1-2,no,Fair
15645353,607,France,Male,26,1,0.0,1,yes,no,29818.2,no,yes,25-34,1-2,yes,Fair
15650018,681,France,Female,43,8,154100.3,1,no,no,114659.81,no,no,35-44,6-10,yes,Good
15659002,766,France,Female,45,6,0.0,2,no,no,147184.74,no,yes,35-44,6-10,no,Very Good
15616028,694,France,Male,30,2,0.0,3,no,yes,15039.41,no,yes,25-34,1-2,no,Good
15660475,411,France,Female,54,9,0.0,1,no,yes,76621.49,no,yes,45-54,6-10,no,Poor
15652615,742,France,Male,39,8,140004.96,1,yes,yes,92985.78,no,no,35-44,6-10,no,Very Good
15653572,673,Spain,Male,43,8,127132.96,1,no,yes,6009.27,yes,no,35-44,6-10,no,Good
15628059,529,France,Male,61,1,0.0,2,yes,yes,191370.97,no,yes,55-64,1-2,no,Poor
15703413,519,France,Female,38,7,125328.56,1,yes,no,188225.67,no,no,35-44,6-10,yes,Poor
15610433,573,France,Male,35,9,0.0,2,yes,no,11743.89,no,yes,25-34,6-10,no,Poor
15770548,453,Germany,Female,28,3,139986.65,1,yes,no,136846.75,no,no,25-34,3-5,yes,Poor
15645637,798,Germany,Female,39,6,119787.76,1,yes,yes,164248.33,no,no,35-44,6-10,no,Very Good
15590888,693,Spain,Female,34,10,107556.06,2,no,no,154631.35,no,no,25-34,6-10,no,Good
15568326,637,France,Female,44,2,0.0,2,yes,no,149665.65,no,yes,35-44,1-2,no,Fair
15655368,672,France,Male,47,1,0.0,1,no,no,91574.92,no,yes,45-54,1-2,yes,Good
15665579,597,France,Female,28,0,142705.95,1,yes,no,127233.39,no,no,25-34,0,yes,Fair
15676091,543,France,Male,42,7,0.0,1,yes,yes,56650.47,no,yes,35-44,6-10,no,Poor
15716984,695,Spain,Female,56,4,0.0,2,yes,no,84644.76,no,yes,55-64,3-5,no,Good
15715078,584,France,Male,35,6,161613.94,2,yes,yes,148238.16,no,no,25-34,6-10,no,Fair
15569452,652,Germany,Female,58,3,116353.2,2,no,yes,193502.9,no,no,55-64,3-5,no,Fair
15628863,601,France,Male,38,4,60013.81,1,yes,yes,38020.05,no,no,35-44,3-5,no,Fair
15778192,628,Spain,Male,28,4,0.0,2,yes,yes,176750.81,no,yes,25-34,3-5,no,Fair
15793723,607,Germany,Male,32,9,144272.07,2,yes,no,176580.63,no,no,25-34,6-10,no,Fair
15798943,646,France,Female,46,8,0.0,2,yes,no,133059.15,no,yes,45-54,6-10,no,Fair
15764708,572,France,Male,30,6,117696.67,1,yes,no,100843.82,no,no,25-34,6-10,yes,Poor
15791040,801,Spain,Male,58,1,79954.61,2,yes,yes,30484.19,no,no,55-64,1-2,no,Excellent
15631512,597,France,Female,26,8,149989.39,1,yes,no,42330.58,no,no,25-34,6-10,yes,Fair
15640106,613,France,Male,40,7,124339.9,1,no,no,193309.58,no,no,35-44,6-10,yes,Fair
15710315,529,Germany,Male,29,4,135759.4,1,no,no,112813.79,yes,no,25-34,3-5,yes,Poor
15771535,794,Spain,Female,37,9,0.0,2,yes,no,68008.85,no,yes,35-44,6-10,no,Very Good
15611947,557,France,Male,34,3,83074.0,1,yes,no,132673.22,no,no,25-34,3-5,yes,Poor
15670266,499,France,Female,28,4,141792.61,1,yes,yes,22001.91,no,no,25-34,3-5,no,Poor
15609083,544,France,Female,26,6,0.0,1,yes,no,100200.4,yes,yes,25-34,6-10,yes,Poor
15567923,739,France,Female,30,6,0.0,1,no,no,122604.44,no,yes,25-34,6-10,yes,Good
15788183,458,Germany,Female,43,1,106870.12,2,yes,no,100564.37,no,no,35-44,1-2,no,Poor
15735782,528,France,Male,31,9,120962.59,1,yes,no,5419.31,no,no,25-34,6-10,yes,Poor
15774401,773,Spain,Male,51,4,0.0,2,no,no,123587.83,yes,yes,45-54,3-5,no,Very Good
15737971,646,France,Female,30,5,0.0,2,yes,no,13935.32,no,yes,25-34,3-5,no,Fair
15758750,564,France,Male,31,0,110527.17,1,yes,yes,87060.77,no,no,25-34,0,no,Poor
15611767,624,Germany,Female,52,0,133723.43,1,no,no,4859.59,yes,no,45-54,0,yes,Fair
15643770,682,France,Female,52,5,112670.48,1,yes,no,21085.17,yes,no,45-54,3-5,yes,Good
15744717,726,France,Female,44,2,0.0,2,yes,yes,26733.86,no,yes,35-44,1-2,no,Good
15570681,560,France,Male,24,1,116084.32,1,yes,no,89734.7,no,no,<25,1-2,yes,Poor
15792650,382,Spain,Male,36,0,0.0,1,yes,yes,179540.73,yes,yes,35-44,0,no,Poor
15605531,457,Spain,Female,38,6,0.0,2,yes,no,173219.09,no,yes,35-44,6-10,no,Poor
15605339,673,France,Female,37,10,0.0,2,yes,yes,37411.35,no,yes,35-44,6-10,no,Good
15672216,584,France,Female,40,4,82441.75,1,no,no,80852.11,no,no,35-44,3-5,yes,Fair
15812893,629,France,Female,39,10,0.0,2,yes,yes,43174.49,yes,yes,35-44,6-10,no,Fair
15624180,584,Germany,Female,37,10,134171.8,4,yes,yes,70927.11,yes,no,35-44,6-10,no,Fair
15701364,724,France,Male,30,10,0.0,2,yes,yes,54265.55,no,yes,25-34,6-10,no,Good
15762588,644,France,Male,31,5,0.0,2,yes,yes,41872.17,no,yes,25-34,3-5,no,Fair
15806318,676,Germany,Female,48,2,124442.38,1,yes,no,15068.53,yes,no,45-54,1-2,yes,Good
15712596,499,France,Male,31,4,0.0,1,yes,no,25950.49,no,yes,25-34,3-5,yes,Poor
15600399,598,France,Male,60,4,0.0,1,yes,no,197727.14,yes,yes,55-64,3-5,yes,Fair
15576216,655,Germany,Female,37,4,108862.76,1,yes,no,79555.08,yes,no,35-44,3-5,yes,Fair
15620750,559,France,Male,28,3,141099.43,1,yes,yes,15607.27,no,no,25-34,3-5,no,Poor
15623489,543,France,Female,67,0,128843.67,1,yes,yes,134612.48,no,no,65+,0,no,Poor
15667944,679,France,Male,39,0,86843.61,1,no,yes,159830.58,no,no,35-44,0,no,Good
15584928,594,Germany,Female,32,4,120074.97,2,yes,yes,162961.79,no,no,25-34,3-5,no,Fair
15779913,586,France,Male,27,5,130231.8,2,yes,yes,192427.16,no,no,25-34,3-5,no,Fair
15644977,776,France,Female,31,5,0.0,2,yes,no,92647.94,no,yes,25-34,3-5,no,Very Good
15749679,699,France,Male,39,2,109724.38,1,yes,yes,180022.39,no,no,35-44,1-2,no,Good
15629010,847,Germany,Female,35,5,111743.43,1,yes,yes,183584.14,no,no,25-34,3-5,no,Excellent
15768465,582,Germany,Male,35,8,121309.17,2,yes,yes,28750.67,no,no,25-34,6-10,no,Fair
15767781,648,France,Male,38,10,82697.28,1,yes,no,74846.67,no,no,35-44,6-10,yes,Fair
15635364,618,France,Female,49,9,44301.43,3,yes,yes,89729.3,yes,no,45-54,6-10,no,Fair
15722004,543,France,Female,31,4,138317.94,1,no,no,61843.73,no,no,25-34,3-5,yes,Poor
15766044,642,Germany,Male,49,4,120688.61,1,yes,no,24770.22,yes,no,45-54,3-5,yes,Fair
15586680,462,France,Male,27,4,176913.52,1,yes,no,80587.27,no,no,25-34,3-5,yes,Poor
15635388,640,Spain,Male,47,6,89047.14,1,yes,no,116286.25,no,no,45-54,6-10,yes,Fair
15655175,740,Germany,Male,40,4,114318.78,2,yes,no,129333.69,yes,no,35-44,3-5,no,Good
15639133,773,France,Female,50,4,0.0,2,yes,no,129372.94,no,yes,45-54,3-5,no,Very Good
15799653,583,Germany,Female,32,7,94753.55,2,yes,yes,18149.03,no,no,25-34,6-10,no,Fair
15723872,589,Spain,Female,46,10,0.0,2,no,yes,168369.37,no,yes,45-54,6-10,no,Fair
15775627,509,France,Male,35,8,0.0,2,no,yes,67431.28,no,yes,25-34,6-10,no,Poor
15630704,612,Germany,Male,32,9,106520.73,2,yes,no,177092.16,no,no,25-34,6-10,no,Fair
15815534,505,Spain,Male,37,0,134006.39,1,yes,yes,93736.69,no,no,35-44,0,no,Poor
15697249,546,Germany,Female,25,3,132837.7,1,yes,no,131647.31,no,no,<25,3-5,yes,Poor
15681316,681,France,Female,41,0,120549.29,2,yes,no,175722.31,no,no,35-44,0,no,Good
15682523,762,France,Male,20,1,139432.55,1,yes,yes,85606.83,no,no,<25,1-2,no,Very Good
15650244,786,Spain,Male,29,7,80895.44,2,yes,no,64945.57,no,no,25-34,6-10,no,Very Good
15648638,629,Spain,Male,34,6,0.0,2,yes,no,190347.72,no,yes,25-34,6-10,no,Fair
15795747,787,Spain,Female,39,7,171646.76,1,no,yes,100791.36,no,no,35-44,6-10,no,Very Good
15607330,713,Spain,Male,42,0,109121.71,1,no,yes,167873.49,no,no,35-44,0,no,Good
15624013,541,France,Female,39,6,109844.81,1,yes,no,25289.23,no,no,35-44,6-10,yes,Poor
15800805,451,France,Female,31,7,140931.82,1,no,yes,20388.77,no,no,25-34,6-10,no,Poor
15667321,644,Spain,Male,49,10,0.0,2,yes,yes,145089.64,no,yes,45-54,6-10,no,Fair
15601116,686,France,Male,32,6,0.0,2,yes,yes,179093.26,no,yes,25-34,6-10,no,Good
15622033,847,Germany,Female,41,3,101543.51,4,yes,no,16025.17,yes,no,35-44,3-5,no,Excellent
15758451,765,Germany,Male,37,7,102708.77,1,yes,no,9087.81,no,no,35-44,6-10,yes,Very Good
15688689,678,Germany,Female,37,8,149000.91,2,yes,yes,21472.42,no,no,35-44,6-10,no,Good
15652674,539,France,Male,20,0,83459.86,1,yes,yes,146752.67,no,no,<25,0,no,Poor
15806327,800,France,Female,40,3,75893.11,2,yes,no,132562.23,no,no,35-44,3-5,no,Very Good
15649618,799,Germany,Female,39,7,167395.6,2,no,yes,139537.43,no,no,35-44,6-10,no,Very Good
15677117,629,France,Female,61,6,0.0,2,yes,yes,133672.61,no,yes,55-64,6-10,no,Fair
15751445,734,Germany,Female,52,6,71283.09,2,no,yes,38984.37,no,no,45-54,6-10,no,Good
15749669,542,France,Female,31,3,0.0,2,yes,yes,115217.59,no,yes,25-34,3-5,no,Poor
15656351,414,Spain,Male,60,3,0.0,2,yes,yes,93844.82,no,yes,55-64,3-5,no,Poor
15667438,675,France,Female,38,1,104016.88,1,no,no,22068.83,yes,no,35-44,1-2,yes,Good
15682273,683,France,Female,38,5,127616.56,1,yes,no,123846.07,no,no,35-44,3-5,yes,Good
15580912,748,France,Male,32,5,154737.88,2,yes,yes,172638.13,no,no,25-34,3-5,no,Very Good
15785183,596,Spain,Male,29,2,0.0,2,yes,yes,1591.19,no,yes,25-34,1-2,no,Fair
15705383,642,France,Male,35,4,125476.31,1,yes,yes,91775.51,no,no,25-34,3-5,no,Fair
15712903,499,France,Female,21,3,176511.08,1,yes,yes,153920.22,no,no,<25,3-5,no,Poor
15774285,649,Spain,Female,47,8,110783.28,1,yes,yes,71420.16,no,no,45-54,6-10,no,Fair
15583138,739,France,Male,42,2,141642.92,2,yes,no,172149.76,no,no,35-44,1-2,no,Good
15740160,616,France,Male,31,1,0.0,2,yes,yes,54706.75,no,yes,25-34,1-2,no,Fair
15793425,560,Spain,Female,33,9,0.0,1,no,yes,183358.21,no,yes,25-34,6-10,no,Poor
15749265,427,Germany,Male,42,1,75681.52,1,yes,yes,57098.0,no,no,35-44,1-2,no,Poor
15623989,435,France,Male,54,3,0.0,1,yes,no,156910.46,yes,yes,45-54,3-5,yes,Poor
15604832,633,France,Male,29,7,0.0,1,yes,yes,130224.73,no,yes,25-34,6-10,no,Fair
15584580,443,France,Male,35,6,161111.45,1,no,no,13946.66,no,no,25-34,6-10,yes,Poor
15573854,727,France,Male,62,5,0.0,2,no,yes,38652.96,no,yes,55-64,3-5,no,Good
15614847,674,France,Female,45,6,72494.69,1,no,yes,140041.78,no,no,35-44,6-10,no,Good
15679966,661,France,Female,31,3,133964.3,1,yes,yes,166187.1,no,no,25-34,3-5,no,Fair
15799435,619,Spain,Male,34,1,0.0,1,yes,no,139919.38,no,yes,25-34,1-2,yes,Fair
15752186,562,France,Female,27,3,0.0,2,yes,no,28137.03,no,yes,25-34,3-5,no,Poor
15705544,633,France,Male,61,3,157201.48,1,no,yes,50368.63,no,no,55-64,3-5,no,Fair
15713632,551,Spain,Female,48,5,95679.29,1,no,no,94978.1,no,no,45-54,3-5,yes,Poor
15586523,720,Germany,Female,29,7,106230.92,1,yes,yes,69903.93,yes,no,25-34,6-10,no,Good
15609176,688,France,Female,32,5,0.0,2,no,yes,177607.77,no,yes,25-34,3-5,no,Good
15769308,635,Germany,Female,36,9,81231.85,2,yes,no,196731.08,no,no,35-44,6-10,no,Fair
15676810,561,France,Female,31,1,81480.27,2,yes,yes,65234.6,no,no,25-34,1-2,no,Poor
15634591,850,France,Male,33,8,73059.38,1,yes,yes,186281.0,no,no,25-34,6-10,no,Excellent
15679804,636,France,Male,36,5,117559.05,2,yes,yes,111573.3,no,no,35-44,3-5,no,Fair
15677764,461,Germany,Female,74,1,186445.31,2,yes,yes,196767.83,no,no,65+,1-2,no,Poor
15571917,771,Germany,Female,38,5,137657.71,2,yes,no,72985.61,no,no,35-44,3-5,no,Very Good
15574608,713,France,Male,36,8,133889.35,1,yes,yes,143265.65,no,no,35-44,6-10,no,Good
15740868,658,Germany,Female,45,9,134562.8,1,yes,yes,159268.67,no,no,35-44,6-10,no,Fair
15702442,586,Germany,Female,56,9,100781.75,2,yes,yes,54448.41,no,no,55-64,6-10,no,Fair
15699797,737,France,Male,30,8,174356.13,1,no,no,31928.5,no,no,25-34,6-10,yes,Good
15648047,742,Germany,Male,27,5,190125.43,2,no,no,21793.59,no,no,25-34,3-5,no,Very Good
15766826,824,France,Male,26,7,146266.0,1,yes,no,21903.62,yes,no,25-34,6-10,yes,Excellent
15591628,701,Germany,Male,41,9,164046.1,1,yes,no,49405.93,no,no,35-44,6-10,yes,Good
15583857,623,Spain,Female,43,4,123536.52,2,no,no,154908.52,no,no,35-44,3-5,no,Fair
15752534,744,France,Male,36,10,0.0,2,yes,yes,182867.84,no,yes,35-44,6-10,no,Very Good
15741403,698,Spain,Female,38,1,171848.38,1,no,no,16957.45,no,no,35-44,1-2,yes,Good
15783589,616,France,Male,40,9,0.0,2,no,no,93717.55,no,yes,35-44,6-10,no,Fair
15598046,662,France,Female,39,5,139562.05,2,yes,no,61636.22,no,no,35-44,3-5,no,Fair
15643330,594,France,Male,37,2,0.0,2,no,yes,95864.5,no,yes,35-44,1-2,no,Fair
15680405,685,France,Male,40,2,168001.34,2,yes,yes,167400.29,no,no,35-44,1-2,no,Good
15728683,742,France,Male,27,0,0.0,2,no,yes,131534.96,no,yes,25-34,0,no,Very Good
15621644,678,Germany,Male,83,6,123356.63,1,no,yes,92934.41,no,no,65+,6-10,no,Good
15733032,651,Spain,Male,47,2,0.0,2,yes,yes,119808.64,no,yes,45-54,1-2,no,Fair
15608381,585,Germany,Male,50,2,125845.66,1,yes,no,9439.31,yes,no,45-54,1-2,yes,Fair
15658946,579,Germany,Male,40,10,45408.85,2,yes,no,18732.91,no,no,35-44,6-10,no,Poor
15757912,722,Germany,Female,37,0,125977.81,1,no,no,160162.42,no,no,35-44,0,yes,Good
15645371,613,Germany,Female,51,7,147262.11,1,yes,yes,53630.9,yes,no,45-54,6-10,no,Fair
15653110,694,France,Male,42,8,133767.19,1,yes,no,36405.21,no,no,35-44,6-10,yes,Good
15766355,550,Germany,Male,49,0,108806.96,3,yes,no,61446.92,yes,no,45-54,0,no,Poor
15585249,741,France,Male,42,6,106036.52,1,yes,no,194686.78,yes,no,35-44,6-10,yes,Very Good
15611786,668,Spain,Female,69,9,0.0,1,no,yes,134483.07,no,yes,65+,6-10,no,Fair
15575486,529,France,Female,27,1,0.0,2,yes,yes,37769.98,no,yes,25-34,1-2,no,Poor
15780215,636,France,Male,31,6,0.0,2,yes,yes,2382.61,no,yes,25-34,6-10,no,Fair
15686099,563,Spain,Male,61,1,82182.1,1,yes,no,106826.92,yes,no,55-64,1-2,yes,Poor
15739042,767,France,Female,35,9,0.0,2,yes,no,39511.61,no,yes,25-34,6-10,no,Very Good
15815316,644,France,Male,50,9,76817.0,4,yes,no,196371.13,yes,no,45-54,6-10,no,Fair
15778489,780,Germany,Male,71,9,142550.25,2,yes,yes,122506.78,no,no,65+,6-10,no,Very Good
15786389,635,Spain,Female,41,10,0.0,2,yes,yes,61994.2,no,yes,35-44,6-10,no,Fair
15601787,641,Germany,Male,35,2,103711.56,1,no,yes,192464.21,yes,no,25-34,1-2,no,Fair
15624715,593,Spain,Female,40,2,0.0,1,yes,yes,5194.95,no,yes,35-44,1-2,no,Fair
15763093,540,Germany,Female,35,7,128369.75,2,yes,no,198256.15,no,no,25-34,6-10,no,Poor
15572073,663,Spain,Male,35,5,0.0,2,yes,yes,62634.94,no,yes,25-34,3-5,no,Fair
15780256,630,France,Male,34,9,0.0,2,yes,yes,114006.35,no,yes,25-34,6-10,no,Fair
15659305,605,Germany,Male,19,8,166133.28,1,yes,yes,107994.99,no,no,<25,6-10,no,Fair
15638882,710,Germany,Female,62,9,148214.36,1,yes,no,48571.14,yes,no,55-64,6-10,yes,Good
15714680,755,France,Female,78,5,121206.96,1,yes,yes,76016.49,no,no,65+,3-5,no,Very Good
15777217,641,Spain,Male,25,10,0.0,2,yes,yes,180808.39,no,yes,<25,6-10,no,Fair
15739123,737,Germany,Male,50,4,127552.85,2,yes,no,4225.11,no,no,45-54,3-5,no,Good
15594450,695,France,Male,49,9,159458.53,1,yes,no,135841.35,no,no,45-54,6-10,yes,Good
15797751,466,Germany,Female,47,5,102085.72,1,yes,yes,183536.24,yes,no,45-54,3-5,no,Poor
15691543,558,Germany,Male,58,2,142537.18,1,yes,yes,88791.83,no,no,55-64,1-2,no,Poor
15722845,665,Spain,Male,29,1,182781.74,2,yes,yes,63732.9,no,no,25-34,1-2,no,Fair
15605804,737,France,Male,45,10,0.0,2,yes,no,1364.54,no,yes,35-44,6-10,no,Good
15702061,654,France,Male,29,7,0.0,2,yes,yes,149184.15,no,yes,25-34,6-10,no,Fair
15694321,619,France,Female,28,3,0.0,2,yes,no,53394.12,no,yes,25-34,3-5,no,Fair
15798749,845,Germany,Female,43,3,152063.59,2,yes,no,97910.06,no,no,35-44,3-5,no,Excellent
15720050,727,France,Female,28,2,110997.76,1,yes,no,101433.76,no,no,25-34,1-2,yes,Good
15758048,582,France,Male,50,2,148942.0,1,yes,yes,116944.3,no,no,45-54,1-2,no,Fair
15805681,716,France,Male,41,9,0.0,1,yes,yes,113267.48,no,yes,35-44,6-10,no,Good
15802809,660,Spain,Female,36,0,84438.57,1,yes,yes,181449.51,no,no,35-44,0,no,Fair
15807239,664,France,Female,34,7,93920.47,1,no,no,179913.98,no,no,25-34,6-10,yes,Fair
15749093,801,France,Male,43,4,158713.08,2,no,no,98586.14,no,no,35-44,3-5,no,Excellent
15689344,615,Spain,Male,42,4,0.0,3,no,yes,120321.09,no,yes,35-44,3-5,no,Fair
15606076,718,Germany,Male,63,7,123204.88,1,yes,yes,100538.8,no,no,55-64,6-10,no,Good
15610090,667,France,Male,40,8,72945.29,2,yes,no,98931.5,no,no,35-44,6-10,no,Fair
15693926,670,Spain,Male,37,0,178742.71,1,yes,yes,194493.57,no,no,35-44,0,no,Fair
15791501,590,France,Male,43,8,0.0,2,yes,yes,143628.31,no,yes,35-44,6-10,no,Fair
15621870,739,Spain,Female,40,8,0.0,1,yes,no,167030.51,no,yes,35-44,6-10,yes,Good
15734711,373,France,Male,42,7,0.0,1,yes,no,77786.37,yes,yes,35-44,6-10,yes,Poor
15814405,418,France,Female,46,9,0.0,1,yes,yes,81014.5,yes,yes,45-54,6-10,no,Poor
15729359,837,France,Female,29,9,0.0,2,yes,yes,41866.26,no,yes,25-34,6-10,no,Excellent
15606944,645,Germany,Male,43,9,140121.17,1,yes,no,11302.7,yes,no,35-44,6-10,yes,Fair
15671934,552,Germany,Male,39,2,132906.88,1,no,yes,149384.43,no,no,35-44,1-2,no,Poor
15641773,580,Germany,Male,45,2,179334.83,2,yes,yes,169303.65,no,no,35-44,1-2,no,Poor
15701972,684,France,Male,35,3,137179.39,1,yes,yes,37264.11,no,no,25-34,3-5,no,Good
15749114,634,Spain,Male,35,3,0.0,2,yes,yes,19515.48,no,yes,25-34,3-5,no,Fair
15780362,607,France,Female,49,9,119960.29,2,yes,no,103068.22,no,no,45-54,6-10,no,Fair
15753229,802,France,Male,29,9,127414.55,1,yes,yes,134459.12,no,no,25-34,6-10,no,Excellent
15656009,736,France,Female,36,6,0.0,1,yes,no,70496.66,no,yes,35-44,6-10,yes,Good
15785024,629,France,Female,40,9,137409.19,1,yes,no,175877.7,yes,no,35-44,6-10,yes,Fair
15670492,737,France,Male,28,8,0.0,2,yes,no,106390.01,no,yes,25-34,6-10,no,Good
15795458,718,Spain,Female,39,2,0.0,1,yes,yes,52138.49,no,yes,35-44,1-2,no,Good
15732438,561,France,Male,43,4,0.0,4,no,no,18522.91,yes,yes,35-44,3-5,no,Poor
15781987,641,France,Male,31,9,112494.99,1,yes,yes,32231.6,no,no,25-34,6-10,no,Fair
15775826,677,France,Male,30,1,78133.15,1,no,yes,174225.88,no,no,25-34,1-2,no,Good
15807457,641,Spain,Female,36,1,0.0,2,yes,no,102021.39,no,yes,35-44,1-2,no,Fair
15632538,658,Spain,Female,32,5,145553.07,1,yes,yes,31484.76,no,no,25-34,3-5,no,Fair
15641389,659,Germany,Male,48,4,123593.22,2,yes,no,82469.06,yes,no,45-54,3-5,no,Fair
15657306,567,France,Female,47,2,0.0,1,no,no,110900.43,yes,yes,45-54,1-2,yes,Poor
15709447,584,France,Female,26,0,146286.22,1,yes,no,105105.35,no,no,25-34,0,yes,Fair
15762682,709,Spain,Female,35,1,111827.27,2,yes,no,12674.68,no,no,25-34,1-2,no,Good
15626042,690,Spain,Female,26,2,0.0,2,yes,yes,93255.85,no,yes,25-34,1-2,no,Good
15597109,627,France,Male,70,1,94416.78,1,no,yes,145299.5,no,no,65+,1-2,no,Fair
15756148,765,Spain,Male,45,2,91549.78,1,yes,yes,47139.44,no,no,35-44,1-2,no,Very Good
15665634,645,France,Female,38,7,59568.57,1,yes,yes,167723.25,no,no,35-44,6-10,no,Fair
15739997,716,France,Female,23,2,94464.81,2,no,yes,185900.88,no,no,<25,1-2,no,Good
15686242,771,France,Female,57,4,0.0,1,no,no,85876.67,yes,yes,55-64,3-5,yes,Very Good
15759244,687,Germany,Male,44,8,95368.14,2,yes,yes,1787.85,no,no,35-44,6-10,no,Good
15672027,717,Germany,Female,33,10,102185.42,2,yes,no,23231.93,no,no,25-34,6-10,no,Good
15594576,524,France,Male,32,1,144875.71,1,no,no,187740.04,no,no,25-34,1-2,yes,Poor
15707138,679,Spain,Male,39,5,0.0,2,yes,yes,100060.54,no,yes,35-44,3-5,no,Good
15756954,538,France,Female,32,2,0.0,1,yes,yes,80130.54,no,yes,25-34,1-2,no,Poor
15619130,752,Germany,Female,37,5,113291.05,2,yes,yes,132467.54,no,no,35-44,3-5,no,Very Good
15639665,846,Spain,Male,61,0,0.0,2,yes,yes,96202.44,no,yes,55-64,0,no,Excellent
15571065,532,Spain,Female,39,0,0.0,2,yes,no,94977.3,no,yes,35-44,0,no,Poor
15686060,670,Germany,Male,43,9,111677.88,1,yes,no,178827.3,yes,no,35-44,6-10,yes,Fair
15615753,597,Germany,Female,35,8,131101.04,1,yes,yes,192852.67,no,no,25-34,6-10,no,Fair
15800961,627,Germany,Male,52,1,76101.81,2,no,yes,177238.35,no,no,45-54,1-2,no,Fair
15763065,700,Spain,Female,40,2,0.0,2,yes,no,199753.97,no,yes,35-44,1-2,no,Good
15672467,766,France,Female,52,7,92510.9,2,no,yes,66193.61,no,no,45-54,6-10,no,Very Good
15752915,488,France,Female,34,2,0.0,2,yes,yes,181270.84,no,yes,25-34,1-2,no,Poor
15744695,694,France,Male,39,5,77652.4,1,yes,yes,25407.59,no,no,35-44,3-5,no,Good
15584897,639,France,Female,31,3,98360.03,1,no,no,20973.8,no,no,25-34,3-5,yes,Fair
15601857,705,Germany,Female,46,4,115518.07,1,no,no,76544.9,yes,no,45-54,3-5,yes,Good
15674156,810,Germany,Male,69,3,27288.43,1,yes,yes,110509.9,no,no,65+,3-5,no,Excellent
15695465,638,France,Female,36,6,0.0,1,yes,no,164247.51,no,yes,35-44,6-10,yes,Fair
15792232,595,Spain,Female,43,5,0.0,2,no,no,105149.8,no,yes,35-44,3-5,no,Fair
15807900,575,France,Male,36,7,0.0,1,yes,yes,55868.97,yes,yes,35-44,6-10,no,Poor
15743760,850,France,Male,31,6,131996.66,2,yes,yes,178747.43,no,no,25-34,6-10,no,Excellent
15652835,419,Spain,Female,27,2,121580.42,1,no,yes,134720.51,no,no,25-34,1-2,no,Poor
15767818,640,France,Male,55,10,132436.34,1,yes,no,978.66,no,no,45-54,6-10,yes,Fair
15591150,570,Spain,Male,34,10,0.0,2,no,yes,183387.12,no,yes,25-34,6-10,no,Poor
15734659,640,Germany,Female,46,5,107978.4,2,yes,no,155876.06,no,no,45-54,3-5,no,Fair
15796115,689,Germany,Female,40,4,78119.59,4,yes,no,119259.34,yes,no,35-44,3-5,no,Good
15724648,725,France,Male,26,6,98684.15,1,no,no,133720.57,no,no,25-34,6-10,yes,Good
15737732,751,France,Female,44,10,0.0,2,yes,no,170634.49,no,yes,35-44,6-10,no,Very Good
15632280,544,Spain,Female,53,9,0.0,1,yes,no,125692.07,yes,yes,45-54,6-10,yes,Poor
15750407,768,Germany,Female,43,2,129264.05,2,no,no,19150.14,no,no,35-44,1-2,no,Very Good
15795370,648,Germany,Male,37,6,131753.41,1,yes,no,86894.67,no,no,35-44,6-10,yes,Fair
15656829,577,Spain,Female,33,6,0.0,2,yes,no,57975.8,no,yes,25-34,6-10,no,Poor
15643794,639,Spain,Female,27,2,0.0,1,yes,yes,82938.99,no,yes,25-34,1-2,no,Fair
15798605,686,Germany,Male,26,1,57422.62,1,yes,yes,79189.4,no,no,25-34,1-2,no,Good
15637324,657,France,Female,28,7,0.0,2,no,yes,5177.62,no,yes,25-34,6-10,no,Fair
15589589,613,France,Male,34,5,144094.2,1,yes,no,44510.26,no,no,25-34,3-5,yes,Fair
15778936,701,France,Male,33,9,147510.34,1,yes,no,190611.92,no,no,25-34,6-10,yes,Good
15757385,578,Spain,Female,28,8,161592.76,1,yes,no,177834.79,no,no,25-34,6-10,yes,Poor
15666200,689,France,Female,40,1,0.0,2,yes,yes,119446.64,no,yes,35-44,1-2,no,Good
15683977,687,Spain,Female,72,4,0.0,2,yes,yes,50267.69,no,yes,65+,3-5,no,Good
15675518,499,Spain,Female,53,1,75225.53,2,no,no,144849.1,yes,no,45-54,1-2,no,Poor
15584812,693,Spain,Female,39,0,0.0,2,no,no,81901.6,no,yes,35-44,0,no,Good
15752984,737,France,Female,70,9,87542.89,2,yes,yes,42576.86,no,no,65+,6-10,no,Good
15577913,651,France,Female,32,8,144581.96,1,yes,yes,87609.5,no,no,25-34,6-10,no,Fair
15591980,753,France,Male,33,5,122568.05,2,yes,yes,82820.85,no,no,25-34,3-5,no,Very Good
15598948,523,Spain,Female,24,5,172231.93,1,no,yes,155144.12,no,no,<25,3-5,no,Poor
15574142,458,Germany,Female,28,2,171932.26,2,yes,yes,9578.24,no,no,25-34,1-2,no,Poor
15582903,643,France,Male,39,7,0.0,2,yes,yes,170392.59,no,yes,35-44,6-10,no,Fair
15733229,638,Spain,Female,34,7,0.0,2,no,no,3946.29,no,yes,25-34,6-10,no,Fair
15635752,685,Germany,Male,38,4,111798.06,2,yes,yes,102184.66,no,no,35-44,3-5,no,Good
15771000,684,France,Male,38,4,0.0,3,yes,no,75609.84,no,yes,35-44,3-5,no,Good
15804864,670,France,Female,27,5,79336.61,1,yes,yes,26170.08,no,no,25-34,3-5,no,Fair
15641175,701,Germany,Male,63,3,120916.52,3,no,no,144727.45,yes,no,55-64,3-5,no,Good
15692226,705,France,Female,31,3,142905.51,1,yes,yes,58134.97,no,no,25-34,3-5,no,Good
15584156,593,Spain,Male,27,10,0.0,3,no,no,94620.0,yes,yes,25-34,6-10,no,Fair
15702656,651,France,Female,33,1,96834.78,1,yes,no,108764.69,no,no,25-34,1-2,yes,Fair
15606552,741,France,Male,37,9,105261.76,2,yes,yes,149503.54,no,no,35-44,6-10,no,Very Good
15687001,596,Germany,Male,54,1,123544.0,1,yes,yes,120314.75,yes,no,45-54,1-2,no,Fair
15781903,581,Germany,Male,41,2,127913.71,2,yes,yes,44205.95,no,no,35-44,1-2,no,Fair
15731951,689,Spain,Female,28,5,95328.6,1,yes,no,6129.61,yes,no,25-34,3-5,yes,Good
15580953,544,France,Male,30,4,73218.89,1,no,yes,126796.69,no,no,25-34,3-5,no,Poor
15810390,718,France,Female,41,1,0.0,2,no,yes,27509.52,yes,yes,35-44,1-2,no,Good
15628274,583,Germany,Male,35,8,149995.72,2,yes,no,42143.55,no,no,25-34,6-10,no,Fair
15615444,663,Germany,Male,28,8,123674.28,2,yes,yes,87985.2,no,no,25-34,6-10,no,Fair
15784010,666,Germany,Male,33,2,124125.26,1,yes,no,81884.8,no,no,25-34,1-2,yes,Fair
15571586,524,Spain,Male,29,3,159035.45,1,yes,no,2705.31,yes,no,25-34,3-5,yes,Poor
15748616,599,France,Male,27,5,0.0,2,yes,no,30546.4,no,yes,25-34,3-5,no,Fair
15769402,667,France,Male,27,7,156811.74,1,yes,yes,149402.59,no,no,25-34,6-10,no,Fair
15739248,727,France,Male,52,4,0.0,2,yes,yes,118429.02,no,yes,45-54,3-5,no,Good
15603481,689,Spain,Female,55,4,0.0,2,yes,yes,58442.25,no,yes,45-54,3-5,no,Good
15723604,639,France,Male,39,6,150555.83,1,yes,no,30414.17,no,no,35-44,6-10,yes,Fair
15797822,678,France,Male,28,2,109137.12,1,yes,yes,58814.41,no,no,25-34,1-2,no,Good
15665064,523,France,Male,36,8,158351.02,2,yes,no,155304.53,no,no,35-44,6-10,no,Poor
15640580,650,France,Female,47,9,0.0,1,yes,no,187943.6,no,yes,45-54,6-10,yes,Fair
15581089,744,Spain,Male,35,7,0.0,2,yes,yes,43036.6,no,yes,25-34,6-10,no,Very Good
15728605,697,France,Male,40,4,0.0,2,no,yes,26543.28,no,yes,35-44,3-5,no,Good
15737385,800,Spain,Female,46,6,0.0,2,yes,no,171928.04,no,yes,45-54,6-10,no,Very Good
15714789,664,France,Male,24,7,0.0,1,no,yes,35611.35,no,yes,<25,6-10,no,Fair
15786035,740,France,Male,39,9,0.0,2,yes,no,19047.23,no,yes,35-44,6-10,no,Good
15815259,835,France,Female,56,2,0.0,2,yes,yes,39820.13,no,yes,55-64,1-2,no,Excellent
15592716,559,France,Male,52,2,0.0,1,yes,no,129013.59,yes,yes,45-54,1-2,yes,Poor
15734850,676,Spain,Male,36,1,82729.49,1,yes,no,113810.12,no,no,35-44,1-2,yes,Good
15638047,613,Germany,Female,45,9,142765.24,2,yes,no,34749.65,no,no,35-44,6-10,no,Fair
15674573,713,France,Female,25,4,121172.97,1,yes,yes,56268.98,no,no,<25,3-5,no,Good
15694859,751,Germany,Female,28,10,132932.14,2,yes,yes,46630.47,no,no,25-34,6-10,no,Very Good
15776404,523,France,Male,22,8,123374.46,1,yes,yes,124906.59,no,no,<25,6-10,no,Poor
15579345,775,Germany,Female,74,0,161371.5,1,yes,yes,134869.93,no,no,65+,0,no,Very Good
15690733,608,Spain,Male,45,4,0.0,2,no,no,36697.48,yes,yes,35-44,3-5,no,Fair
15631481,673,France,Male,51,8,79563.36,2,yes,yes,172200.91,no,no,45-54,6-10,no,Good
15620988,616,France,Male,46,2,0.0,2,yes,no,137136.46,no,yes,45-54,1-2,no,Fair
15571529,650,Germany,Female,48,7,138232.24,1,yes,no,57594.78,no,no,45-54,6-10,yes,Fair
15592104,655,France,Female,41,5,0.0,1,no,no,36548.0,yes,yes,35-44,3-5,yes,Fair
15651900,782,Germany,Female,53,1,81571.05,1,yes,no,182960.46,yes,no,45-54,1-2,yes,Very Good
15596212,781,Spain,Male,35,1,0.0,2,no,no,42117.9,no,yes,25-34,1-2,no,Very Good
15710687,593,France,Female,33,0,95927.04,1,yes,no,199478.05,no,no,25-34,0,yes,Fair
15613787,505,Spain,Male,35,8,116932.59,1,yes,no,91092.84,no,no,25-34,6-10,yes,Poor
15599211,707,France,Male,40,1,0.0,2,yes,no,14090.4,yes,yes,35-44,1-2,no,Good
15675983,692,France,Female,36,3,79551.12,1,no,yes,178267.07,no,no,35-44,3-5,no,Good
15622370,813,Germany,Male,30,1,116416.94,1,no,yes,85808.22,no,no,25-34,1-2,no,Excellent
15656319,850,Spain,Male,37,4,88141.1,1,yes,no,109659.12,no,no,35-44,3-5,yes,Excellent
15605130,753,France,Male,32,6,177729.13,1,yes,yes,161642.08,no,no,25-34,6-10,no,Very Good
15672574,850,Spain,Female,32,5,0.0,1,yes,yes,3830.59,no,yes,25-34,3-5,no,Excellent
15659355,671,Spain,Male,32,6,123912.78,2,yes,yes,146636.44,no,no,25-34,6-10,no,Good
15777907,791,France,Female,33,3,0.0,1,yes,yes,144413.92,yes,yes,25-34,3-5,no,Very Good
15655171,624,France,Male,80,3,0.0,1,yes,yes,65801.44,no,yes,65+,3-5,no,Fair
15619674,649,France,Female,35,4,108306.44,1,yes,yes,192486.24,no,no,25-34,3-5,no,Fair
15775192,732,Germany,Female,48,4,102962.62,1,yes,no,120852.85,yes,no,45-54,3-5,yes,Good
15617657,664,France,Female,36,0,103502.22,1,yes,yes,146191.82,no,no,35-44,0,no,Fair
15688951,789,Germany,Male,43,8,119654.44,2,no,yes,148412.24,yes,no,35-44,6-10,no,Very Good
15763460,680,France,Male,33,10,183768.47,1,yes,no,164119.35,no,no,25-34,6-10,yes,Good
15756992,701,France,Male,37,1,0.0,2,yes,no,163457.55,no,yes,35-44,1-2,no,Good
15617454,684,France,Female,25,1,0.0,2,no,yes,144978.47,no,yes,<25,1-2,no,Good
15701932,586,France,Female,52,6,140900.97,1,yes,yes,67288.89,no,no,45-54,6-10,no,Fair
15700813,522,Germany,Female,25,5,94049.92,2,yes,no,103269.0,no,no,<25,3-5,no,Poor
15645600,739,Spain,Female,27,8,98926.4,1,yes,yes,106969.98,no,no,25-34,6-10,no,Good
15634146,835,Germany,Male,18,2,142872.36,1,yes,yes,117632.63,no,no,<25,1-2,no,Excellent
15686743,790,Spain,Male,29,3,46057.96,2,yes,yes,189777.66,no,no,25-34,3-5,no,Very Good
15698792,671,France,Female,48,6,119769.77,1,no,yes,66032.65,no,no,45-54,6-10,no,Good
15591724,560,France,Female,44,5,143244.97,1,yes,no,98661.27,no,no,35-44,3-5,yes,Poor
15571281,651,France,Male,28,10,79562.98,1,yes,yes,74687.37,no,no,25-34,6-10,no,Fair
15661380,682,France,Male,69,6,0.0,2,no,yes,149604.18,no,yes,65+,6-10,no,Good
15728885,808,France,Male,41,0,0.0,1,yes,yes,79888.78,no,yes,35-44,0,no,Excellent
15618950,644,Spain,Male,26,8,96659.64,2,yes,yes,138775.69,no,no,25-34,6-10,no,Fair
15609804,688,France,Male,29,1,0.0,2,yes,no,154695.57,no,yes,25-34,1-2,no,Good
15735849,617,France,Female,26,2,165947.99,2,no,yes,168834.38,no,no,25-34,1-2,no,Fair
15652948,738,France,Male,33,4,92676.3,1,yes,no,105817.63,no,no,25-34,3-5,yes,Good
15618155,663,France,Male,45,5,83195.12,1,yes,yes,48682.1,no,no,35-44,3-5,no,Fair
15566378,515,France,Male,48,5,129387.94,1,no,yes,147955.91,yes,no,45-54,3-5,no,Poor
15565879,845,France,Female,28,9,0.0,2,yes,yes,56185.98,no,yes,25-34,6-10,no,Excellent
15792922,639,Spain,Male,38,9,130233.14,1,yes,yes,81861.1,no,no,35-44,6-10,no,Fair
15770567,557,France,Female,32,3,123502.53,1,yes,yes,69826.8,no,no,25-34,3-5,no,Poor
15738042,543,Germany,Male,37,8,140894.06,2,yes,yes,118059.19,no,no,35-44,6-10,no,Poor
15714920,585,Germany,Male,44,7,163867.86,1,yes,yes,112333.22,no,no,35-44,6-10,no,Fair
15782121,610,France,Female,27,2,0.0,2,yes,no,14546.76,no,yes,25-34,1-2,no,Fair
15673180,727,Germany,Female,18,2,93816.7,2,yes,no,126172.11,no,no,<25,1-2,no,Good
15660636,540,Spain,Female,40,8,0.0,2,yes,no,3560.0,no,yes,35-44,6-10,no,Poor
15664504,418,France,Male,35,7,0.0,2,yes,yes,88878.15,no,yes,25-34,6-10,no,Poor
15790322,660,France,Female,32,0,114668.89,1,yes,no,84605.0,no,no,25-34,0,yes,Fair
15739847,850,Germany,Male,38,5,146756.68,1,yes,no,78268.61,no,no,35-44,3-5,yes,Excellent
15699415,618,France,Female,46,6,150213.71,1,yes,no,120668.46,yes,no,45-54,6-10,yes,Fair
15665521,642,Germany,Male,18,5,111183.53,2,no,yes,10063.75,no,no,<25,3-5,no,Fair
15682868,850,France,Female,40,9,99816.46,1,yes,yes,163989.66,yes,no,35-44,6-10,no,Excellent
15584462,739,France,Male,34,9,0.0,1,yes,no,60584.33,no,yes,25-34,6-10,yes,Good
15661708,508,France,Female,41,5,0.0,2,yes,yes,94170.84,no,yes,35-44,3-5,no,Poor
15584452,667,France,Male,41,6,0.0,2,no,no,167181.77,no,yes,35-44,6-10,no,Fair
15717010,741,France,Female,60,5,0.0,1,yes,yes,38914.51,no,yes,55-64,3-5,no,Very Good
15643828,592,France,Male,29,7,0.0,2,yes,yes,91196.67,no,yes,25-34,6-10,no,Fair
15733361,651,Germany,Female,45,6,86714.06,1,yes,no,85869.89,yes,no,35-44,6-10,yes,Fair
15795488,773,Spain,Male,52,2,0.0,2,yes,no,57337.79,no,yes,45-54,1-2,no,Very Good
15581551,850,Spain,Male,41,8,132838.07,1,yes,yes,175347.28,no,no,35-44,6-10,no,Excellent
15632051,550,Germany,Female,42,10,128707.31,1,yes,no,63092.65,yes,no,35-44,6-10,yes,Poor
15780409,783,France,Male,40,6,0.0,2,yes,no,109742.55,no,yes,35-44,6-10,no,Very Good
15572767,777,France,Male,29,2,0.0,2,yes,no,124489.88,no,yes,25-34,1-2,no,Very Good
15590337,659,France,Male,29,6,123192.12,1,yes,yes,56971.41,yes,no,25-34,6-10,no,Fair
15634551,727,Germany,Male,46,3,115248.11,4,yes,no,130752.01,yes,no,45-54,3-5,no,Good
15669290,603,France,Male,38,8,59360.77,1,yes,yes,191457.06,no,no,35-44,6-10,no,Fair
15621140,644,Spain,Male,37,9,0.0,2,yes,yes,96442.86,no,yes,35-44,6-10,no,Fair
15613518,647,France,Female,35,6,112668.7,1,no,yes,122584.29,no,no,25-34,6-10,no,Fair
15728043,648,Germany,Female,37,7,138503.51,2,yes,no,57215.85,no,no,35-44,6-10,no,Fair
15570073,721,Spain,Male,57,1,0.0,1,yes,yes,195940.96,no,yes,55-64,1-2,no,Good
15777033,524,France,Male,29,7,0.0,2,yes,yes,105448.74,no,yes,25-34,6-10,no,Poor
15682454,626,France,Female,34,3,0.0,2,yes,yes,37870.29,no,yes,25-34,3-5,no,Fair
15758513,569,France,Male,43,7,0.0,2,yes,no,52534.81,no,yes,35-44,6-10,no,Poor
15772604,578,Spain,Male,36,1,157267.95,2,yes,no,141533.19,no,no,35-44,1-2,no,Poor
15721715,769,France,Female,40,9,133871.05,1,yes,yes,50568.02,no,no,35-44,6-10,no,Very Good
15688563,694,Germany,Male,31,4,141989.27,2,yes,no,26116.82,no,no,25-34,3-5,no,Good
15772009,664,France,Female,41,5,0.0,1,yes,yes,152054.33,no,yes,35-44,3-5,no,Fair
15809585,646,France,Male,38,7,0.0,2,yes,no,1528.4,no,yes,35-44,6-10,no,Fair
15593778,779,France,Female,29,3,46388.16,3,yes,no,127939.26,yes,no,25-34,3-5,no,Very Good
15655360,782,Germany,Female,72,5,148666.99,1,yes,no,2605.65,yes,no,65+,3-5,yes,Very Good
15780909,769,Germany,Male,34,7,115101.5,1,no,no,57841.89,yes,no,25-34,6-10,yes,Very Good
15757310,655,Germany,Male,67,6,148363.38,1,yes,yes,186995.17,no,no,65+,6-10,no,Fair
15801411,623,Spain,Male,46,4,0.0,1,yes,no,5549.11,yes,yes,45-54,3-5,yes,Fair
15761706,705,Spain,Female,39,8,144102.32,1,yes,yes,11682.36,no,no,35-44,6-10,no,Good
15658409,686,France,Male,41,5,128876.71,3,yes,yes,106939.34,yes,no,35-44,3-5,no,Good
15810010,678,Germany,Male,36,6,118448.15,2,yes,no,53172.02,no,no,35-44,6-10,no,Good
15627027,738,France,Male,39,5,0.0,2,yes,yes,114388.98,no,yes,35-44,3-5,no,Good
15624374,703,France,Male,28,9,0.0,2,no,yes,2151.17,no,yes,25-34,6-10,no,Good
15720083,554,Spain,Male,42,1,0.0,2,no,yes,183492.9,no,yes,35-44,1-2,no,Poor
15752294,582,France,Female,38,9,135979.01,4,yes,yes,76582.95,yes,no,35-44,6-10,no,Fair
15743193,644,France,Male,37,6,117271.8,2,yes,no,104217.96,yes,no,35-44,6-10,no,Fair
15696733,724,France,Male,29,4,0.0,1,yes,no,8982.75,no,yes,25-34,3-5,yes,Good
15677522,593,France,Male,33,1,0.0,2,no,no,9984.4,no,yes,25-34,1-2,no,Fair
15643523,710,Spain,Female,30,10,0.0,2,yes,no,19500.1,no,yes,25-34,6-10,no,Good
15624936,631,France,Male,35,8,129205.49,1,yes,yes,79146.36,no,no,25-34,6-10,no,Fair
15716085,739,Spain,Female,41,8,0.0,1,yes,no,191694.77,yes,yes,35-44,6-10,yes,Good
15641688,644,Spain,Male,18,7,0.0,1,no,yes,59645.24,yes,yes,<25,6-10,no,Fair
15796834,652,Germany,Male,35,7,104015.54,2,yes,yes,55207.88,no,no,25-34,6-10,no,Fair
15720123,554,Spain,Male,37,3,0.0,2,yes,no,166177.3,no,yes,35-44,3-5,no,Poor
15604732,483,France,Female,30,9,0.0,2,no,no,136356.97,no,yes,25-34,6-10,no,Poor
15723484,669,Germany,Female,42,1,103873.39,1,yes,no,148611.52,no,no,35-44,1-2,yes,Fair
15807120,841,Germany,Female,52,3,112383.03,1,yes,no,85516.37,yes,no,45-54,3-5,yes,Excellent
15810891,662,France,Male,34,2,117731.79,2,no,yes,55120.79,no,no,25-34,1-2,no,Fair
15640407,821,Germany,Male,45,0,135827.33,2,yes,yes,131778.58,no,no,35-44,0,no,Excellent
15778838,783,France,Male,38,9,114135.17,1,yes,no,153269.98,no,no,35-44,6-10,yes,Very Good
15709256,850,France,Female,28,9,0.0,2,yes,yes,164864.67,no,yes,25-34,6-10,no,Excellent
15742285,559,France,Male,62,6,118756.62,1,yes,yes,20367.68,no,no,55-64,6-10,no,Poor
15729019,602,Spain,Male,34,8,98382.72,1,yes,no,39542.0,no,no,25-34,6-10,yes,Fair
15608588,563,Germany,Male,41,2,100520.92,1,yes,yes,19412.8,yes,no,35-44,1-2,no,Poor
15610557,695,Spain,Female,35,7,79858.13,2,yes,yes,127977.66,no,no,25-34,6-10,no,Good
15786418,546,France,Female,20,6,0.0,1,no,yes,20508.85,no,yes,<25,6-10,no,Poor
15653050,719,Germany,Female,76,10,95052.29,1,yes,no,176244.87,no,no,65+,6-10,yes,Good
15744914,539,Germany,Male,42,1,177728.55,1,yes,no,105013.63,no,no,35-44,1-2,yes,Poor
15669611,632,France,Male,71,3,83116.68,1,yes,yes,27597.76,no,no,65+,3-5,no,Fair
15594786,772,Germany,Male,34,7,111565.91,1,yes,yes,121073.23,no,no,25-34,6-10,no,Very Good
15649211,708,Spain,Male,40,8,83015.71,1,yes,no,101089.76,no,no,35-44,6-10,yes,Good
15766066,668,Germany,Female,28,1,124511.01,1,no,no,114258.18,no,no,25-34,1-2,yes,Fair
15772216,738,France,Female,67,1,130652.52,1,no,yes,22762.23,no,no,65+,1-2,no,Good
15619898,785,France,Male,55,5,0.0,2,yes,yes,7008.65,no,yes,45-54,3-5,no,Very Good
15724543,597,France,Male,61,5,0.0,2,yes,yes,81299.17,no,yes,55-64,3-5,no,Fair
15755084,531,France,Male,37,7,121854.45,1,yes,no,147521.35,no,no,35-44,6-10,yes,Poor
15730441,509,France,Male,26,10,0.0,2,yes,yes,6177.83,no,yes,25-34,6-10,no,Poor
15666767,508,France,Male,35,1,86893.28,1,no,no,59374.82,no,no,25-34,1-2,yes,Poor
15690456,749,Germany,Female,32,7,79523.13,1,no,yes,157648.12,no,no,25-34,6-10,no,Very Good
15570533,621,Germany,Female,55,7,131033.76,1,no,yes,75685.59,yes,no,45-54,6-10,no,Fair
15797692,659,France,Female,33,7,89939.62,1,yes,no,136540.09,no,no,25-34,6-10,yes,Fair
15603135,634,Germany,Female,59,3,95727.05,1,no,no,97939.4,yes,no,55-64,3-5,yes,Fair
15698927,675,France,Male,39,7,0.0,2,no,yes,36267.21,no,yes,35-44,6-10,no,Good
15687363,770,France,Male,31,3,155047.56,2,yes,yes,186064.34,no,no,25-34,3-5,no,Very Good
15733444,736,France,Female,29,9,0.0,2,no,no,176152.7,no,yes,25-34,6-10,no,Good
15678057,524,France,Male,44,10,118569.03,2,no,no,82117.2,no,no,35-44,6-10,no,Poor
15806918,674,France,Male,28,5,0.0,1,yes,yes,151925.25,no,yes,25-34,3-5,no,Good
15638247,700,Spain,Male,44,9,0.0,2,yes,no,142287.65,no,yes,35-44,6-10,no,Good
15674833,741,France,Female,35,1,0.0,2,yes,no,36557.55,no,yes,25-34,1-2,no,Very Good
15812534,455,France,Male,40,1,0.0,3,no,yes,129975.34,no,yes,35-44,1-2,no,Poor
15586522,608,Spain,Male,37,2,130461.02,1,yes,no,21967.15,no,no,35-44,1-2,yes,Fair
15794297,776,France,Male,36,1,0.0,2,yes,no,53477.76,no,yes,35-44,1-2,no,Very Good
15737025,635,France,Male,33,1,0.0,3,no,no,178067.33,yes,yes,25-34,1-2,no,Fair
15615931,746,France,Female,37,4,0.0,2,no,yes,171039.56,no,yes,35-44,3-5,no,Very Good
15664860,692,Spain,Female,47,3,0.0,2,yes,no,150802.41,yes,yes,45-54,3-5,no,Good
15664539,683,Spain,Male,35,9,61172.04,1,no,no,82951.12,no,no,25-34,6-10,yes,Good
15583692,591,Germany,Female,35,2,90194.34,2,yes,no,57064.57,no,no,25-34,1-2,no,Fair
15693131,581,France,Female,24,3,95508.2,1,yes,yes,45755.0,no,no,<25,3-5,no,Fair
15779973,684,Germany,Male,35,3,99967.76,1,yes,yes,176882.08,no,no,25-34,3-5,no,Good
15620557,561,Spain,Male,37,4,101470.29,1,no,yes,88838.14,no,no,35-44,3-5,no,Poor
15639549,718,Germany,Female,33,4,70541.06,1,no,no,88592.8,no,no,25-34,3-5,yes,Good
15618750,590,France,Male,31,8,112211.61,1,yes,no,26261.42,no,no,25-34,6-10,yes,Fair
15796790,573,France,Female,47,8,154543.98,1,yes,no,29586.73,no,no,45-54,6-10,yes,Poor
15668309,350,France,Female,40,0,111098.85,1,yes,yes,172321.21,yes,no,35-44,0,no,Poor
15732437,504,Germany,Female,44,0,131873.07,2,yes,yes,158036.72,yes,no,35-44,0,no,Poor
15665158,813,Spain,Male,27,1,137275.36,1,no,yes,115733.16,no,no,25-34,1-2,no,Excellent
15689322,641,Spain,Male,31,3,153316.14,1,yes,no,59927.99,no,no,25-34,3-5,yes,Fair
15596624,662,France,Female,22,9,0.0,2,yes,yes,44377.65,no,yes,<25,6-10,no,Fair
15601977,497,Spain,Male,44,2,121250.04,1,no,yes,79691.4,no,no,35-44,1-2,no,Poor
15801462,716,France,Male,31,8,109578.04,2,yes,yes,51503.51,no,no,25-34,6-10,no,Good
15566139,526,France,Female,37,5,53573.18,1,yes,no,62830.97,no,no,35-44,3-5,yes,Poor
15791006,760,Germany,Female,34,6,58003.41,1,yes,no,90346.1,no,no,25-34,6-10,yes,Very Good
15668057,669,France,Female,31,6,113000.66,1,yes,no,40467.82,no,no,25-34,6-10,yes,Fair
15580805,655,France,Male,27,10,0.0,2,yes,no,51620.94,no,yes,25-34,6-10,no,Fair
15658768,547,France,Female,49,2,0.0,1,no,no,65466.93,yes,yes,45-54,1-2,yes,Poor
15613048,648,Germany,Female,40,5,139973.65,1,yes,yes,667.66,yes,no,35-44,3-5,no,Fair
15803654,790,France,Female,31,2,151290.16,1,yes,yes,172437.12,no,no,25-34,1-2,no,Very Good
15662337,744,Germany,Female,50,1,121498.11,2,no,yes,106061.47,yes,no,45-54,1-2,no,Very Good
15650924,761,Spain,Female,32,4,103515.39,2,yes,yes,177622.38,no,no,25-34,3-5,no,Very Good
15647203,750,France,Female,35,3,0.0,1,yes,no,191520.5,no,yes,25-34,3-5,yes,Very Good
15682778,680,France,Male,34,9,0.0,2,yes,yes,95686.6,no,yes,25-34,6-10,no,Good
15579820,704,Spain,Male,38,6,106687.76,1,yes,no,173776.5,no,no,35-44,6-10,yes,Good
15709354,521,France,Female,41,2,0.0,2,yes,yes,113089.43,no,yes,35-44,1-2,no,Poor
15728480,452,France,Female,35,8,0.0,2,yes,yes,149614.81,no,yes,25-34,6-10,no,Poor
15641091,695,France,Female,31,5,106089.2,1,no,no,99537.68,no,no,25-34,3-5,yes,Good
15603111,850,Spain,Male,71,10,69608.14,1,yes,no,97893.4,yes,no,65+,6-10,yes,Excellent
15679693,625,France,Male,31,5,0.0,2,no,yes,90.07,no,yes,25-34,3-5,no,Fair
15797190,608,Germany,Female,40,7,96202.32,1,no,no,161154.85,no,no,35-44,6-10,yes,Fair
15788025,715,France,Female,38,0,0.0,2,yes,yes,332.81,no,yes,35-44,0,no,Good
15646168,834,Spain,Male,33,5,0.0,2,yes,no,66285.18,no,yes,25-34,3-5,no,Excellent
15580493,469,France,Male,33,1,127818.52,1,yes,no,163477.22,no,no,25-34,1-2,yes,Poor
15726720,480,France,Female,40,7,0.0,1,yes,no,170332.67,yes,yes,35-44,6-10,yes,Poor
15735799,527,Germany,Male,58,3,137318.42,1,yes,yes,126144.96,no,no,55-64,3-5,no,Poor
15773098,834,Spain,Male,34,5,0.0,2,no,no,53437.1,no,yes,25-34,3-5,no,Excellent
15668971,583,France,Female,40,4,55776.39,2,yes,no,26920.43,no,no,35-44,3-5,no,Fair
15603221,696,Germany,Male,32,4,84421.62,1,no,yes,52314.71,no,no,25-34,3-5,no,Good
15740043,606,France,Male,32,5,83161.65,1,yes,yes,116885.59,no,no,25-34,3-5,no,Fair
15712264,713,France,Female,39,10,0.0,2,yes,yes,126263.97,no,yes,35-44,6-10,no,Good
15751926,821,Germany,Male,42,3,87807.29,2,yes,yes,64613.81,no,no,35-44,3-5,no,Excellent
15589401,550,France,Female,30,4,0.0,2,yes,no,89216.29,no,yes,25-34,3-5,no,Poor
15742019,675,France,Female,39,6,0.0,2,no,no,83419.15,no,yes,35-44,6-10,no,Good
15660611,748,Spain,Male,39,3,0.0,2,yes,yes,123998.52,no,yes,35-44,3-5,no,Very Good
15607634,606,Germany,Male,40,9,95293.86,2,no,yes,96985.58,no,no,35-44,6-10,no,Fair
15595036,726,Germany,Male,30,7,92847.59,1,yes,no,146154.06,no,no,25-34,6-10,yes,Good
15745794,547,France,Male,30,6,0.0,2,yes,yes,18471.86,no,yes,25-34,6-10,no,Poor
15781689,758,Spain,Male,35,5,0.0,2,yes,no,95009.6,no,yes,25-34,3-5,no,Very Good
15696054,596,France,Male,37,2,0.0,1,no,yes,121175.86,no,yes,35-44,1-2,no,Fair
15752467,720,Spain,Male,34,3,0.0,2,yes,yes,77047.78,no,yes,25-34,3-5,no,Good
15597739,674,France,Male,37,3,0.0,1,yes,no,158049.9,no,yes,35-44,3-5,yes,Good
15651336,756,France,Female,32,4,0.0,2,yes,no,147040.25,no,yes,25-34,3-5,no,Very Good
15636061,649,Germany,Male,78,4,68345.86,2,yes,yes,142566.75,no,no,65+,3-5,no,Fair
15723013,613,Germany,Male,28,7,76656.4,2,yes,yes,185483.24,no,no,25-34,6-10,no,Fair
15784148,643,France,Male,62,9,0.0,2,no,no,155870.82,no,yes,55-64,6-10,no,Fair
15578098,600,France,Male,31,8,0.0,2,yes,yes,121555.51,no,yes,25-34,6-10,no,Fair
15638621,735,Spain,Male,39,1,60374.98,1,yes,no,40223.74,no,no,35-44,1-2,yes,Good
15720924,585,France,Female,34,1,0.0,1,yes,yes,75503.6,no,yes,25-34,1-2,no,Fair
15566531,724,Germany,Male,33,4,88046.88,1,no,yes,186942.49,yes,no,25-34,3-5,no,Good
15718064,635,Spain,Male,29,2,0.0,2,no,no,117173.8,no,yes,25-34,1-2,no,Fair
15605067,472,France,Male,19,9,0.0,2,yes,no,3453.4,no,yes,<25,6-10,no,Poor
15655335,590,France,Male,36,1,0.0,2,yes,no,48876.84,no,yes,35-44,1-2,no,Fair
15607301,651,Spain,Female,63,8,129968.67,1,yes,yes,11830.53,no,no,55-64,6-10,no,Fair
15694628,686,Germany,Female,39,4,157731.6,2,yes,no,162820.6,no,no,35-44,3-5,no,Good
15607112,606,France,Male,32,6,0.0,2,no,yes,36540.63,no,yes,25-34,6-10,no,Fair
15635775,781,France,Male,33,3,89276.48,1,yes,no,6959.0,no,no,25-34,3-5,yes,Very Good
15644280,593,France,Male,45,4,138825.19,1,no,no,10828.78,no,no,35-44,3-5,yes,Fair
15708362,793,France,Male,63,4,103729.79,2,yes,yes,80272.06,no,no,55-64,3-5,no,Very Good
15771997,791,France,Female,31,10,75499.24,1,yes,no,22184.14,no,no,25-34,6-10,yes,Very Good
15730579,850,France,Male,68,5,169445.4,1,yes,yes,186335.07,no,no,65+,3-5,no,Excellent
15728005,698,France,Female,57,9,111359.55,2,yes,no,105715.01,no,no,55-64,6-10,no,Good
15791674,846,France,Female,34,10,142388.61,2,no,yes,68393.64,yes,no,25-34,6-10,no,Excellent
15754599,765,France,Male,42,4,123311.39,2,yes,yes,82868.34,no,no,35-44,3-5,no,Very Good
15693690,574,Spain,Male,52,7,115532.52,1,yes,no,196257.67,no,no,45-54,6-10,yes,Poor
15728963,617,Germany,Female,51,10,167273.71,1,no,no,93439.75,yes,no,45-54,6-10,yes,Fair
15659710,581,France,Male,25,5,77886.53,2,yes,no,150319.49,no,no,<25,3-5,no,Fair
15658675,710,Germany,Male,37,6,135795.63,1,no,yes,46523.6,no,no,35-44,6-10,no,Good
15638788,550,France,Male,32,8,97514.07,1,yes,yes,199138.84,no,no,25-34,6-10,no,Poor
15609735,533,Germany,Male,51,6,127545.56,2,no,no,79559.02,yes,no,45-54,6-10,no,Poor
15771477,779,France,Male,49,9,106160.37,1,no,no,116893.87,no,no,45-54,6-10,yes,Very Good
15570145,763,France,Female,23,2,0.0,2,yes,no,153983.99,no,yes,<25,1-2,no,Very Good
15797149,563,Spain,Female,36,4,143680.47,2,yes,yes,63531.19,no,no,35-44,3-5,no,Poor
15636912,678,Spain,Male,38,3,124483.53,1,yes,no,126253.31,no,no,35-44,3-5,yes,Good
15687828,644,Spain,Female,31,5,86006.3,1,yes,yes,73922.95,no,no,25-34,3-5,no,Fair
15667424,682,Germany,Female,43,7,111094.05,2,yes,yes,64679.3,no,no,35-44,6-10,no,Good
15759872,625,France,Male,22,9,0.0,2,yes,no,157072.91,no,yes,<25,6-10,no,Fair
15572374,733,Spain,Male,36,1,0.0,2,no,yes,108377.82,no,yes,35-44,1-2,no,Good
15754926,512,France,Female,30,6,0.0,2,yes,no,88827.31,no,yes,25-34,6-10,no,Poor
15687431,642,France,Female,41,7,115171.71,1,yes,yes,37674.47,no,no,35-44,6-10,no,Fair
15604515,737,Germany,Female,22,10,111543.26,2,no,no,106327.85,no,no,<25,6-10,no,Good
15682839,575,France,Female,57,8,137936.94,1,yes,yes,84475.13,no,no,55-64,6-10,no,Poor
15624677,543,Germany,Female,37,3,122304.65,2,no,no,33998.7,no,no,35-44,3-5,no,Poor
15646366,521,Germany,Male,41,8,120586.54,1,no,yes,20491.15,no,no,35-44,6-10,no,Poor
15701768,637,France,Male,32,3,0.0,2,yes,yes,197827.06,no,yes,25-34,3-5,no,Fair
15623566,714,France,Male,40,9,46520.69,1,yes,yes,96687.25,no,no,35-44,6-10,no,Good
15681274,726,Spain,Female,56,2,105473.74,1,yes,yes,46044.7,no,no,55-64,1-2,no,Good
15762573,680,Spain,Female,34,7,0.0,2,yes,no,98949.85,no,yes,25-34,6-10,no,Good
15706458,812,Germany,Male,39,5,115730.71,3,yes,yes,185599.34,yes,no,35-44,3-5,no,Excellent
15654222,757,Spain,Male,30,3,145396.49,1,no,yes,198341.15,no,no,25-34,3-5,no,Very Good
15704053,710,Spain,Male,62,3,131078.42,2,yes,no,119348.76,yes,no,55-64,3-5,no,Good
15724321,516,Germany,Female,47,9,128298.74,1,no,no,149614.17,yes,no,45-54,6-10,yes,Poor
15621815,803,France,Female,40,6,165526.71,1,yes,no,12328.08,no,no,35-44,6-10,yes,Excellent
15724876,560,France,Female,38,5,83714.41,1,yes,yes,33245.97,no,no,35-44,3-5,no,Poor
15696588,679,France,Female,36,3,0.0,2,yes,yes,2243.41,no,yes,35-44,3-5,no,Good
15612832,526,France,Male,32,7,125540.05,1,no,no,86786.41,no,no,25-34,6-10,yes,Poor
15804295,485,France,Male,41,2,100254.76,2,yes,yes,12706.67,no,no,35-44,1-2,no,Poor
15712536,625,France,Female,36,3,0.0,2,yes,no,41295.1,yes,yes,35-44,3-5,no,Fair
15662494,773,Spain,Male,43,7,138150.57,1,yes,yes,177357.16,no,no,35-44,6-10,no,Very Good
15807728,530,France,Female,45,1,0.0,1,no,yes,190663.89,yes,yes,35-44,1-2,no,Poor
15764916,616,Germany,Female,43,7,95984.21,1,no,yes,115262.54,yes,no,35-44,6-10,no,Fair
15615330,651,France,Male,23,10,0.0,2,yes,yes,170099.23,no,yes,<25,6-10,no,Fair
15638487,586,Germany,Male,38,2,136858.42,1,no,yes,189143.94,no,no,35-44,1-2,no,Fair
15627859,607,Germany,Male,29,7,102609.0,1,yes,no,163257.44,no,no,25-34,6-10,yes,Fair
15622192,724,Spain,Male,39,3,0.0,2,no,yes,95562.81,no,yes,35-44,3-5,no,Good
15789413,733,France,Male,64,3,0.0,2,yes,yes,75272.63,no,yes,55-64,3-5,no,Good
15583221,667,Germany,Male,70,3,77356.92,2,yes,yes,20881.96,no,no,65+,3-5,no,Fair
15768495,700,France,Female,32,8,110923.15,2,yes,yes,161845.81,yes,no,25-34,6-10,no,Good
15644103,659,Spain,Male,78,2,151675.65,1,no,yes,49978.67,no,no,65+,1-2,no,Fair
15741197,710,Spain,Male,22,8,0.0,3,yes,no,107292.91,no,yes,<25,6-10,no,Good
15664547,760,France,Male,37,7,0.0,1,no,no,32863.24,yes,yes,35-44,6-10,yes,Very Good
15797293,677,France,Female,25,3,0.0,2,yes,no,179608.96,no,yes,<25,3-5,no,Good
15572021,798,Germany,Female,29,8,80204.11,2,yes,no,70223.22,no,no,25-34,6-10,no,Very Good
15637461,758,France,Male,35,7,0.0,2,yes,no,77951.84,no,yes,25-34,6-10,no,Very Good
15620577,715,France,Male,45,4,0.0,2,yes,yes,55043.93,no,yes,35-44,3-5,no,Good
15609643,752,Germany,Male,32,9,115587.49,2,no,yes,101677.46,no,no,25-34,6-10,no,Very Good
15785358,586,Germany,Male,46,8,106968.96,1,yes,yes,79366.98,yes,no,45-54,6-10,no,Fair
15603883,818,France,Male,36,4,0.0,2,yes,yes,8037.03,no,yes,35-44,3-5,no,Excellent
15782550,490,Germany,Female,41,0,139659.04,1,yes,yes,176254.12,no,no,35-44,0,no,Poor
15775761,610,Germany,Female,69,5,86038.21,3,no,no,192743.06,yes,no,65+,3-5,no,Fair
15680201,627,Germany,Male,24,5,102773.2,2,yes,no,56793.02,yes,no,<25,3-5,no,Fair
15767594,533,France,Female,35,8,0.0,2,yes,yes,187900.12,no,yes,25-34,6-10,no,Poor
15591985,708,France,Female,51,8,70754.18,1,yes,yes,92920.04,yes,no,45-54,6-10,no,Good
15789339,681,France,Male,59,4,122781.51,1,no,yes,140166.95,no,no,55-64,3-5,no,Good
15781530,690,France,Male,21,8,0.0,2,yes,yes,155782.89,no,yes,<25,6-10,no,Good
15705174,656,Germany,Male,68,7,153545.11,1,yes,yes,186574.68,no,no,65+,6-10,no,Fair
15572114,673,Spain,Male,40,1,121629.22,1,yes,yes,3258.6,no,no,35-44,1-2,no,Good
15804009,806,Germany,Male,36,8,167983.17,2,yes,yes,106714.28,no,no,35-44,6-10,no,Excellent
15662698,648,Spain,Female,43,7,81153.82,1,yes,yes,144532.85,yes,no,35-44,6-10,no,Fair
15696047,501,France,Male,35,6,99760.84,1,yes,yes,13591.52,no,no,25-34,6-10,no,Poor
15701160,556,Germany,Female,43,4,125890.72,1,yes,yes,74854.97,no,no,35-44,3-5,no,Poor
15790093,627,France,Female,27,2,0.0,2,yes,no,125451.01,no,yes,25-34,1-2,no,Fair
15632143,652,France,Male,31,2,119148.55,1,no,no,149740.22,no,no,25-34,1-2,yes,Fair
15736778,807,Germany,Female,60,1,72948.58,2,yes,yes,17355.36,no,no,55-64,1-2,no,Excellent
15734917,708,Germany,Male,21,8,133974.36,2,yes,no,50294.09,no,no,<25,6-10,no,Good
15643903,619,France,Male,27,1,154483.98,1,yes,no,156394.74,no,no,25-34,1-2,yes,Fair
15569526,601,France,Male,40,10,98627.13,2,no,no,77977.69,no,no,35-44,6-10,no,Fair
15777067,445,France,Male,64,2,136770.67,1,no,yes,43678.06,no,no,55-64,1-2,no,Poor
15795511,800,Germany,Male,39,4,95252.72,1,yes,no,13906.34,no,no,35-44,3-5,yes,Very Good
15610419,554,France,Male,33,3,117413.95,1,yes,yes,12766.74,no,no,25-34,3-5,no,Poor
15644994,714,Germany,Male,54,4,137986.58,2,no,yes,51308.54,yes,no,45-54,3-5,no,Good
15703707,656,France,Male,44,10,143571.52,1,no,no,127444.14,no,no,35-44,6-10,yes,Fair
15659327,520,France,Male,49,5,121197.64,1,yes,no,72577.33,yes,no,45-54,3-5,yes,Poor
15771323,480,Spain,Male,39,5,121626.9,1,yes,yes,82438.13,no,no,35-44,3-5,no,Poor
15750549,660,Germany,Male,30,1,84440.1,2,yes,yes,60485.98,no,no,25-34,1-2,no,Fair
15698462,532,France,Male,36,4,0.0,2,yes,yes,132798.78,no,yes,35-44,3-5,no,Poor
15739692,679,France,Male,42,1,0.0,2,no,no,71823.15,no,yes,35-44,1-2,no,Good
15744041,780,France,Female,26,3,140356.7,1,yes,no,117144.15,no,no,25-34,3-5,yes,Very Good
15700714,747,France,Male,29,7,0.0,2,yes,yes,141706.43,no,yes,25-34,6-10,no,Very Good
15777743,705,France,Female,39,3,92224.56,1,yes,yes,54517.25,no,no,35-44,3-5,no,Good
15623143,732,France,Female,43,9,0.0,2,yes,no,183147.17,no,yes,35-44,6-10,no,Good
15712568,515,Spain,Male,40,10,121355.99,1,yes,no,138360.29,no,no,35-44,6-10,yes,Poor
15617432,816,Germany,Female,40,9,109003.26,1,yes,yes,79580.56,no,no,35-44,6-10,no,Excellent
15650424,641,France,Female,48,3,147341.43,1,yes,yes,157458.61,yes,no,45-54,3-5,no,Fair
15728829,509,France,Male,18,7,102983.91,1,yes,no,171770.58,no,no,<25,6-10,yes,Poor
15680430,601,Germany,Female,49,4,96252.98,2,yes,no,104263.82,no,no,45-54,3-5,no,Fair
15687626,527,France,Male,39,4,0.0,2,yes,no,167183.07,yes,yes,35-44,3-5,no,Poor
15609187,455,France,Female,27,5,155879.09,2,no,no,70774.97,no,no,25-34,3-5,no,Poor
15609521,803,Germany,Male,34,4,142929.16,2,yes,yes,114869.56,no,no,25-34,3-5,no,Excellent
15752626,553,France,Male,32,7,64082.09,1,no,yes,109159.58,no,no,25-34,6-10,no,Poor
15571756,724,France,Female,28,5,0.0,1,yes,no,59351.68,no,yes,25-34,3-5,yes,Good
15814040,610,France,Female,45,1,0.0,2,yes,yes,199657.46,no,yes,35-44,1-2,no,Fair
15658211,559,Spain,Female,39,2,0.0,2,yes,yes,121151.1,no,yes,35-44,1-2,no,Poor
15742091,825,Germany,Female,35,6,118336.95,1,yes,no,26342.33,yes,no,25-34,6-10,yes,Excellent
15787168,819,Spain,Female,28,8,168253.21,1,yes,yes,102799.14,no,no,25-34,6-10,no,Excellent
15772363,772,Germany,Female,42,0,101979.16,1,yes,no,90928.48,no,no,35-44,0,yes,Very Good
15659364,685,Spain,Male,23,5,164902.43,1,no,no,141152.28,no,no,<25,3-5,yes,Good
15738980,506,France,Male,43,2,0.0,2,yes,no,105568.6,no,yes,35-44,1-2,no,Poor
15794236,642,Germany,Male,22,10,111812.52,2,yes,yes,183045.46,no,no,<25,6-10,no,Fair
15721383,627,Spain,Male,40,10,0.0,2,yes,yes,194792.42,no,yes,35-44,6-10,no,Fair
15652981,600,Germany,Male,30,2,119755.0,1,yes,yes,21852.91,no,no,25-34,1-2,no,Fair
15722731,653,France,Male,46,0,119556.1,1,yes,no,78250.13,yes,no,45-54,0,yes,Fair
15640507,762,Spain,Female,35,3,119349.69,3,yes,yes,47114.18,yes,no,25-34,3-5,no,Very Good
15578878,569,Spain,Female,30,3,139528.23,1,yes,yes,33230.37,no,no,25-34,3-5,no,Poor
15744295,756,France,Male,40,1,94773.11,1,yes,no,114279.63,no,no,35-44,1-2,yes,Very Good
15776558,673,France,Male,31,1,108345.22,1,no,yes,38802.03,no,no,25-34,1-2,no,Good
15596136,637,France,Female,36,9,166939.88,1,yes,yes,72504.76,no,no,35-44,6-10,no,Fair
15704597,644,France,Male,33,7,174571.36,1,no,yes,43943.09,no,no,25-34,6-10,no,Fair
15648272,658,Spain,Male,35,9,71829.34,1,yes,yes,68141.92,no,no,25-34,6-10,no,Fair
15594915,649,France,Female,36,8,0.0,2,no,yes,109179.89,no,yes,35-44,6-10,no,Fair
15581115,603,France,Female,39,9,76769.68,1,no,no,48224.72,no,no,35-44,6-10,yes,Fair
15763907,820,France,Female,39,1,104614.29,1,yes,no,61538.43,yes,no,35-44,1-2,yes,Excellent
15705994,712,Spain,Male,27,10,0.0,1,yes,no,94544.88,no,yes,25-34,6-10,yes,Good
15772421,645,Germany,Female,31,1,128927.93,1,yes,yes,2850.01,no,no,25-34,1-2,no,Fair
15711572,705,Germany,Female,31,9,110941.93,2,yes,no,163484.8,no,no,25-34,6-10,no,Good
15691170,590,Spain,Female,29,10,99250.08,1,yes,yes,129629.41,no,no,25-34,6-10,no,Fair
15600106,631,France,Male,36,1,0.0,2,no,no,133141.34,no,yes,35-44,1-2,no,Fair
15745431,604,France,Male,34,7,0.0,2,yes,yes,188078.55,no,yes,25-34,6-10,no,Fair
15649508,643,Spain,Male,48,8,0.0,2,yes,no,174729.3,no,yes,45-54,6-10,no,Fair
15812611,690,Spain,Female,30,5,0.0,2,no,yes,78700.03,no,yes,25-34,3-5,no,Good
15619699,558,France,Male,31,7,0.0,1,yes,no,198269.08,no,yes,25-34,6-10,yes,Poor
15813946,637,Germany,Male,51,1,104682.83,1,yes,no,55266.96,yes,no,45-54,1-2,yes,Fair
15762762,648,Germany,Female,45,5,118886.55,1,no,no,51636.7,no,no,35-44,3-5,yes,Fair
15629793,652,Spain,Male,28,8,156823.7,2,yes,no,198251.52,no,no,25-34,6-10,no,Fair
15781298,808,Germany,Male,39,3,124216.93,1,no,yes,171442.36,no,no,35-44,3-5,no,Excellent
15622658,551,France,Female,26,2,144258.52,1,yes,no,49778.79,no,no,25-34,1-2,yes,Poor
15658980,711,Germany,Male,26,9,128793.63,1,yes,no,19262.05,no,no,25-34,6-10,yes,Good
15701936,467,Germany,Male,28,10,126315.26,1,yes,no,32349.29,yes,no,25-34,6-10,yes,Poor
15686917,789,Spain,Female,40,4,0.0,2,yes,no,137402.27,no,yes,35-44,3-5,no,Very Good
15807312,602,Spain,Male,33,5,0.0,2,no,yes,64038.34,no,yes,25-34,3-5,no,Fair
15574523,576,France,Male,39,1,0.0,2,yes,yes,68814.23,no,yes,35-44,1-2,no,Poor
15724200,584,France,Male,38,1,115341.55,1,no,yes,173632.92,no,no,35-44,1-2,no,Fair
15738224,593,France,Male,32,6,99162.29,1,yes,no,128384.11,no,no,25-34,6-10,yes,Fair
15593283,705,Germany,Female,48,1,156848.13,2,yes,yes,99475.95,yes,no,45-54,1-2,no,Good
15814690,595,Germany,Female,64,2,105736.32,1,yes,yes,89935.73,yes,no,55-64,1-2,no,Fair
15807245,699,Germany,Female,41,1,200117.76,2,yes,no,94142.35,no,no,35-44,1-2,no,Good
15799358,516,France,Female,46,6,62212.29,1,no,yes,171681.86,yes,no,45-54,6-10,no,Poor
15616172,838,France,Male,31,2,0.0,2,yes,no,8222.96,no,yes,25-34,1-2,no,Excellent
15777958,587,France,Male,39,10,0.0,2,yes,yes,170409.45,no,yes,35-44,6-10,no,Fair
15809124,750,France,Male,38,5,151532.4,1,yes,yes,46555.15,no,no,35-44,3-5,no,Very Good
15616367,581,Germany,Male,39,1,121523.51,1,no,no,161655.55,yes,no,35-44,1-2,yes,Fair
15687385,484,France,Male,41,5,0.0,1,yes,yes,74267.35,no,yes,35-44,3-5,no,Poor
15607877,576,Spain,Male,26,8,0.0,2,no,yes,34101.06,no,yes,25-34,6-10,no,Poor
15736327,567,Germany,Female,46,1,68238.51,2,yes,yes,109572.58,no,no,45-54,1-2,no,Poor
15746704,638,Spain,Male,30,9,136808.53,2,yes,yes,106642.97,no,no,25-34,6-10,no,Fair
15778304,646,Germany,Male,24,0,92398.08,1,yes,yes,18897.29,no,no,<25,0,no,Fair
15588456,658,France,Female,40,5,143566.12,1,yes,yes,189607.71,no,no,35-44,3-5,no,Fair
15664035,590,Spain,Female,38,9,0.0,2,yes,yes,148750.16,no,yes,35-44,6-10,no,Fair
15596405,546,Spain,Male,25,7,127728.24,2,yes,yes,105279.74,no,no,<25,6-10,no,Poor
15815097,603,France,Female,34,9,0.0,2,yes,no,167916.35,no,yes,25-34,6-10,no,Fair
15762708,619,Spain,Female,38,10,119658.49,1,yes,yes,8646.58,no,no,35-44,6-10,no,Fair
15776211,678,France,Female,34,6,0.0,2,yes,yes,124592.84,no,yes,25-34,6-10,no,Good
15626012,459,France,Male,26,4,149879.66,1,no,no,50016.17,no,no,25-34,3-5,yes,Poor
15792077,671,Germany,Male,28,8,119859.52,2,yes,no,125422.66,no,no,25-34,6-10,no,Good
15718765,501,Spain,Male,43,6,104533.24,1,no,no,81123.59,yes,no,35-44,6-10,yes,Poor
15576615,719,Spain,Male,37,10,145382.61,1,yes,no,80408.59,no,no,35-44,6-10,yes,Good
15752650,681,Spain,Female,37,6,121231.39,1,yes,yes,146366.08,no,no,35-44,6-10,no,Good
15797502,706,Spain,Male,24,2,141078.57,1,yes,yes,24402.87,no,no,<25,1-2,no,Good
15687329,763,Germany,Female,32,1,108465.65,2,yes,no,60552.44,yes,no,25-34,1-2,no,Very Good
15779423,716,France,Male,39,1,70657.61,2,yes,yes,76476.05,no,no,35-44,1-2,no,Good
15619514,507,Germany,Male,40,3,120105.43,1,yes,no,92075.01,yes,no,35-44,3-5,yes,Poor
15615430,678,Germany,Male,55,4,129646.91,1,yes,yes,184125.1,yes,no,45-54,3-5,no,Good
15716431,775,France,Female,30,10,191091.74,2,yes,yes,96170.38,no,no,25-34,6-10,no,Very Good
15798341,544,France,Male,38,8,0.0,1,yes,yes,98208.62,no,yes,35-44,6-10,no,Poor
15651958,756,France,Male,27,8,0.0,2,yes,yes,157932.75,no,yes,25-34,6-10,no,Very Good
15726179,757,Germany,Female,43,5,131433.33,2,yes,yes,3497.43,yes,no,35-44,3-5,no,Very Good
15652999,742,Germany,Male,33,1,137937.95,1,yes,yes,51387.1,no,no,25-34,1-2,no,Very Good
15691950,591,France,Male,49,3,0.0,2,yes,no,50123.44,no,yes,45-54,3-5,no,Fair
15632446,667,France,Male,24,4,0.0,2,no,no,180329.83,no,yes,<25,3-5,no,Fair
15620936,787,France,Male,32,4,0.0,2,yes,yes,13238.93,no,yes,25-34,3-5,no,Very Good
15587640,718,France,Female,43,0,93143.39,1,yes,no,167554.86,no,no,35-44,0,yes,Good
15782231,521,France,Male,38,6,0.0,2,yes,no,51454.06,no,yes,35-44,6-10,no,Poor
15580462,607,Spain,Male,40,1,112544.45,1,yes,yes,19842.22,no,no,35-44,1-2,no,Fair
15736371,633,France,Female,34,3,123034.43,2,yes,yes,38315.04,no,no,25-34,3-5,no,Fair
15648032,588,Spain,Male,37,2,0.0,2,no,yes,187816.59,no,yes,35-44,1-2,no,Fair
15610454,724,Germany,Female,33,9,119278.44,1,yes,yes,197148.24,no,no,25-34,6-10,no,Good
15671358,720,France,Male,44,4,0.0,2,yes,no,163471.01,no,yes,35-44,3-5,no,Good
15747130,521,France,Male,39,7,0.0,2,no,yes,653.58,no,yes,35-44,6-10,no,Poor
15578374,620,Spain,Male,36,7,169312.72,1,yes,no,45414.09,no,no,35-44,6-10,yes,Fair
15572182,505,Germany,Female,33,3,106506.77,3,yes,no,45445.78,yes,no,25-34,3-5,no,Poor
15770041,728,Spain,Female,43,8,128412.61,1,no,yes,139024.31,no,no,35-44,6-10,no,Good
15669414,486,Germany,Male,62,9,118356.89,2,yes,no,168034.83,yes,no,55-64,6-10,no,Poor
15777054,584,Germany,Male,42,3,137479.13,1,yes,no,25669.1,no,no,35-44,3-5,yes,Fair
15621021,687,Spain,Female,40,1,0.0,2,yes,no,8207.36,no,yes,35-44,1-2,no,Good
15785490,771,France,Male,50,3,105229.72,1,yes,yes,16281.68,yes,no,45-54,3-5,no,Very Good
15577695,678,France,Male,41,2,148088.11,1,yes,no,14083.12,no,no,35-44,1-2,yes,Good
15686974,751,France,Female,48,4,0.0,1,no,yes,30165.06,yes,yes,45-54,3-5,no,Very Good
15574584,670,France,Male,33,8,126679.69,1,yes,yes,39451.09,no,no,25-34,6-10,no,Fair
15719541,675,Spain,Male,31,2,90826.27,2,yes,no,60270.87,no,no,25-34,1-2,no,Good
15646310,684,Spain,Male,24,8,143582.89,1,yes,yes,22527.27,no,no,<25,6-10,no,Good
15697606,637,France,Female,21,10,125712.2,1,no,no,175072.47,no,no,<25,6-10,yes,Fair
15711489,760,Spain,Female,32,2,0.0,1,yes,yes,114565.35,no,yes,25-34,1-2,no,Very Good
15670427,662,Spain,Male,37,4,155187.3,1,yes,no,48930.8,no,no,35-44,3-5,yes,Fair
15731755,680,France,Male,49,10,0.0,2,yes,no,187008.45,no,yes,45-54,6-10,no,Good
15796370,604,Spain,Male,40,5,155455.43,1,no,yes,113581.85,no,no,35-44,3-5,no,Fair
15598331,764,France,Female,40,9,100480.53,1,yes,no,124095.69,no,no,35-44,6-10,yes,Very Good
15704795,521,France,Female,77,6,0.0,2,yes,yes,49054.1,no,yes,65+,6-10,no,Poor
15796764,684,Germany,Female,56,3,127585.98,3,yes,yes,80593.49,yes,no,55-64,3-5,no,Good
15589420,795,France,Female,40,2,101891.1,1,yes,yes,183044.86,no,no,35-44,1-2,no,Very Good
15810563,678,Spain,Female,61,8,0.0,2,yes,yes,159938.82,no,yes,55-64,6-10,no,Good
15746569,589,France,Male,38,4,0.0,1,yes,no,95483.48,yes,yes,35-44,3-5,yes,Fair
15811594,660,Spain,Female,28,3,128929.88,1,yes,yes,198069.71,no,no,25-34,3-5,no,Fair
15645896,646,Germany,Male,39,6,121681.91,2,no,yes,61793.47,no,no,35-44,6-10,no,Fair
15802909,706,Germany,Female,56,3,139603.22,1,yes,yes,86383.61,no,no,55-64,3-5,no,Good
15797665,730,France,Female,27,7,0.0,2,yes,no,144099.48,no,yes,25-34,6-10,no,Good
15778959,606,France,Female,36,10,0.0,2,no,yes,155641.46,no,yes,35-44,6-10,no,Fair
15722532,690,Spain,Female,36,10,91760.11,1,yes,yes,135784.94,no,no,35-44,6-10,no,Good
15784124,645,Germany,Male,41,2,93925.3,1,yes,no,123982.14,yes,no,35-44,1-2,yes,Fair
15776518,579,France,Female,38,4,175739.36,1,yes,yes,193130.55,no,no,35-44,3-5,no,Poor
15611247,481,France,Female,28,10,0.0,2,yes,no,145215.96,no,yes,25-34,6-10,no,Poor
15721469,492,Germany,Male,45,9,170295.04,2,no,no,164741.81,no,no,35-44,6-10,no,Poor
15773338,739,France,Male,58,2,101579.28,1,yes,yes,72168.53,no,no,55-64,1-2,no,Good
15784042,624,France,Male,55,7,118793.6,1,yes,yes,95022.02,yes,no,45-54,6-10,no,Fair
15776229,682,France,Male,44,3,115282.3,1,no,no,23766.4,no,no,35-44,3-5,yes,Good
15655903,701,Spain,Female,34,6,107980.37,1,yes,yes,119374.74,no,no,25-34,6-10,no,Good
15590177,718,France,Female,44,1,133866.22,1,no,yes,139049.24,no,no,35-44,1-2,no,Good
15568876,496,France,Female,34,1,102723.35,2,yes,no,180844.81,no,no,25-34,1-2,no,Poor
15813140,543,Spain,Male,41,5,0.0,2,no,yes,143980.29,no,yes,35-44,3-5,no,Poor
15770516,616,Spain,Female,44,7,193213.02,2,yes,yes,137392.77,no,no,35-44,6-10,no,Fair
15755731,635,Germany,Male,53,8,117005.55,1,no,yes,123646.57,yes,no,45-54,6-10,no,Fair
15574480,652,Spain,Male,31,1,132862.59,1,no,no,158054.49,no,no,25-34,1-2,yes,Fair
15798084,688,France,Male,26,0,0.0,2,yes,no,105784.85,no,yes,25-34,0,no,Good
15673020,678,France,Female,49,3,204510.94,1,no,yes,738.88,yes,no,45-54,3-5,no,Good
15643575,757,Germany,Male,36,1,65349.71,1,no,no,64539.64,no,no,35-44,1-2,yes,Very Good
15596811,667,France,Male,36,8,139753.35,1,yes,no,79871.16,no,no,35-44,6-10,yes,Fair
15786789,725,France,Female,29,6,0.0,2,yes,yes,190776.83,no,yes,25-34,6-10,no,Good
15578865,632,Germany,Female,50,5,107959.39,1,yes,yes,6985.34,yes,no,45-54,3-5,no,Fair
15605672,694,France,Female,38,5,195926.39,1,yes,yes,85522.84,no,no,35-44,3-5,no,Good
15603674,803,France,Male,36,1,0.0,2,yes,yes,149370.93,no,yes,35-44,1-2,no,Excellent
15759915,814,France,Female,31,6,87772.52,1,yes,no,188516.45,no,no,25-34,6-10,yes,Excellent
15686219,611,France,Male,38,4,71018.6,2,yes,no,2444.29,no,no,35-44,3-5,no,Fair
15696388,755,Germany,Male,38,4,111096.91,1,yes,yes,19762.88,no,no,35-44,3-5,no,Very Good
15713604,425,Germany,Male,40,9,166776.6,2,no,yes,172646.88,no,no,35-44,6-10,no,Poor
15647800,850,France,Female,34,6,101266.51,1,yes,no,33501.98,no,no,25-34,6-10,yes,Excellent
15813451,677,Spain,Male,18,8,134796.87,2,yes,yes,114858.9,no,no,<25,6-10,no,Good
15765375,797,France,Female,46,8,0.0,1,no,no,162668.33,no,yes,45-54,6-10,yes,Very Good
15774586,692,Germany,Female,43,10,118588.83,1,yes,yes,161241.65,yes,no,35-44,6-10,no,Good
15603454,735,Germany,Male,28,5,160454.15,2,no,yes,114957.22,no,no,25-34,3-5,no,Good
15653037,609,France,Male,77,1,0.0,1,no,yes,18708.76,no,yes,65+,1-2,no,Fair
15782475,700,France,Female,42,8,0.0,2,yes,yes,105305.72,no,yes,35-44,6-10,no,Good
15593496,526,Spain,Female,36,5,91132.18,1,no,no,58111.71,no,no,35-44,3-5,yes,Poor
15808971,693,Spain,Female,57,9,0.0,2,yes,yes,135502.77,no,yes,55-64,6-10,no,Good
15791972,748,France,Female,20,7,0.0,2,no,no,10792.42,no,yes,<25,6-10,no,Very Good
15676869,657,Spain,Male,36,8,0.0,2,no,yes,123866.43,no,yes,35-44,6-10,no,Fair
15683007,739,Germany,Female,25,5,113113.12,1,yes,no,129181.27,no,no,<25,3-5,yes,Good
15659495,784,Spain,Male,23,2,0.0,1,yes,yes,6847.73,no,yes,<25,1-2,no,Very Good
15703923,744,Germany,Male,41,7,190409.34,2,yes,yes,138361.48,no,no,35-44,6-10,no,Very Good
15674000,645,France,Male,44,10,0.0,2,no,yes,166707.22,no,yes,35-44,6-10,no,Fair
15618171,669,France,Female,33,9,0.0,2,no,yes,107221.03,no,yes,25-34,6-10,no,Fair
15732202,615,France,Male,34,1,83503.11,2,yes,yes,73124.53,yes,no,25-34,1-2,no,Fair
15735078,724,Germany,Female,53,1,139687.66,2,yes,yes,12913.92,no,no,45-54,1-2,no,Good
15798615,850,France,Female,47,9,137301.87,1,yes,no,44351.77,no,no,45-54,6-10,yes,Excellent
15638494,625,Germany,Female,39,10,129845.26,1,yes,yes,96444.88,no,no,35-44,6-10,no,Fair
15763874,635,Spain,Male,46,8,0.0,2,yes,yes,60739.16,no,yes,45-54,6-10,no,Fair
15696355,724,Germany,Male,37,6,125489.4,1,yes,no,118570.53,no,no,35-44,6-10,yes,Good
15655952,550,France,Male,47,2,0.0,2,yes,yes,97057.28,no,yes,45-54,1-2,no,Poor
15739850,645,France,Male,45,6,155417.61,1,no,yes,3449.22,no,no,35-44,6-10,no,Fair
15611338,714,Spain,Male,29,4,0.0,2,yes,yes,37605.9,no,yes,25-34,3-5,no,Good
15707861,520,France,Female,46,10,85216.61,1,yes,no,117369.52,yes,no,45-54,6-10,yes,Poor
15672237,633,France,Male,25,1,0.0,1,yes,no,100598.98,no,yes,<25,1-2,yes,Fair
15657771,537,France,Male,37,6,0.0,1,yes,yes,17802.42,no,yes,35-44,6-10,no,Poor
15677783,764,Spain,Male,38,4,113607.47,1,yes,no,91094.46,no,no,35-44,3-5,yes,Very Good
15681026,795,Germany,Female,33,9,104552.72,1,yes,yes,120853.83,yes,no,25-34,6-10,no,Very Good
15566543,573,Spain,Male,44,9,0.0,2,yes,no,107124.17,no,yes,35-44,6-10,no,Poor
15594612,702,Spain,Male,44,9,0.0,1,no,no,59207.41,yes,yes,35-44,6-10,yes,Good
15814664,740,Germany,Male,33,2,126524.11,1,yes,no,136869.31,no,no,25-34,1-2,yes,Good
15642785,479,France,Male,34,5,117593.48,2,no,no,113308.29,no,no,25-34,3-5,no,Poor
15690164,627,Germany,Female,33,4,83199.05,1,no,no,159334.93,no,no,25-34,3-5,yes,Fair
15590213,479,Spain,Male,35,4,125920.98,1,yes,yes,20393.44,no,no,25-34,3-5,no,Poor
15603794,623,France,Male,48,5,118469.38,1,yes,yes,158590.25,no,no,45-54,3-5,no,Fair
15733491,512,Germany,Female,40,8,153537.57,2,no,no,23101.13,no,no,35-44,6-10,no,Poor
15806360,609,France,Male,41,6,0.0,1,no,yes,112585.19,no,yes,35-44,6-10,no,Fair
15587133,518,France,Male,42,7,151027.05,2,yes,no,119377.36,no,no,35-44,6-10,no,Poor
15721377,833,France,Female,34,3,144751.81,1,no,no,166472.81,no,no,25-34,3-5,yes,Excellent
15747927,758,France,Male,26,4,155739.76,1,yes,no,171552.02,no,no,25-34,3-5,yes,Very Good
15806455,611,France,Male,27,7,0.0,2,yes,yes,157474.1,no,yes,25-34,6-10,no,Fair
15695474,583,France,Male,33,7,122531.86,1,yes,no,13549.24,no,no,25-34,6-10,yes,Fair
15666295,610,Germany,Male,50,1,113957.01,2,yes,no,196526.55,yes,no,45-54,1-2,no,Fair
15656062,637,France,Female,33,7,103377.81,1,yes,no,84419.78,no,no,25-34,6-10,yes,Fair
15579969,683,France,Female,32,9,0.0,2,yes,yes,24991.92,no,yes,25-34,6-10,no,Good
15703563,774,France,Male,40,9,93017.47,2,yes,no,191608.97,no,no,35-44,6-10,no,Very Good
15692664,677,France,Female,58,1,90022.85,1,no,yes,2988.28,no,no,55-64,1-2,no,Good
15719276,741,Spain,Male,35,6,74371.49,1,no,no,99595.67,no,no,25-34,6-10,yes,Very Good
15672754,498,Germany,Male,42,3,152039.7,1,yes,yes,53445.17,yes,no,35-44,3-5,no,Poor
15768163,655,Germany,Female,46,7,137145.12,1,yes,no,115146.4,yes,no,45-54,6-10,yes,Fair
15656710,613,France,Male,40,4,0.0,1,no,no,151325.24,no,yes,35-44,3-5,yes,Fair
15696175,602,Germany,Male,35,7,90602.42,2,yes,yes,51695.41,no,no,25-34,6-10,no,Fair
15586914,659,France,Male,36,6,123841.49,2,yes,no,96833.0,no,no,35-44,6-10,no,Fair
15581736,673,Germany,Male,47,1,183579.54,2,no,yes,34047.54,no,no,45-54,1-2,no,Good
15588839,606,Spain,Male,30,8,180307.73,2,yes,yes,1914.41,no,no,25-34,6-10,no,Fair
15589329,775,France,Male,30,4,0.0,2,yes,no,49337.84,no,yes,25-34,3-5,no,Very Good
15605622,841,Spain,Male,28,4,0.0,2,yes,yes,179436.6,no,yes,25-34,3-5,no,Excellent
15798964,714,Germany,Male,33,3,35016.6,1,yes,no,53667.08,no,no,25-34,3-5,yes,Good
15769959,597,France,Female,53,4,88381.21,1,yes,no,69384.71,yes,no,45-54,3-5,yes,Fair
15657105,726,Spain,Male,36,2,0.0,1,yes,no,195192.4,no,yes,35-44,1-2,yes,Good
15569266,644,France,Male,28,7,155060.41,1,yes,no,29179.52,no,no,25-34,6-10,yes,Fair
15719294,800,France,Female,29,2,0.0,2,no,no,167773.55,no,yes,25-34,1-2,no,Very Good
15606229,771,France,Male,39,5,0.0,2,yes,no,96270.64,no,yes,35-44,3-5,no,Very Good
15569892,516,France,Male,35,10,57369.61,1,yes,yes,101699.77,no,no,25-34,6-10,no,Poor
15584532,709,France,Female,36,7,0.0,1,no,yes,42085.58,yes,yes,35-44,6-10,no,Good
15682355,772,Germany,Male,42,3,75075.31,2,yes,no,92888.52,yes,no,35-44,3-5,no,Very Good
15628319,792,France,Female,28,4,130142.79,1,yes,no,38190.78,no,no,25-34,3-5,yes,Very Good
